sample,country,ampseq_process,core_mutation_dhfr_51,core_mutation_dhfr_59,core_mutation_dhfr_108,core_mutation_dhfr_164,core_mutation_crt_72,core_mutation_crt_74,core_mutation_crt_75,core_mutation_crt_76,core_mutation_crt_326,core_mutation_crt_356,core_mutation_dhps_436,core_mutation_dhps_437,core_mutation_dhps_540,core_mutation_dhps_581,core_mutation_dhps_613,core_mutation_mdr1_86,core_mutation_mdr1_184,core_mutation_mdr1_1246,core_mutation_mdr2_484,core_mutation_fd_193,core_mutation_arps10_127,core_mutation_kelch13,INSDC_Pf8,INSDC_GenRe_GRC1,INSDC_GenRe_GRC2,INSDC_GenRe_SPEC
RCN12025,VN,AmpSeqV1,I,R,N,L,C,I,E,T,S,T,S,G,N,G,A,N,F,D,I,Y,M,C580Y,ERR15625306,ERR14388603,ERR14388604,ERR14388605
RCN12026,VN,AmpSeqV1,I,R,N,L,C,I,E,T,S,T,S,G,N,G,A,N,F,D,I,Y,M,C580Y,ERR15625307,ERR14388606,ERR14388607,ERR14388608
RCN12028,VN,AmpSeqV1,I,R,N,L,C,I,E,T,S,T,S,G,N,G,A,N,F,D,I,Y,M,C580Y,ERR15625309,ERR14388612,ERR14388613,ERR14388614
RCN12031,VN,AmpSeqV1,I,R,N,L,C,I,E,T,S,T,S,G,N,G,A,N,F,D,I,Y,M,C580Y,ERR15625310,ERR14388621,ERR14388622,ERR14388623
RCN12032,VN,AmpSeqV1,I,R,N,I,C,I,E,T,S,T,A,G,E,A,A,N,Y,D,I,Y,M,C580Y,ERR15625311,ERR14388624,ERR14388625,ERR14388626
RCN12033,VN,AmpSeqV1,I,R,N,I,C,I,E,T,S,T,S,G,N,G,A,N,F,D,T,Y,M,C580Y,ERR15625312,ERR14388627,ERR14388628,ERR14388629
RCN12035,VN,AmpSeqV1,I,R,N,L,C,I,E,T,S,T,S,G,N,G,A,N,F,D,I,Y,M,C580Y,ERR15625314,ERR14388633,ERR14388634,ERR14388635
RCN12036,VN,AmpSeqV1,I,R,N,L,C,I,E,T,S,T,S,G,N,G,A,N,F,D,I,Y,M,C580Y,ERR15625315,ERR14388636,ERR14388637,ERR14388638
RCN12040,VN,AmpSeqV1,I,R,N,L,C,I,E,T,S,T,S,G,N,G,A,N,F,D,I,Y,M,C580Y,ERR15625316,ERR14388648,ERR14388649,ERR14388650
RCN12041,VN,AmpSeqV1,I,R,N,L,C,I,E,T,S,T,S,G,N,G,A,N,F,D,I,Y,M,C580Y,ERR15625317,ERR14388651,ERR14388652,ERR14388653
RCN12043,VN,AmpSeqV1,I,R,N,I,C,I,E,T,S,T,S,G,N,G,A,N,F,D,T,Y,M,C580Y,ERR15625319,ERR14388657,ERR14388658,ERR14388659
RCN12044,VN,AmpSeqV1,I,R,N,I,C,I,E,T,S,T,S,G,N,G,A,N,F,D,T,Y,M,C580Y,ERR15625320,ERR14388660,ERR14388661,ERR14388662
RCN12051,VN,AmpSeqV1,I,R,N,I,C,I,E,T,S,T,S,G,Y,A,A,N,Y,D,I,D,M,WT,ERR15625325,ERR14388678,ERR14388679,ERR14388680
RCN12058,VN,AmpSeqV1,I,R,N,L,C,I,E,T,S,T,S,G,N,G,A,N,F,D,I,Y,M,C580Y,ERR15625330,ERR14388696,ERR14388697,ERR14388698
RCN12059,VN,AmpSeqV1,I,R,N,L,C,I,E,T,S,T,S,G,N,G,A,N,F,D,I,Y,M,C580Y,ERR15625331,ERR14388699,ERR14388700,ERR14388701
RCN12060,VN,AmpSeqV1,N,R,N,I,C,I,D,T,N,I,S,G,K,A,A,N,Y,D,T,D,V,WT,ERR15625332,ERR14388702,ERR14388703,ERR14388704
RCN12070,VN,AmpSeqV1,I,R,N,I,C,I,E,T,S,T,S,G,E,A,A,N,Y,D,I,D,V,WT,ERR15625339,ERR14388726,ERR14388727,ERR14388728
RCN12071,VN,AmpSeqV1,I,R,N,L,C,I,E,T,S,T,S,G,N,G,A,N,F,D,I,Y,M,C580Y,ERR15625340,ERR14388729,ERR14388730,ERR14388731
RCN12072,VN,AmpSeqV1,I,R,N,L,C,I,E,T,S,T,S,G,N,G,A,N,F,D,I,Y,M,C580Y,ERR15625341,ERR14388732,ERR14388733,ERR14388734
RCN12075,VN,AmpSeqV1,I,R,N,I,C,I,E,T,S,T,A,G,K,A,A,N,F,D,I,Y,M,WT,ERR15625344,ERR14388741,ERR14388742,ERR14388743
RCN12076,VN,AmpSeqV1,N,R,N,I,C,I,D,T,N,I,S,G,K,A,A,N,Y,D,T,D,V,WT,ERR15625345,ERR14388744,ERR14388745,ERR14388746
RCN12080,VN,AmpSeqV1,I,R,N,I,C,I,E,T,S,T,A,G,K,A,A,N,F,D,I,Y,M,WT,ERR15625348,ERR14388756,ERR14388757,ERR14388758
RCN12082,VN,AmpSeqV1,N,R,N,I,C,I,D,T,N,I,S,G,K,A,A,N,Y,D,T,D,V,WT,ERR15625350,ERR14388762,ERR14388763,ERR14388764
RCN12083,VN,AmpSeqV1,I,R,N,L,C,I,E,T,S,T,S,G,N,G,A,N,F,D,I,Y,M,C580Y,ERR15625351,ERR14388765,ERR14388766,ERR14388767
RCN12084,VN,AmpSeqV1,I,R,N,L,C,I,E,T,S,T,S,G,N,G,A,N,F,D,I,Y,M,C580Y,ERR15625352,ERR14388768,ERR14388769,ERR14388770
RCN12100,VN,AmpSeqV1,I,R,N,L,C,I,E,T,S,T,S,G,N,G,A,N,F,D,I,Y,M,C580Y,ERR15625357,ERR14388807,ERR14388808,ERR14388809
RCN12103,VN,AmpSeqV1,I,R,N,L,C,I,E,T,S,T,S,G,N,G,A,N,F,D,I,Y,M,C580Y,ERR15625358,ERR14388816,ERR14388817,ERR14388818
RCN12111,VN,AmpSeqV1,I,R,N,L,C,I,E,T,S,T,S,G,N,G,A,N,F,D,I,Y,M,C580Y,ERR15625361,ERR14388834,ERR14388835,ERR14388836
RCN12112,VN,AmpSeqV1,I,R,N,L,C,I,E,T,S,T,S,G,N,G,A,N,F,D,I,Y,M,C580Y,ERR15625362,ERR14388837,ERR14388838,ERR14388839
RCN12115,VN,AmpSeqV1,I,R,N,L,C,I,E,T,S,T,S,G,N,G,A,N,F,D,I,Y,M,C580Y,ERR15625364,ERR14388843,ERR14388844,ERR14388845
RCN12116,VN,AmpSeqV1,I,R,N,L,C,I,E,T,S,T,S,G,N,G,A,N,F,D,I,Y,M,C580Y,ERR15625365,ERR14388846,ERR14388847,ERR14388848
RCN12676,VN,AmpSeqV2,I,R,N,L,C,I,E,T,S,T,S,G,N,G,A,N,F,D,I,Y,M,C580Y,ERR15625537,ERR14389308,ERR14389309,ERR14389310
RCN12688,VN,AmpSeqV2,I,R,N,I,C,I,D,T,N,I,S,G,E,A,A,N,Y,D,I,D,M,WT,ERR15625541,ERR14389341,ERR14389342,ERR14389343
RCN12689,VN,AmpSeqV2,I,R,N,I,C,I,D,T,N,I,S,G,E,A,A,N,Y,D,I,D,M,WT,ERR15625542,ERR14389344,ERR14389345,ERR14389346
RCN12693,VN,AmpSeqV2,I,R,N,I,C,I,D,T,N,I,S,G,E,A,A,N,Y,D,I,D,M,WT,ERR15625543,ERR14389356,ERR14389357,ERR14389358
RCN12694,VN,AmpSeqV2,I,R,N,I,C,I,D,T,N,I,S,G,E,A,A,N,Y,D,I,D,M,WT,ERR15625544,ERR14389359,ERR14389360,ERR14389361
RCN12696,VN,AmpSeqV2,I,R,N,I,C,I,D,T,N,I,S,G,E,A,A,N,Y,D,I,D,M,WT,ERR15625545,ERR14389365,ERR14389366,ERR14389367
RCN12698,VN,AmpSeqV2,I,R,N,I,C,I,D,T,N,I,S,G,E,A,A,N,Y,D,I,D,M,WT,ERR15625546,ERR14389371,ERR14389372,ERR14389373
RCN12700,VN,AmpSeqV2,I,R,N,I,C,I,D,T,N,I,S,G,E,A,A,N,Y,D,I,D,M,WT,ERR15625547,ERR14389377,ERR14389378,ERR14389379
RCN12704,VN,AmpSeqV2,I,R,N,I,C,I,D,T,N,I,S,G,E,A,A,N,Y,D,I,D,M,WT,ERR15625548,ERR14389389,ERR14389390,ERR14389391
RCN12710,VN,AmpSeqV2,I,R,N,I,C,I,E,T,S,T,A,G,K,A,A,N,Y,D,I,D,M,C580Y,ERR15625550,ERR14389407,ERR14389408,ERR14389409
RCN12712,VN,AmpSeqV2,I,R,N,L,C,I,E,T,S,T,S,G,N,G,A,N,F,D,I,Y,M,C580Y,ERR15625551,ERR14389413,ERR14389414,ERR14389415
RCN12716,VN,AmpSeqV2,I,R,N,I,C,I,E,T,S,T,S,G,N,G,A,N,F,D,T,Y,M,C580Y,ERR15625553,ERR14389425,ERR14389426,ERR14389427
RCN12720,VN,AmpSeqV2,I,R,N,L,C,I,E,T,S,T,S,G,N,G,A,N,F,D,I,Y,M,C580Y,ERR15625555,ERR14389434,ERR14389435,ERR14389436
RCN12722,VN,AmpSeqV2,I,R,N,L,C,I,E,T,S,T,S,G,N,G,A,N,F,D,I,Y,M,C580Y,ERR15625556,ERR14389440,ERR14389441,ERR14389442
RCN12725,VN,AmpSeqV2,I,R,N,I,C,I,E,T,S,T,S,G,N,G,A,N,F,D,T,Y,M,C580Y,ERR15625558,ERR14389449,ERR14389450,ERR14389451
RCN12726,VN,AmpSeqV2,I,R,N,L,C,I,E,T,S,T,S,G,N,G,A,N,F,D,I,Y,M,C580Y,ERR15625559,ERR14389452,ERR14389453,ERR14389454
RCN12732,VN,AmpSeqV2,I,R,N,L,C,I,E,T,S,T,S,G,N,G,A,N,F,D,I,Y,M,C580Y,ERR15625561,ERR14389470,ERR14389471,ERR14389472
RCN12733,VN,AmpSeqV2,I,R,N,L,C,I,E,T,S,T,S,G,N,G,A,N,F,D,I,Y,M,C580Y,ERR15625562,ERR14389473,ERR14389474,ERR14389475
RCN12734,VN,AmpSeqV2,I,R,N,L,C,I,E,T,S,T,S,G,N,G,A,N,F,D,I,Y,M,C580Y,ERR15625563,ERR14389476,ERR14389477,ERR14389478
RCN12736,VN,AmpSeqV2,I,R,N,L,C,I,E,T,S,T,S,G,N,G,A,N,F,D,I,Y,M,C580Y,ERR15625564,ERR14389482,ERR14389483,ERR14389484
RCN12737,VN,AmpSeqV2,I,R,N,L,C,I,E,T,S,T,S,G,N,G,A,N,F,D,I,Y,M,C580Y,ERR15625565,ERR14389485,ERR14389486,ERR14389487
RCN12738,VN,AmpSeqV2,I,R,N,L,C,I,E,T,S,T,S,G,N,G,A,N,F,D,I,Y,M,C580Y,ERR15625566,ERR14389488,ERR14389489,ERR14389490
RCN12740,VN,AmpSeqV2,I,R,N,L,C,I,E,T,S,T,S,G,N,G,A,N,F,D,I,Y,M,C580Y,ERR15625567,ERR14389494,ERR14389495,ERR14389496
RCN12741,VN,AmpSeqV2,I,R,N,L,C,I,E,T,S,T,S,G,N,G,A,N,F,D,I,Y,M,C580Y,ERR15625568,ERR14389497,ERR14389498,ERR14389499
RCN12742,VN,AmpSeqV2,I,R,N,L,C,I,E,T,S,T,S,G,N,G,A,N,F,D,I,Y,M,C580Y,ERR15625569,ERR14389500,ERR14389501,ERR14389502
RCN12744,VN,AmpSeqV2,I,R,N,L,C,I,E,T,S,T,S,G,N,G,A,N,F,D,I,Y,M,C580Y,ERR15625570,ERR14389506,ERR14389507,ERR14389508
RCN12745,VN,AmpSeqV2,I,R,N,L,C,I,E,T,S,T,S,G,N,G,A,N,F,D,I,Y,M,C580Y,ERR15625571,ERR14389509,ERR14389510,ERR14389511
RCN12746,VN,AmpSeqV2,I,R,N,L,C,I,E,T,S,T,S,G,N,G,A,N,F,D,I,Y,M,C580Y,ERR15625572,ERR14389512,ERR14389513,ERR14389514
RCN12749,VN,AmpSeqV2,I,R,N,L,C,I,E,T,S,T,S,G,N,G,A,N,F,D,I,Y,M,C580Y,ERR15625574,ERR14389515,ERR14389516,ERR14389517
RCN12750,VN,AmpSeqV2,I,R,N,I,C,I,D,T,N,I,S,G,E,A,A,N,Y,D,I,D,M,WT,ERR15625575,ERR14389518,ERR14389519,ERR14389520
RCN12751,VN,AmpSeqV2,I,R,N,I,C,I,D,T,N,I,S,G,E,A,A,N,Y,D,I,D,M,WT,ERR15625576,ERR14389521,ERR14389522,ERR14389523
RCN12752,VN,AmpSeqV2,I,R,N,I,C,I,D,T,N,I,S,G,E,A,A,N,Y,D,I,D,M,WT,ERR15625577,ERR14389524,ERR14389525,ERR14389526
RCN13267,LA,AmpSeqV1,N,R,N,L,C,I,E,T,N,I,S,A,K,A,A,N,Y,D,T,D,V,WT,ERR15625813,ERR14389896,ERR14389897,ERR14389898
RCN13271,LA,AmpSeqV1,N,R,N,I,C,I,E,T,N,I,S,A,K,A,A,N,Y,D,I,D,V,WT,ERR15625817,ERR14389908,ERR14389909,ERR14389910
RCN13273,LA,AmpSeqV1,N,R,N,I,C,I,E,T,N,I,S,A,K,A,A,N,Y,D,I,D,V,WT,ERR15625819,ERR14389914,ERR14389915,ERR14389916
RCN13274,LA,AmpSeqV1,N,R,N,I,C,I,D,T,N,I,S,A,K,A,A,N,Y,D,I,D,V,WT,ERR15625820,ERR14389917,ERR14389918,ERR14389919
RCN13275,LA,AmpSeqV1,N,R,N,I,C,I,E,T,N,I,S,A,K,A,A,N,Y,D,I,D,V,WT,ERR15625821,ERR14389920,ERR14389921,ERR14389922
RCN13278,LA,AmpSeqV1,N,R,N,I,C,I,E,T,N,I,S,A,K,A,A,N,Y,D,I,D,V,WT,ERR15625824,ERR14389929,ERR14389930,ERR14389931
RCN13279,LA,AmpSeqV1,N,R,N,I,C,I,D,T,N,I,S,A,K,A,A,N,Y,D,I,D,V,WT,ERR15625825,ERR14389932,ERR14389933,ERR14389934
RCN13280,LA,AmpSeqV1,N,R,N,I,C,I,E,T,N,I,S,A,K,A,A,N,Y,D,I,D,V,WT,ERR15625826,ERR14389935,ERR14389936,ERR14389937
RCN13281,LA,AmpSeqV1,N,R,N,I,C,I,E,T,N,I,S,A,K,A,A,N,Y,D,I,D,V,WT,ERR15625827,ERR14389938,ERR14389939,ERR14389940
RCN13285,LA,AmpSeqV1,N,R,N,L,C,I,E,T,N,I,S,A,K,A,A,N,Y,D,T,D,V,WT,ERR15625831,ERR14389950,ERR14389951,ERR14389952
RCN13286,LA,AmpSeqV1,N,R,N,I,C,I,E,T,N,I,S,A,K,A,A,N,Y,D,I,D,V,WT,ERR15625832,ERR14389953,ERR14389954,ERR14389955
RCN13288,LA,AmpSeqV1,N,R,N,I,C,I,E,T,N,I,S,A,K,A,A,N,Y,D,I,D,V,WT,ERR15625834,ERR14389959,ERR14389960,ERR14389961
RCN13303,LA,AmpSeqV1,N,R,N,I,C,I,D,T,N,I,S,A,K,A,A,N,Y,D,I,D,V,WT,ERR15625849,ERR14390004,ERR14390005,ERR14390006
RCN13306,LA,AmpSeqV1,N,R,N,I,C,I,D,T,N,I,S,A,K,A,A,N,Y,D,I,D,V,WT,ERR15625852,ERR14390013,ERR14390014,ERR14390015
RCN13310,LA,AmpSeqV1,N,R,N,I,C,I,D,T,N,I,S,A,K,A,A,N,Y,D,I,D,V,WT,ERR15625856,ERR14390025,ERR14390026,ERR14390027
RCN13312,LA,AmpSeqV1,N,C,S,I,C,I,E,T,N,I,S,G,Y,A,A,N,Y,D,T,D,V,WT,ERR15625858,ERR14390031,ERR14390032,ERR14390033
RCN13313,LA,AmpSeqV1,I,R,N,I,C,I,E,T,N,I,S,A,K,A,A,N,Y,D,T,D,V,WT,ERR15625859,ERR14390034,ERR14390035,ERR14390036
RCN13338,LA,AmpSeqV1,I,R,N,I,C,I,E,T,N,I,S,A,K,A,A,N,Y,D,T,D,V,WT,ERR15625878,ERR14390094,ERR14390095,ERR14390096
RCN13339,LA,AmpSeqV1,I,R,N,I,C,I,E,T,N,I,S,A,K,A,A,N,Y,D,T,D,V,WT,ERR15625879,ERR14390097,ERR14390098,ERR14390099
RCN13342,LA,AmpSeqV1,N,R,N,I,C,M,N,K,N,I,S,A,K,A,A,N,Y,D,T,D,V,WT,ERR15625882,ERR14390106,ERR14390107,ERR14390108
RCN13344,LA,AmpSeqV1,N,C,S,I,C,I,E,T,N,I,S,G,K,A,A,N,Y,D,T,D,V,WT,ERR15625884,ERR14390112,ERR14390113,ERR14390114
RCN13346,LA,AmpSeqV1,N,R,N,I,C,I,E,T,N,I,S,A,K,A,A,N,Y,D,T,D,V,WT,ERR15625886,ERR14390118,ERR14390119,ERR14390120
RCN13348,LA,AmpSeqV1,I,R,N,I,C,I,E,T,N,I,S,A,K,A,A,N,Y,D,T,D,V,WT,ERR15625888,ERR14390124,ERR14390125,ERR14390126
RCN13350,LA,AmpSeqV1,N,R,N,I,C,I,E,T,N,I,S,A,K,A,A,N,Y,D,T,D,V,WT,ERR15625890,ERR14390130,ERR14390131,ERR14390132
RCN13351,LA,AmpSeqV1,I,R,N,I,C,I,D,T,N,I,S,A,K,A,A,N,Y,D,T,D,V,WT,ERR15625891,ERR14390133,ERR14390134,ERR14390135
RCN13353,LA,AmpSeqV1,I,R,N,I,C,I,D,T,N,I,S,A,K,A,A,N,Y,D,T,D,V,WT,ERR15625893,ERR14390139,ERR14390140,ERR14390141
RCN13356,LA,AmpSeqV1,N,R,N,I,C,I,D,T,N,I,S,A,K,A,A,N,Y,D,I,D,V,WT,ERR15625896,ERR14390148,ERR14390149,ERR14390150
RCN13364,LA,AmpSeqV1,I,R,N,L,C,I,D,T,N,I,S,G,K,A,A,N,Y,D,I,Y,V,WT,ERR15625905,ERR14390172,ERR14390173,ERR14390174
RCN13374,LA,AmpSeqV1,I,R,N,I,C,I,E,T,S,T,S,G,E,G,A,N,Y,D,I,Y,M,C580Y,ERR15625914,ERR14390199,ERR14390200,ERR14390201
RCN13382,LA,AmpSeqV1,I,R,N,I,C,I,E,T,S,T,S,G,E,G,A,N,Y,D,I,Y,M,C580Y,ERR15625922,ERR14390223,ERR14390224,ERR14390225
RCN13383,LA,AmpSeqV1,N,R,N,I,C,I,E,T,N,I,S,G,K,A,A,N,Y,D,T,D,V,WT,ERR15625923,ERR14390226,ERR14390227,ERR14390228
RCN13385,LA,AmpSeqV1,N,R,N,I,C,I,E,T,N,I,S,A,K,A,A,N,Y,D,T,D,V,WT,ERR15625925,ERR14390232,ERR14390233,ERR14390234
RCN13386,LA,AmpSeqV1,I,R,N,I,C,M,N,K,N,I,S,A,K,A,A,N,Y,D,T,D,V,WT,ERR15625926,ERR14390235,ERR14390236,ERR14390237
RCN13388,LA,AmpSeqV1,I,R,N,I,C,I,E,T,S,T,A,G,E,A,A,N,Y,D,I,Y,M,C580Y,ERR15625928,ERR14390241,ERR14390242,ERR14390243
RCN13389,LA,AmpSeqV1,I,R,N,L,C,I,E,T,S,T,S,A,K,A,A,N,Y,D,T,Y,M,WT,ERR15625929,ERR14390244,ERR14390245,ERR14390246
RCN13391,LA,AmpSeqV1,I,R,N,I,C,I,E,T,S,T,A,G,E,A,A,N,Y,D,I,Y,M,C580Y,ERR15625931,ERR14390250,ERR14390251,ERR14390252
RCN13398,LA,AmpSeqV1,N,R,N,I,C,I,D,T,N,I,S,A,K,A,A,N,Y,D,I,D,V,WT,ERR15625937,ERR14390268,ERR14390269,ERR14390270
RCN13414,LA,AmpSeqV1,I,R,N,I,C,I,E,T,S,T,A,G,E,A,A,N,Y,D,I,Y,M,C580Y,ERR15625952,ERR14390316,ERR14390317,ERR14390318
RCN13416,LA,AmpSeqV1,I,R,N,I,C,I,E,T,S,T,A,G,E,A,A,N,Y,D,I,Y,M,C580Y,ERR15625954,ERR14390322,ERR14390323,ERR14390324
RCN13427,LA,AmpSeqV1,I,R,N,I,C,I,E,T,N,I,A,G,E,A,A,N,Y,D,T,D,M,WT,ERR15625963,ERR14390352,ERR14390353,ERR14390354
RCN13446,LA,AmpSeqV1,I,R,N,I,C,I,E,T,N,I,S,A,K,A,A,N,Y,D,T,D,V,WT,ERR15625981,ERR14390406,ERR14390407,ERR14390408
RCN13452,LA,AmpSeqV1,I,R,N,L,C,I,E,T,S,T,S,G,N,G,A,N,F,D,I,Y,M,C580Y,ERR15625986,ERR14390421,ERR14390422,ERR14390423
RCN13455,LA,AmpSeqV1,I,R,N,I,C,I,E,T,N,I,A,G,E,A,A,N,Y,D,I,D,V,WT,ERR15625988,ERR14390427,ERR14390428,ERR14390429
RCN13462,LA,AmpSeqV1,I,R,N,L,C,I,E,T,S,T,S,G,N,G,A,N,F,D,I,Y,M,C580Y,ERR15625994,ERR14390445,ERR14390446,ERR14390447
RCN13466,LA,AmpSeqV1,I,R,N,L,C,I,E,T,S,T,A,G,E,A,A,N,F,D,I,D,M,WT,ERR15625998,ERR14390454,ERR14390455,ERR14390456
RCN13468,LA,AmpSeqV1,I,R,N,L,C,I,E,T,S,T,S,G,K,A,A,N,Y,D,T,Y,M,WT,ERR15626000,ERR14390460,ERR14390461,ERR14390462
RCN13474,LA,AmpSeqV1,I,R,N,L,C,I,E,T,S,T,S,G,N,G,A,N,F,D,I,Y,M,C580Y,ERR15626006,ERR14390478,ERR14390479,ERR14390480
RCN13475,LA,AmpSeqV1,I,R,N,L,C,I,E,T,S,T,S,G,N,G,A,N,F,D,I,Y,M,C580Y,ERR15626007,ERR14390481,ERR14390482,ERR14390483
RCN13476,LA,AmpSeqV1,I,R,N,L,C,I,E,T,S,T,S,G,N,G,A,N,F,D,I,Y,M,C580Y,ERR15626008,ERR14390484,ERR14390485,ERR14390486
RCN13479,LA,AmpSeqV1,I,R,N,L,C,I,E,T,S,T,S,G,N,G,A,N,F,D,I,Y,M,C580Y,ERR15626011,ERR14390493,ERR14390494,ERR14390495
RCN13480,LA,AmpSeqV1,I,R,N,L,C,I,E,T,S,T,S,G,N,G,A,N,F,D,I,Y,M,C580Y,ERR15626012,ERR14390496,ERR14390497,ERR14390498
RCN13482,LA,AmpSeqV1,I,R,N,L,C,I,E,T,S,T,S,G,N,G,A,N,F,D,I,Y,M,C580Y,ERR15626014,ERR14390502,ERR14390503,ERR14390504
RCN13487,LA,AmpSeqV1,I,R,N,L,C,I,D,T,N,I,S,G,K,G,A,N,Y,D,I,D,M,WT,ERR15626019,ERR14390517,ERR14390518,ERR14390519
RCN13488,LA,AmpSeqV1,I,R,N,L,C,I,E,T,S,T,S,G,N,G,A,N,Y,D,T,D,V,WT,ERR15626020,ERR14390520,ERR14390521,ERR14390522
RCN13495,LA,AmpSeqV1,I,R,N,L,C,I,E,T,S,T,S,G,N,G,A,N,F,D,I,Y,M,C580Y,ERR15626027,ERR14390541,ERR14390542,ERR14390543
RCN13501,LA,AmpSeqV1,I,R,N,I,C,I,E,T,S,T,A,G,E,A,T,N,Y,D,I,D,V,C580Y,ERR15626033,ERR14390559,ERR14390560,ERR14390561
RCN13503,LA,AmpSeqV1,I,R,N,L,C,I,E,T,S,T,S,G,N,G,A,N,F,D,I,Y,M,C580Y,ERR15626035,ERR14390565,ERR14390566,ERR14390567
RCN13505,LA,AmpSeqV1,I,R,N,L,C,I,E,T,S,T,S,G,N,G,A,N,F,D,I,Y,M,C580Y,ERR15626036,ERR14390571,ERR14390572,ERR14390573
RCN13507,LA,AmpSeqV1,I,R,N,L,C,I,E,T,S,T,S,G,N,G,A,N,F,D,I,Y,M,C580Y,ERR15626038,ERR14390577,ERR14390578,ERR14390579
RCN13508,LA,AmpSeqV1,I,R,N,L,C,I,E,T,S,T,S,G,N,G,A,N,F,D,I,Y,M,C580Y,ERR15626039,ERR14390580,ERR14390581,ERR14390582
RCN13512,LA,AmpSeqV1,I,R,N,L,C,I,E,T,S,T,S,G,N,G,A,N,F,D,T,Y,M,C580Y,ERR15626042,ERR14390589,ERR14390590,ERR14390591
RCN13540,LA,AmpSeqV1,I,R,N,L,C,I,E,T,S,T,S,G,N,G,A,N,F,D,I,Y,M,C580Y,ERR15626067,ERR14390667,ERR14390668,ERR14390669
RCN13542,LA,AmpSeqV1,I,R,N,I,C,I,E,T,S,T,S,G,N,G,A,N,F,D,T,Y,M,C580Y,ERR15626069,ERR14390673,ERR14390674,ERR14390675
RCN13545,LA,AmpSeqV1,I,R,N,I,C,I,E,T,S,T,S,G,N,G,A,N,F,D,T,Y,M,C580Y,ERR15626072,ERR14390682,ERR14390683,ERR14390684
RCN13548,LA,AmpSeqV1,I,R,N,I,C,I,E,T,S,T,A,G,E,A,A,N,Y,D,I,Y,M,C580Y,ERR15626075,ERR14390688,ERR14390689,ERR14390690
RCN13549,LA,AmpSeqV1,I,R,N,I,C,I,D,T,N,I,A,G,E,A,A,N,Y,D,I,Y,M,WT,ERR15626076,ERR14390691,ERR14390692,ERR14390693
RCN13554,LA,AmpSeqV1,I,R,N,I,C,I,E,T,S,T,S,G,N,G,A,N,Y,D,I,Y,M,C580Y,ERR15626081,ERR14390703,ERR14390704,ERR14390705
RCN13557,LA,AmpSeqV1,I,R,N,I,C,I,E,T,S,T,S,G,N,G,A,N,F,D,T,Y,M,C580Y,ERR15626084,ERR14390712,ERR14390713,ERR14390714
RCN13558,LA,AmpSeqV1,I,R,N,L,C,I,E,T,S,T,S,G,N,G,A,N,F,D,I,Y,M,C580Y,ERR15626085,ERR14390715,ERR14390716,ERR14390717
RCN13561,LA,AmpSeqV1,I,R,N,I,C,I,E,T,S,T,S,G,N,G,A,N,F,D,T,Y,M,C580Y,ERR15626088,ERR14390724,ERR14390725,ERR14390726
RCN13562,LA,AmpSeqV1,I,R,N,I,C,I,E,T,S,T,S,G,N,G,A,N,F,D,T,Y,M,C580Y,ERR15626089,ERR14390727,ERR14390728,ERR14390729
RCN13564,LA,AmpSeqV1,I,R,N,I,C,I,E,T,S,T,A,G,E,A,A,N,F,D,I,D,M,R539T,ERR15626091,ERR14390733,ERR14390734,ERR14390735
RCN13567,LA,AmpSeqV1,I,R,N,L,C,I,E,T,S,T,S,G,N,G,A,N,F,D,I,Y,M,C580Y,ERR15626094,ERR14390742,ERR14390743,ERR14390744
RCN13568,LA,AmpSeqV1,I,R,N,I,C,I,D,T,N,I,A,G,E,A,"A,T",N,Y,D,I,Y,V,C580Y,ERR15626095,ERR14390745,ERR14390746,ERR14390747
RCN13570,LA,AmpSeqV1,I,R,N,I,C,I,E,T,S,T,S,G,N,G,A,N,F,D,T,Y,M,C580Y,ERR15626097,ERR14390751,ERR14390752,ERR14390753
RCN13581,LA,AmpSeqV1,I,R,N,I,C,I,E,T,S,T,S,G,N,G,A,N,F,D,T,Y,M,C580Y,ERR15626107,ERR14390781,ERR14390782,ERR14390783
RCN14197,VN,AmpSeqV2,I,R,N,L,C,I,E,T,S,T,S,G,N,G,A,N,F,D,I,Y,M,C580Y,ERR15626357,ERR14390880,ERR14390881,ERR14390882
RCN14210,VN,AmpSeqV2,I,R,N,L,C,I,E,T,S,T,S,G,N,G,A,N,F,D,I,Y,M,C580Y,ERR15626358,ERR14390919,ERR14390920,ERR14390921
RCN14217,VN,AmpSeqV2,I,R,N,I,C,I,E,T,S,T,S,G,K,A,A,N,F,D,T,Y,M,WT,ERR15626359,ERR14390940,ERR14390941,ERR14390942
RCN14220,VN,AmpSeqV2,I,R,N,L,C,I,E,T,S,T,S,G,N,G,A,N,F,D,I,Y,M,C580Y,ERR15626360,ERR14390949,ERR14390950,ERR14390951
RCN14222,VN,AmpSeqV2,I,R,N,L,C,I,E,T,S,T,S,G,N,G,A,N,F,D,I,Y,M,C580Y,ERR15626361,ERR14390955,ERR14390956,ERR14390957
RCN14223,VN,AmpSeqV2,I,R,N,L,C,I,E,T,S,T,S,G,N,G,A,N,F,D,I,Y,M,C580Y,ERR15626362,ERR14390958,ERR14390959,ERR14390960
RCN14226,VN,AmpSeqV2,I,R,N,L,C,I,E,T,S,T,S,G,N,G,A,N,F,D,I,Y,M,C580Y,ERR15626364,ERR14390967,ERR14390968,ERR14390969
RCN14233,VN,AmpSeqV2,I,R,N,L,C,I,E,T,S,T,S,G,N,G,A,N,F,D,I,Y,M,C580Y,ERR15626365,ERR14390988,ERR14390989,ERR14390990
RCN14234,VN,AmpSeqV2,I,R,N,I,C,I,D,T,N,I,S,G,E,A,A,N,Y,D,I,D,M,WT,ERR15626366,ERR14390991,ERR14390992,ERR14390993
RCN14238,VN,AmpSeqV2,I,R,N,I,C,I,E,T,S,T,A,G,K,A,A,N,Y,D,I,D,M,WT,ERR15626367,ERR14391000,ERR14391001,ERR14391002
RCN14239,VN,AmpSeqV2,N,R,N,I,C,I,D,T,N,I,S,G,K,A,A,N,Y,D,T,D,V,WT,ERR15626368,ERR14391003,ERR14391004,ERR14391005
RCN14241,VN,AmpSeqV2,I,R,N,L,C,I,E,T,S,T,S,G,N,G,A,N,F,D,I,Y,M,C580Y,ERR15626369,ERR14391009,ERR14391010,ERR14391011
RCN14251,VN,AmpSeqV2,I,R,N,I,C,I,E,T,N,I,S,A,K,A,A,N,Y,D,T,D,V,WT,ERR15626371,ERR14391036,ERR14391037,ERR14391038
RCN14255,VN,AmpSeqV2,N,R,N,I,C,I,D,T,N,I,S,A,K,A,A,N,Y,D,I,D,V,WT,ERR15626373,ERR14391048,ERR14391049,ERR14391050
RCN14265,VN,AmpSeqV2,I,R,N,L,C,I,E,T,S,T,S,G,N,G,A,N,F,D,I,Y,M,C580Y,ERR15626377,ERR14391078,ERR14391079,ERR14391080
RCN14270,VN,AmpSeqV2,I,R,N,L,C,I,E,T,S,T,S,G,N,G,A,N,F,D,I,Y,M,C580Y,ERR15626380,ERR14391093,ERR14391094,ERR14391095
RCN14271,VN,AmpSeqV2,I,R,N,L,C,I,E,T,S,T,S,G,N,G,A,N,F,D,I,Y,M,C580Y,ERR15626381,ERR14391096,ERR14391097,ERR14391098
RCN14277,VN,AmpSeqV2,I,R,N,L,C,I,E,T,S,T,S,G,N,G,A,N,F,D,I,Y,M,C580Y,ERR15626385,ERR14391114,ERR14391115,ERR14391116
RCN14278,VN,AmpSeqV2,I,R,N,L,C,I,E,T,S,T,S,G,N,G,A,N,F,D,I,Y,M,C580Y,ERR15626386,ERR14391117,ERR14391118,ERR14391119
RCN14279,VN,AmpSeqV2,I,R,N,L,C,I,E,T,S,T,S,G,N,G,A,N,F,D,I,Y,M,C580Y,ERR15626387,ERR14391120,ERR14391121,ERR14391122
RCN14280,VN,AmpSeqV2,I,R,N,L,C,I,E,T,S,T,S,G,N,G,A,N,F,D,I,Y,M,C580Y,ERR15626388,ERR14391123,ERR14391124,ERR14391125
RCN14281,VN,AmpSeqV2,I,R,N,L,C,I,E,T,S,T,S,G,N,G,A,N,F,D,I,Y,M,C580Y,ERR15626389,ERR14391126,ERR14391127,ERR14391128
RCN14284,VN,AmpSeqV2,I,R,N,L,C,I,E,T,S,T,S,G,N,G,A,N,F,D,I,Y,M,C580Y,ERR15626390,ERR14391135,ERR14391136,ERR14391137
RCN14285,VN,AmpSeqV2,I,R,N,L,C,I,E,T,S,T,S,G,N,G,A,N,F,D,I,Y,M,C580Y,ERR15626391,ERR14391138,ERR14391139,ERR14391140
RCN14286,VN,AmpSeqV2,I,R,N,L,C,I,E,T,S,T,S,G,N,G,A,N,F,D,I,Y,M,C580Y,ERR15626392,ERR14391141,ERR14391142,ERR14391143
RCN14288,VN,AmpSeqV2,I,R,N,L,C,I,E,T,S,T,S,G,N,G,A,N,F,D,I,Y,M,C580Y,ERR15626394,ERR14391147,ERR14391148,ERR14391149
RCN14289,VN,AmpSeqV2,I,R,N,L,C,I,E,T,S,T,S,G,N,G,A,N,F,D,I,Y,M,C580Y,ERR15626395,ERR14391150,ERR14391151,ERR14391152
RCN14292,VN,AmpSeqV2,I,R,N,L,C,I,E,T,S,T,S,G,N,G,A,N,F,D,I,Y,M,C580Y,ERR15626397,ERR14391159,ERR14391160,ERR14391161
RCN14293,VN,AmpSeqV2,I,R,N,L,C,I,E,T,S,T,S,G,N,G,A,N,F,D,I,Y,M,C580Y,ERR15626398,ERR14391162,ERR14391163,ERR14391164
RCN14294,VN,AmpSeqV2,I,R,N,L,C,I,E,T,S,T,S,G,N,G,A,N,F,D,I,Y,M,C580Y,ERR15626399,ERR14391165,ERR14391166,ERR14391167
RCN14296,VN,AmpSeqV2,I,R,N,L,C,I,E,T,S,T,S,G,N,G,A,N,F,D,I,Y,M,C580Y,ERR15626401,ERR14391171,ERR14391172,ERR14391173
RCN14302,VN,AmpSeqV2,I,R,N,L,C,I,E,T,S,T,S,G,N,G,A,N,F,D,I,Y,M,C580Y,ERR15626405,ERR14391186,ERR14391187,ERR14391188
RCN14303,VN,AmpSeqV2,I,R,N,L,C,I,E,T,S,T,S,G,N,G,A,N,F,D,I,Y,M,C580Y,ERR15626406,ERR14391189,ERR14391190,ERR14391191
RCN14304,VN,AmpSeqV2,I,R,N,L,C,I,E,T,S,T,S,G,N,G,A,N,F,D,I,Y,M,C580Y,ERR15626407,ERR14391192,ERR14391193,ERR14391194
RCN14309,VN,AmpSeqV2,I,R,N,L,C,I,E,T,S,T,S,G,N,G,A,N,F,D,I,Y,M,C580Y,ERR15626409,ERR14391207,ERR14391208,ERR14391209
RCN14310,VN,AmpSeqV2,I,R,N,L,C,I,E,T,S,T,S,G,N,G,A,N,F,D,I,Y,M,C580Y,ERR15626410,ERR14391210,ERR14391211,ERR14391212
RCN14312,VN,AmpSeqV2,I,R,N,L,C,I,E,T,S,T,S,G,N,G,A,N,F,D,I,Y,M,C580Y,ERR15626412,ERR14391216,ERR14391217,ERR14391218
RCN14317,VN,AmpSeqV2,I,R,N,L,C,I,E,T,S,T,S,G,N,G,A,N,F,D,I,Y,M,C580Y,ERR15626415,ERR14391231,ERR14391232,ERR14391233
RCN14318,VN,AmpSeqV2,I,R,N,L,C,I,E,T,S,T,S,G,N,G,A,N,F,D,I,Y,M,C580Y,ERR15626416,ERR14391234,ERR14391235,ERR14391236
RCN14319,VN,AmpSeqV2,I,R,N,L,C,I,E,T,S,T,S,G,N,G,A,N,F,D,I,Y,M,C580Y,ERR15626417,ERR14391237,ERR14391238,ERR14391239
RCN14320,VN,AmpSeqV2,I,R,N,L,C,I,E,T,S,T,S,G,N,G,A,N,F,D,I,Y,M,C580Y,ERR15626418,ERR14391240,ERR14391241,ERR14391242
RCN14321,VN,AmpSeqV2,I,R,N,L,C,I,E,T,S,T,S,G,N,G,A,N,F,D,I,Y,M,C580Y,ERR15626419,ERR14391243,ERR14391244,ERR14391245
RCN14324,VN,AmpSeqV2,I,R,N,L,C,I,E,T,S,T,S,G,N,G,A,N,F,D,I,Y,M,C580Y,ERR15626420,ERR14391252,ERR14391253,ERR14391254
RCN14574,VN,AmpSeqV2,I,R,N,I,C,M,N,K,N,I,S,G,K,A,A,N,Y,D,T,D,V,WT,ERR15626424,ERR14391264,ERR14391265,ERR14391266
RCN14575,VN,AmpSeqV2,I,R,N,L,C,I,E,T,S,T,S,G,N,G,A,N,F,D,I,Y,M,C580Y,ERR15626425,ERR14391267,ERR14391268,ERR14391269
RCN14576,VN,AmpSeqV2,I,R,N,L,C,I,E,T,S,T,S,G,N,G,A,N,F,D,I,Y,M,C580Y,ERR15626426,ERR14391270,ERR14391271,ERR14391272
RCN14577,VN,AmpSeqV2,I,R,N,L,C,I,E,T,S,T,S,G,N,G,A,N,F,D,I,Y,M,C580Y,ERR15626427,ERR14391273,ERR14391274,ERR14391275
RCN14580,VN,AmpSeqV2,I,R,N,I,C,I,E,T,N,I,S,G,N,G,A,N,F,D,T,Y,M,C580Y,ERR15626429,ERR14391279,ERR14391280,ERR14391281
RCN14581,VN,AmpSeqV2,I,R,N,L,C,I,E,T,S,T,S,G,N,G,A,N,F,D,I,Y,M,C580Y,ERR15626430,ERR14391282,ERR14391283,ERR14391284
RCN14587,VN,AmpSeqV2,I,R,N,L,C,I,E,T,S,T,S,G,N,G,A,N,F,D,I,Y,M,C580Y,ERR15626436,ERR14391300,ERR14391301,ERR14391302
RCN14588,VN,AmpSeqV2,I,R,N,L,C,I,E,T,S,T,S,G,N,G,A,N,F,D,I,Y,M,C580Y,ERR15626437,ERR14391303,ERR14391304,ERR14391305
RCN14589,VN,AmpSeqV2,I,R,N,L,C,I,E,T,S,T,S,G,N,G,A,N,F,D,I,Y,M,C580Y,ERR15626438,ERR14391306,ERR14391307,ERR14391308
RCN14590,VN,AmpSeqV2,I,R,N,L,C,I,E,T,S,T,S,G,N,G,A,N,F,D,I,Y,M,C580Y,ERR15626439,ERR14391309,ERR14391310,ERR14391311
RCN14591,VN,AmpSeqV2,I,R,N,L,C,I,E,T,S,T,S,G,N,G,A,N,F,D,I,Y,M,C580Y,ERR15626440,ERR14391312,ERR14391313,ERR14391314
RCN14592,VN,AmpSeqV2,I,R,N,L,C,I,E,T,S,T,S,G,N,G,A,N,F,D,I,Y,M,C580Y,ERR15626441,ERR14391315,ERR14391316,ERR14391317
RCN14593,VN,AmpSeqV2,I,R,N,L,C,I,E,T,S,T,S,G,N,G,A,N,F,D,I,Y,M,C580Y,ERR15626444,ERR14391318,ERR14391319,ERR14391320
RCN14594,VN,AmpSeqV2,I,R,N,L,C,I,E,T,S,T,S,G,N,G,A,N,F,D,I,Y,M,C580Y,ERR15626442,ERR14391321,ERR14391322,ERR14391323
RCN14596,VN,AmpSeqV2,I,R,N,L,C,I,E,T,S,T,S,G,N,G,A,N,F,D,I,Y,M,C580Y,ERR15626445,ERR14391327,ERR14391328,ERR14391329
RCN14600,VN,AmpSeqV2,I,R,N,L,C,I,E,T,S,T,S,G,N,G,A,N,F,D,I,Y,M,C580Y,ERR15626449,ERR14391339,ERR14391340,ERR14391341
RCN14602,VN,AmpSeqV2,I,R,N,L,C,I,E,T,S,T,S,G,N,G,A,N,F,D,I,Y,M,C580Y,ERR15626451,ERR14391345,ERR14391346,ERR14391347
RCN14603,VN,AmpSeqV2,I,R,N,L,C,I,E,T,S,T,S,G,N,G,A,N,F,D,I,Y,M,C580Y,ERR15626452,ERR14391348,ERR14391349,ERR14391350
RCN14604,VN,AmpSeqV2,I,R,N,L,C,I,E,T,S,T,S,G,N,G,A,N,F,D,I,Y,M,C580Y,ERR15626453,ERR14391351,ERR14391352,ERR14391353
RCN14605,VN,AmpSeqV2,I,R,N,I,C,I,E,T,S,T,S,G,N,G,A,N,F,D,T,Y,M,C580Y,ERR15626454,ERR14391354,ERR14391355,ERR14391356
RCN14606,VN,AmpSeqV2,I,R,N,L,C,I,E,T,S,T,S,G,N,G,A,N,F,D,I,Y,M,C580Y,ERR15626455,ERR14391357,ERR14391358,ERR14391359
RCN14608,VN,AmpSeqV2,I,R,N,L,C,I,E,T,S,T,S,G,N,G,A,N,F,D,I,Y,M,C580Y,ERR15626457,ERR14391363,ERR14391364,ERR14391365
RCN14609,VN,AmpSeqV2,I,R,N,L,C,I,E,T,S,T,S,G,N,G,A,N,F,D,I,Y,M,C580Y,ERR15626458,ERR14391366,ERR14391367,ERR14391368
RCN14610,VN,AmpSeqV2,I,R,N,L,C,I,E,T,S,T,S,G,N,G,A,N,F,D,I,Y,M,C580Y,ERR15626459,ERR14391369,ERR14391370,ERR14391371
RCN14611,VN,AmpSeqV2,I,R,N,L,C,I,E,T,S,T,S,G,N,G,A,N,F,D,I,Y,M,C580Y,ERR15626460,ERR14391372,ERR14391373,ERR14391374
RCN14612,VN,AmpSeqV2,I,R,N,L,C,I,E,T,S,T,S,G,N,G,A,N,F,D,I,Y,M,C580Y,ERR15626461,ERR14391375,ERR14391376,ERR14391377
RCN14614,VN,AmpSeqV2,I,R,N,L,C,I,E,T,S,T,S,G,N,G,A,N,F,D,I,Y,M,C580Y,ERR15626463,ERR14391381,ERR14391382,ERR14391383
RCN14616,VN,AmpSeqV2,I,R,N,L,C,I,E,T,S,T,S,G,N,G,A,N,F,D,I,Y,M,C580Y,ERR15626465,ERR14391387,ERR14391388,ERR14391389
RCN14618,VN,AmpSeqV2,I,R,N,L,C,I,E,T,S,T,S,G,N,G,A,N,F,D,I,Y,M,C580Y,ERR15626467,ERR14391393,ERR14391394,ERR14391395
RCN14621,VN,AmpSeqV2,I,R,N,L,C,I,E,T,S,T,S,G,N,G,A,N,F,D,I,Y,M,C580Y,ERR15626470,ERR14391396,ERR14391397,ERR14391398
RCN14622,VN,AmpSeqV2,I,R,N,L,C,I,E,T,S,T,S,G,N,G,A,N,F,D,I,Y,M,C580Y,ERR15626471,ERR14391399,ERR14391400,ERR14391401
RCN14623,VN,AmpSeqV2,I,R,N,L,C,I,E,T,S,T,S,G,N,G,A,N,F,D,I,Y,M,C580Y,ERR15626472,ERR14391402,ERR14391403,ERR14391404
RCN14624,VN,AmpSeqV2,I,R,N,L,C,I,E,T,S,T,S,G,N,G,A,N,F,D,I,Y,M,C580Y,ERR15626473,ERR14391405,ERR14391406,ERR14391407
RCN14625,VN,AmpSeqV2,I,R,N,L,C,I,E,T,S,T,S,G,N,G,A,N,F,D,I,Y,M,C580Y,ERR15626474,ERR14391408,ERR14391409,ERR14391410
RCN14626,VN,AmpSeqV2,I,R,N,L,C,I,E,T,S,T,S,G,N,G,A,N,F,D,I,Y,M,C580Y,ERR15626475,ERR14391411,ERR14391412,ERR14391413
RCN14627,VN,AmpSeqV2,I,R,N,L,C,I,E,T,S,T,S,G,N,G,A,N,F,D,I,Y,M,C580Y,ERR15626476,ERR14391414,ERR14391415,ERR14391416
RCN14628,VN,AmpSeqV2,I,R,N,L,C,I,E,T,S,T,S,G,N,G,A,N,F,D,I,Y,M,C580Y,ERR15626477,ERR14391417,ERR14391418,ERR14391419
RCN14629,VN,AmpSeqV2,I,R,N,L,C,I,E,T,S,T,S,G,N,G,A,N,F,D,I,Y,M,C580Y,ERR15626478,ERR14391420,ERR14391421,ERR14391422
RCN14631,VN,AmpSeqV2,I,R,N,L,C,I,E,T,S,T,S,G,N,G,A,N,F,D,I,Y,M,C580Y,ERR15626480,ERR14391426,ERR14391427,ERR14391428
RCN14633,VN,AmpSeqV2,I,R,N,L,C,I,E,T,S,T,S,G,N,G,A,N,F,D,I,Y,M,C580Y,ERR15626482,ERR14391432,ERR14391433,ERR14391434
RCN14635,VN,AmpSeqV2,I,R,N,L,C,I,E,T,S,T,S,G,N,G,A,N,F,D,I,Y,M,C580Y,ERR15626484,ERR14391438,ERR14391439,ERR14391440
RCN14636,VN,AmpSeqV2,I,R,N,L,C,I,E,T,S,T,S,G,N,G,A,N,F,D,I,Y,M,C580Y,ERR15626485,ERR14391441,ERR14391442,ERR14391443
RCN14639,VN,AmpSeqV2,I,R,N,L,C,I,E,T,S,T,S,G,N,G,A,N,F,D,I,Y,M,C580Y,ERR15626487,ERR14391447,ERR14391448,ERR14391449
RCN14640,VN,AmpSeqV2,I,R,N,L,C,I,E,T,S,T,S,G,N,G,A,N,F,D,I,Y,M,C580Y,ERR15626488,ERR14391450,ERR14391451,ERR14391452
RCN14643,VN,AmpSeqV2,I,R,N,L,C,I,E,T,S,T,S,G,N,G,A,N,F,D,I,Y,M,C580Y,ERR15626491,ERR14391459,ERR14391460,ERR14391461
RCN14644,VN,AmpSeqV2,I,R,N,L,C,I,E,T,S,T,S,G,N,G,A,N,F,D,I,Y,M,C580Y,ERR15626492,ERR14391462,ERR14391463,ERR14391464
RCN14645,VN,AmpSeqV2,I,R,N,L,C,I,E,T,S,T,S,G,N,G,A,N,F,D,I,Y,M,C580Y,ERR15626493,ERR14391465,ERR14391466,ERR14391467
RCN14648,VN,AmpSeqV2,I,R,N,L,C,I,E,T,S,T,S,G,N,G,A,N,F,D,I,Y,M,C580Y,ERR15626496,ERR14391474,ERR14391475,ERR14391476
RCN14649,VN,AmpSeqV2,I,R,N,L,C,I,E,T,S,T,S,G,N,G,A,N,F,D,I,Y,M,C580Y,ERR15626497,ERR14391477,ERR14391478,ERR14391479
RCN14650,VN,AmpSeqV2,I,R,N,L,C,I,E,T,S,T,S,G,N,G,A,N,F,D,I,Y,M,C580Y,ERR15626498,ERR14391480,ERR14391481,ERR14391482
RCN14651,VN,AmpSeqV2,I,R,N,I,C,I,E,T,S,T,S,G,N,G,A,N,F,D,T,Y,M,C580Y,ERR15626499,ERR14391483,ERR14391484,ERR14391485
RCN14652,VN,AmpSeqV2,I,R,N,L,C,I,E,T,S,T,S,G,N,G,A,N,F,D,I,Y,M,C580Y,ERR15626500,ERR14391486,ERR14391487,ERR14391488
RCN14653,VN,AmpSeqV2,I,R,N,L,C,I,E,T,S,T,S,G,N,G,A,N,F,D,I,Y,M,C580Y,ERR15626501,ERR14391489,ERR14391490,ERR14391491
RCN14654,VN,AmpSeqV2,I,R,N,L,C,I,E,T,S,T,S,G,N,G,A,N,F,D,I,Y,M,C580Y,ERR15626502,ERR14391492,ERR14391493,ERR14391494
RCN14655,VN,AmpSeqV2,I,R,N,L,C,I,E,T,S,T,S,G,N,G,A,N,F,D,I,Y,M,C580Y,ERR15626503,ERR14391495,ERR14391496,ERR14391497
RCN14657,VN,AmpSeqV2,I,R,N,L,C,I,E,T,S,T,S,G,N,G,A,N,F,D,I,Y,M,C580Y,ERR15626505,ERR14391501,ERR14391502,ERR14391503
RCN14658,VN,AmpSeqV2,I,R,N,L,C,I,E,T,S,T,S,G,N,G,A,N,F,D,I,Y,M,C580Y,ERR15626506,ERR14391504,ERR14391505,ERR14391506
RCN14660,VN,AmpSeqV2,I,R,N,L,C,I,E,T,S,T,S,G,N,G,A,N,F,D,I,Y,M,C580Y,ERR15626508,ERR14391510,ERR14391511,ERR14391512
RCN14661,VN,AmpSeqV2,I,R,N,L,C,I,E,T,S,T,S,G,N,G,A,N,F,D,I,Y,M,C580Y,ERR15626509,ERR14391513,ERR14391514,ERR14391515
RCN14662,VN,AmpSeqV2,I,R,N,L,C,I,E,T,S,T,S,G,N,G,A,N,F,D,I,Y,M,C580Y,ERR15626510,ERR14391516,ERR14391517,ERR14391518
RCN14663,VN,AmpSeqV2,I,R,N,L,C,I,E,T,S,T,S,G,N,G,A,N,F,D,I,Y,M,C580Y,ERR15626511,ERR14391519,ERR14391520,ERR14391521
RCN14664,VN,AmpSeqV2,I,R,N,L,C,I,E,T,S,T,S,G,N,G,A,N,F,D,I,Y,M,C580Y,ERR15626512,ERR14391522,ERR14391523,ERR14391524
RCN14666,VN,AmpSeqV2,I,R,N,I,C,I,E,T,N,I,S,G,E,A,A,N,Y,D,T,D,M,WT,ERR15626514,ERR14391528,ERR14391529,ERR14391530
RCN14672,VN,AmpSeqV2,I,R,N,I,C,I,E,T,S,T,A,G,K,A,A,N,F,D,I,Y,M,WT,ERR15626516,ERR14391543,ERR14391544,ERR14391545
RCN14673,VN,AmpSeqV2,I,R,N,I,C,I,E,T,S,T,A,G,K,A,A,N,F,D,I,Y,M,WT,ERR15626517,ERR14391546,ERR14391547,ERR14391548
RCN14674,VN,AmpSeqV2,I,R,N,L,C,I,E,T,S,T,S,G,N,G,A,N,F,D,I,Y,M,C580Y,ERR15626518,ERR14391549,ERR14391550,ERR14391551
RCN14676,VN,AmpSeqV2,I,R,N,L,C,I,E,T,S,T,S,G,N,G,A,N,F,D,I,Y,M,C580Y,ERR15626520,ERR14391555,ERR14391556,ERR14391557
RCN14677,VN,AmpSeqV2,I,R,N,I,C,I,E,T,S,T,A,G,K,A,A,N,F,D,I,Y,M,WT,ERR15626521,ERR14391558,ERR14391559,ERR14391560
RCN14680,VN,AmpSeqV2,I,R,N,I,C,I,D,T,N,I,A,G,E,A,A,N,Y,D,I,Y,M,WT,ERR15626522,ERR14391564,ERR14391565,ERR14391566
RCN14681,VN,AmpSeqV2,I,R,N,L,C,I,E,T,S,T,S,G,N,G,A,N,F,D,I,Y,M,C580Y,ERR15626523,ERR14391567,ERR14391568,ERR14391569
RCN14682,VN,AmpSeqV2,I,R,N,L,C,I,E,T,S,T,S,G,N,G,A,N,F,D,I,Y,M,C580Y,ERR15626524,ERR14391570,ERR14391571,ERR14391572
RCN14683,VN,AmpSeqV2,I,R,N,L,C,I,E,T,S,T,S,G,N,G,A,N,F,D,I,Y,M,C580Y,ERR15626525,ERR14391573,ERR14391574,ERR14391575
RCN14684,VN,AmpSeqV2,I,R,N,I,C,I,E,T,S,T,S,G,N,G,A,N,F,D,T,Y,M,C580Y,ERR15626526,ERR14391576,ERR14391577,ERR14391578
RCN14685,VN,AmpSeqV2,I,R,N,L,C,I,E,T,S,T,S,G,N,G,A,N,F,D,I,Y,M,C580Y,ERR15626527,ERR14391579,ERR14391580,ERR14391581
RCN14688,VN,AmpSeqV2,I,R,N,L,C,I,E,T,S,T,S,G,N,G,A,N,F,D,I,Y,M,C580Y,ERR15626528,ERR14391588,ERR14391589,ERR14391590
RCN14689,VN,AmpSeqV2,N,C,S,I,C,I,E,T,N,I,S,G,K,A,A,N,Y,D,T,D,V,WT,ERR15626530,ERR14391591,ERR14391592,ERR14391593
RCN14691,VN,AmpSeqV2,N,R,N,I,C,I,D,T,N,I,S,A,K,A,A,N,Y,D,T,D,V,WT,ERR15626529,ERR14391594,ERR14391595,ERR14391596
RCN14693,VN,AmpSeqV2,N,C,S,I,C,I,E,T,N,I,S,G,K,A,A,N,Y,D,T,D,V,WT,ERR15626532,ERR14391600,ERR14391601,ERR14391602
RCN14696,VN,AmpSeqV2,I,R,N,I,C,I,D,T,N,I,A,G,E,A,A,N,Y,D,I,D,V,WT,ERR15626533,ERR14391609,ERR14391610,ERR14391611
RCN14697,VN,AmpSeqV2,I,R,N,I,C,I,E,T,S,T,A,G,K,A,A,N,F,D,T,D,V,WT,ERR15626534,ERR14391612,ERR14391613,ERR14391614
RCN14698,VN,AmpSeqV2,I,R,N,L,C,I,E,T,S,T,S,G,N,G,A,N,F,D,I,Y,M,C580Y,ERR15626535,ERR14391615,ERR14391616,ERR14391617
RCN14699,VN,AmpSeqV2,I,R,N,L,C,I,E,T,S,T,S,G,N,G,A,N,F,D,I,Y,M,C580Y,ERR15626536,ERR14391618,ERR14391619,ERR14391620
RCN14700,VN,AmpSeqV2,I,R,N,L,C,I,E,T,S,T,S,G,N,G,A,N,F,D,I,Y,M,C580Y,ERR15626537,ERR14391621,ERR14391622,ERR14391623
RCN14701,VN,AmpSeqV2,I,R,N,L,C,I,E,T,S,T,S,G,N,G,A,N,F,D,I,Y,M,C580Y,ERR15626538,ERR14391624,ERR14391625,ERR14391626
RCN14705,VN,AmpSeqV2,I,R,N,L,C,I,E,T,S,T,S,G,N,G,A,N,F,D,I,Y,M,C580Y,ERR15626539,ERR14391636,ERR14391637,ERR14391638
RCN14706,VN,AmpSeqV2,I,R,N,L,C,I,E,T,S,T,S,G,N,G,A,N,F,D,I,Y,M,C580Y,ERR15626540,ERR14391639,ERR14391640,ERR14391641
RCN14707,VN,AmpSeqV2,I,R,N,L,C,I,E,T,S,T,S,G,N,G,A,N,F,D,I,Y,M,C580Y,ERR15626541,ERR14391642,ERR14391643,ERR14391644
RCN14708,VN,AmpSeqV2,I,R,N,L,C,I,E,T,S,T,S,G,N,G,A,N,F,D,I,Y,M,C580Y,ERR15626542,ERR14391645,ERR14391646,ERR14391647
RCN14709,VN,AmpSeqV2,I,R,N,L,C,I,E,T,S,T,S,G,N,G,A,N,F,D,I,Y,M,C580Y,ERR15626543,ERR14391648,ERR14391649,ERR14391650
RCN14713,VN,AmpSeqV2,I,R,N,L,C,I,E,T,S,T,S,G,N,G,A,N,F,D,I,Y,M,C580Y,ERR15626545,ERR14391660,ERR14391661,ERR14391662
RCN14714,VN,AmpSeqV2,I,R,N,L,C,I,E,T,S,T,S,G,N,G,A,N,F,D,I,Y,M,C580Y,ERR15626546,ERR14391663,ERR14391664,ERR14391665
RCN14715,VN,AmpSeqV2,I,R,N,L,C,I,E,T,S,T,S,G,N,G,A,N,F,D,I,Y,M,C580Y,ERR15626547,ERR14391666,ERR14391667,ERR14391668
RCN14717,VN,AmpSeqV2,I,R,N,L,C,I,E,T,S,T,S,G,N,G,A,N,F,D,I,Y,M,C580Y,ERR15626549,ERR14391672,ERR14391673,ERR14391674
RCN14721,VN,AmpSeqV2,I,R,N,L,C,I,E,T,S,T,S,G,N,G,A,N,F,D,I,Y,M,C580Y,ERR15626552,ERR14391684,ERR14391685,ERR14391686
RCN14724,VN,AmpSeqV2,I,R,N,I,C,I,D,T,N,I,S,G,E,A,A,N,Y,D,I,D,M,WT,ERR15626555,ERR14391693,ERR14391694,ERR14391695
RCN14725,VN,AmpSeqV2,I,R,N,I,C,I,D,T,N,I,S,G,E,A,A,N,Y,D,I,D,M,WT,ERR15626556,ERR14391696,ERR14391697,ERR14391698
RCN14727,VN,AmpSeqV2,I,R,N,I,C,I,D,T,N,I,S,G,E,A,A,N,Y,D,I,D,M,WT,ERR15626557,ERR14391702,ERR14391703,ERR14391704
RCN14728,VN,AmpSeqV2,I,R,N,I,C,I,D,T,N,I,S,G,E,A,A,N,Y,D,I,D,M,WT,ERR15626558,ERR14391705,ERR14391706,ERR14391707
RCN14729,VN,AmpSeqV2,I,R,N,I,C,I,D,T,N,I,S,G,E,A,A,N,Y,D,I,D,M,WT,ERR15626559,ERR14391708,ERR14391709,ERR14391710
RCN14730,VN,AmpSeqV2,I,R,N,I,C,I,D,T,N,I,S,G,E,A,A,N,Y,D,I,D,M,WT,ERR15626560,ERR14391711,ERR14391712,ERR14391713
RCN14731,VN,AmpSeqV2,I,R,N,I,C,I,D,T,N,I,S,G,E,A,A,N,Y,D,I,D,M,WT,ERR15626561,ERR14391714,ERR14391715,ERR14391716
RCN14732,VN,AmpSeqV2,I,R,N,I,C,I,D,T,N,I,S,G,E,A,A,N,Y,D,I,D,M,WT,ERR15626562,ERR14391717,ERR14391718,ERR14391719
RCN14733,VN,AmpSeqV2,I,R,N,I,C,I,D,T,N,I,S,G,E,A,A,N,Y,D,I,D,M,WT,ERR15626563,ERR14391720,ERR14391721,ERR14391722
RCN14738,VN,AmpSeqV2,I,R,N,L,C,I,E,T,S,T,S,G,N,G,A,N,F,D,I,Y,M,C580Y,ERR15626564,ERR14391735,ERR14391736,ERR14391737
RCN14739,VN,AmpSeqV2,I,R,N,I,C,I,E,T,S,T,A,G,K,A,A,N,F,D,I,Y,V,WT,ERR15626565,ERR14391738,ERR14391739,ERR14391740
RCN14740,VN,AmpSeqV2,I,R,N,I,C,I,E,T,S,T,A,G,K,A,A,N,F,D,I,Y,V,WT,ERR15626566,ERR14391741,ERR14391742,ERR14391743
RCN14741,VN,AmpSeqV2,I,R,N,L,C,I,E,T,S,T,S,G,N,G,A,N,F,D,I,Y,M,WT,ERR15626567,ERR14391744,ERR14391745,ERR14391746
RCN14744,VN,AmpSeqV2,I,R,N,L,C,I,E,T,S,T,S,G,N,G,A,N,F,D,I,Y,M,C580Y,ERR15626568,ERR14391750,ERR14391751,ERR14391752
RCN14746,VN,AmpSeqV2,I,R,N,L,C,I,E,T,S,T,S,G,N,G,A,N,F,D,I,Y,M,C580Y,ERR15626569,ERR14391753,ERR14391754,ERR14391755
RCN14748,VN,AmpSeqV2,I,R,N,L,C,I,E,T,S,T,S,G,N,G,A,N,F,D,I,Y,M,C580Y,ERR15626570,ERR14391756,ERR14391757,ERR14391758
RCN14752,VN,AmpSeqV2,I,R,N,L,C,I,E,T,S,T,S,G,N,G,A,N,F,D,I,Y,M,C580Y,ERR15626572,ERR14391765,ERR14391766,ERR14391767
RCN14753,VN,AmpSeqV2,I,R,N,L,C,I,E,T,S,T,S,G,N,G,A,N,F,D,I,Y,M,C580Y,ERR15626573,ERR14391768,ERR14391769,ERR14391770
RCN14754,VN,AmpSeqV2,I,R,N,L,C,I,E,T,S,T,S,G,N,G,A,N,F,D,I,Y,M,C580Y,ERR15626574,ERR14391771,ERR14391772,ERR14391773
RCN14756,VN,AmpSeqV2,I,R,N,L,C,I,E,T,S,T,S,G,N,G,A,N,F,D,I,Y,M,C580Y,ERR15626576,ERR14391777,ERR14391778,ERR14391779
RCN14757,VN,AmpSeqV2,I,R,N,L,C,I,E,T,S,T,S,G,N,G,A,N,F,D,I,Y,M,C580Y,ERR15626577,ERR14391780,ERR14391781,ERR14391782
RCN14760,VN,AmpSeqV2,I,R,N,L,C,I,E,T,S,T,S,G,N,G,A,N,F,D,I,Y,M,C580Y,ERR15626578,ERR14391789,ERR14391790,ERR14391791
RCN14762,VN,AmpSeqV2,I,R,N,L,C,I,E,T,S,T,S,G,N,G,A,N,F,D,I,Y,M,C580Y,ERR15626579,ERR14391795,ERR14391796,ERR14391797
RCN14763,VN,AmpSeqV2,I,R,N,L,C,I,E,T,S,T,S,G,N,G,A,N,F,D,I,Y,M,C580Y,ERR15626580,ERR14391798,ERR14391799,ERR14391800
RCN14766,VN,AmpSeqV2,I,R,N,L,C,I,E,T,S,T,S,G,N,G,A,N,F,D,I,Y,M,C580Y,ERR15626581,ERR14391807,ERR14391808,ERR14391809
RCN14770,VN,AmpSeqV2,I,R,N,L,C,I,E,T,S,T,S,G,N,G,A,N,F,D,I,Y,M,C580Y,ERR15626582,ERR14391819,ERR14391820,ERR14391821
RCN14771,VN,AmpSeqV2,I,R,N,L,C,I,E,T,S,T,S,G,N,G,A,N,F,D,I,Y,M,C580Y,ERR15626583,ERR14391822,ERR14391823,ERR14391824
RCN14777,VN,AmpSeqV2,I,R,N,L,C,I,E,T,S,T,S,G,N,G,A,N,F,D,I,Y,M,C580Y,ERR15626585,ERR14391840,ERR14391841,ERR14391842
RCN14787,VN,AmpSeqV2,I,R,N,L,C,I,E,T,S,T,S,G,N,G,A,N,F,D,I,Y,M,C580Y,ERR15626588,ERR14391855,ERR14391856,ERR14391857
RCN14794,VN,AmpSeqV2,I,R,N,L,C,I,E,T,S,T,S,G,N,G,A,N,F,D,I,Y,M,C580Y,ERR15626590,ERR14391876,ERR14391877,ERR14391878
RCN14795,VN,AmpSeqV2,I,R,N,L,C,I,E,T,S,T,S,G,N,G,A,N,F,D,I,Y,M,C580Y,ERR15626591,ERR14391879,ERR14391880,ERR14391881
RCN14799,VN,AmpSeqV2,I,R,N,L,C,I,E,T,S,T,S,G,N,G,A,N,F,D,I,Y,M,C580Y,ERR15626592,ERR14391891,ERR14391892,ERR14391893
RCN14800,VN,AmpSeqV2,I,R,N,L,C,I,E,T,S,T,S,G,N,G,A,N,F,D,I,Y,M,C580Y,ERR15626593,ERR14391894,ERR14391895,ERR14391896
RCN14802,VN,AmpSeqV2,I,R,N,L,C,I,E,T,S,T,S,G,N,G,A,N,F,D,I,Y,M,C580Y,ERR15626594,ERR14391900,ERR14391901,ERR14391902
RCN14803,VN,AmpSeqV2,I,R,N,L,C,I,E,T,S,T,S,G,N,G,A,N,F,D,I,Y,M,C580Y,ERR15626595,ERR14391903,ERR14391904,ERR14391905
RCN14807,VN,AmpSeqV2,I,R,N,L,C,I,E,T,S,T,S,G,N,G,A,N,F,D,I,Y,M,C580Y,ERR15626596,ERR14391915,ERR14391916,ERR14391917
RCN14810,VN,AmpSeqV2,I,R,N,L,C,I,E,T,S,T,S,G,N,G,A,N,F,D,I,Y,M,C580Y,ERR15626598,ERR14391924,ERR14391925,ERR14391926
RCN14811,VN,AmpSeqV2,I,R,N,L,C,I,E,T,S,T,S,G,N,G,A,N,F,D,I,Y,M,C580Y,ERR15626599,ERR14391927,ERR14391928,ERR14391929
RCN14814,VN,AmpSeqV2,I,R,N,L,C,I,E,T,S,T,S,G,N,G,A,N,F,D,I,Y,M,C580Y,ERR15626600,ERR14391936,ERR14391937,ERR14391938
RCN14816,VN,AmpSeqV2,I,R,N,L,C,I,E,T,S,T,S,G,N,G,A,N,F,D,I,Y,M,C580Y,ERR15626602,ERR14391942,ERR14391943,ERR14391944
RCN14818,VN,AmpSeqV2,I,R,N,L,C,I,E,T,S,T,S,G,N,G,A,N,F,D,I,Y,M,C580Y,ERR15626603,ERR14391948,ERR14391949,ERR14391950
RCN14819,VN,AmpSeqV2,I,R,N,L,C,I,E,T,S,T,S,G,N,G,A,N,F,D,I,Y,M,C580Y,ERR15626604,ERR14391951,ERR14391952,ERR14391953
RCN14827,VN,AmpSeqV2,I,R,N,L,C,I,E,T,S,T,S,G,N,G,A,N,F,D,I,Y,M,C580Y,ERR15626605,ERR14391972,ERR14391973,ERR14391974
RCN14834,VN,AmpSeqV2,I,R,N,L,C,I,E,T,S,T,S,G,N,G,A,N,F,D,I,Y,M,C580Y,ERR15626606,ERR14391993,ERR14391994,ERR14391995
RCN14835,VN,AmpSeqV2,I,R,N,L,C,I,E,T,S,T,S,G,N,G,A,N,F,D,I,Y,M,C580Y,ERR15626607,ERR14391996,ERR14391997,ERR14391998
RCN14839,VN,AmpSeqV2,I,R,N,L,C,I,E,T,S,T,S,G,N,G,A,N,F,D,I,Y,M,C580Y,ERR15626608,ERR14392005,ERR14392006,ERR14392007
RCN14840,VN,AmpSeqV2,I,R,N,L,C,I,E,T,S,T,S,G,N,G,A,N,F,D,I,Y,M,C580Y,ERR15626609,ERR14392008,ERR14392009,ERR14392010
RCN14843,VN,AmpSeqV2,I,R,N,L,C,I,E,T,S,T,S,G,N,G,A,N,F,D,I,Y,M,C580Y,ERR15626611,ERR14392017,ERR14392018,ERR14392019
RCN14847,VN,AmpSeqV2,I,R,N,L,C,I,E,T,S,T,S,G,N,G,A,N,F,D,I,Y,M,C580Y,ERR15626612,ERR14392029,ERR14392030,ERR14392031
RCN14848,VN,AmpSeqV2,I,R,N,L,C,I,E,T,S,T,S,G,N,G,A,N,F,D,I,Y,M,C580Y,ERR15626613,ERR14392032,ERR14392033,ERR14392034
RCN14849,VN,AmpSeqV2,I,R,N,L,C,I,E,T,S,T,S,G,N,G,A,N,F,D,I,Y,M,C580Y,ERR15626614,ERR14392035,ERR14392036,ERR14392037
RCN14850,VN,AmpSeqV2,I,R,N,L,C,I,E,T,S,T,S,G,N,G,A,N,F,D,I,Y,M,C580Y,ERR15626615,ERR14392038,ERR14392039,ERR14392040
RCN14904,LA,AmpSeqV2,I,R,N,I,C,I,E,T,S,T,A,G,E,A,A,N,Y,D,I,Y,M,C580Y,ERR15626617,ERR14392053,ERR14392054,ERR14392055
RCN14906,LA,AmpSeqV2,I,R,N,I,C,I,E,T,S,T,A,G,E,A,A,N,Y,D,I,Y,M,C580Y,ERR15626618,ERR14392056,ERR14392057,ERR14392058
RCN14912,LA,AmpSeqV2,I,R,N,I,C,I,E,T,S,T,A,G,E,A,A,N,Y,D,I,Y,M,C580Y,ERR15626621,ERR14392065,ERR14392066,ERR14392067
RCN14913,LA,AmpSeqV2,I,R,N,I,C,I,E,T,S,T,A,G,E,A,A,N,Y,D,I,Y,M,C580Y,ERR15626622,ERR14392068,ERR14392069,ERR14392070
RCN14915,LA,AmpSeqV2,I,R,N,I,C,I,E,T,S,T,A,G,E,A,A,N,Y,D,I,Y,M,C580Y,ERR15626623,ERR14392074,ERR14392075,ERR14392076
RCN14916,LA,AmpSeqV2,I,R,N,I,C,I,E,T,S,T,A,G,E,A,A,N,Y,D,I,Y,M,C580Y,ERR15626624,ERR14392077,ERR14392078,ERR14392079
RCN14918,LA,AmpSeqV2,N,R,N,I,C,I,E,T,N,I,S,A,K,A,A,N,Y,D,T,D,V,WT,ERR15626625,ERR14392083,ERR14392084,ERR14392085
RCN14919,LA,AmpSeqV2,N,R,N,I,C,I,E,T,N,I,S,A,K,A,A,N,Y,D,T,D,V,WT,ERR15626627,ERR14392086,ERR14392087,ERR14392088
RCN14921,LA,AmpSeqV2,N,R,N,L,C,I,E,T,N,I,S,A,K,A,A,N,Y,D,T,D,V,WT,ERR15626629,ERR14392092,ERR14392093,ERR14392094
RCN14925,LA,AmpSeqV2,N,R,N,I,C,I,E,T,N,I,S,G,K,A,A,N,Y,D,I,D,V,WT,ERR15626632,ERR14392101,ERR14392102,ERR14392103
RCN14926,LA,AmpSeqV2,I,R,N,I,C,M,N,K,N,I,S,G,K,A,A,N,Y,D,T,D,V,WT,ERR15626633,ERR14392104,ERR14392105,ERR14392106
RCN14927,LA,AmpSeqV2,N,R,N,I,C,I,D,T,N,I,A,G,E,A,A,N,Y,D,T,D,V,WT,ERR15626634,ERR14392107,ERR14392108,ERR14392109
RCN14928,LA,AmpSeqV2,N,R,N,I,C,I,D,T,N,I,S,A,K,A,A,N,Y,D,I,D,V,WT,ERR15626635,ERR14392110,ERR14392111,ERR14392112
RCN14929,LA,AmpSeqV2,N,R,N,I,C,I,D,T,N,I,S,A,K,A,A,N,Y,D,I,D,V,WT,ERR15626636,ERR14392113,ERR14392114,ERR14392115
RCN14932,LA,AmpSeqV2,N,R,N,I,C,I,D,T,N,I,S,G,K,A,A,N,Y,D,T,D,V,WT,ERR15626638,ERR14392119,ERR14392120,ERR14392121
RCN14935,LA,AmpSeqV2,I,R,N,I,C,I,E,T,S,T,S,G,E,G,A,N,Y,D,I,Y,M,C580Y,ERR15626641,ERR14392128,ERR14392129,ERR14392130
RCN14938,LA,AmpSeqV2,I,R,N,I,C,I,E,T,N,I,S,A,K,A,A,N,Y,D,T,D,V,WT,ERR15626644,ERR14392137,ERR14392138,ERR14392139
RCN14939,LA,AmpSeqV2,N,R,N,I,C,M,N,K,N,I,S,A,K,A,A,N,Y,D,T,"D,Y",V,WT,ERR15626645,ERR14392140,ERR14392141,ERR14392142
RCN14941,LA,AmpSeqV2,N,R,N,I,C,I,E,T,N,I,S,A,K,A,A,N,Y,D,T,D,V,WT,ERR15626648,ERR14392146,ERR14392147,ERR14392148
RCN14952,LA,AmpSeqV2,N,R,N,I,C,I,D,T,N,I,S,A,K,A,A,N,Y,D,I,D,V,WT,ERR15626657,ERR14392176,ERR14392177,ERR14392178
RCN14954,LA,AmpSeqV2,N,R,N,I,C,I,D,T,N,I,S,A,K,A,A,N,Y,D,I,D,V,WT,ERR15626659,ERR14392182,ERR14392183,ERR14392184
RCN14969,LA,AmpSeqV2,I,R,N,I,C,I,E,T,N,I,S,G,K,A,A,N,Y,D,T,D,V,WT,ERR15626667,ERR14392206,ERR14392207,ERR14392208
RCN14975,LA,AmpSeqV2,I,R,N,I,C,I,E,T,N,I,S,A,K,A,A,N,Y,D,T,D,V,WT,ERR15626672,ERR14392221,ERR14392222,ERR14392223
RCN15000,LA,AmpSeqV2,I,R,N,I,C,I,D,T,N,I,S,A,K,A,A,N,Y,D,T,D,V,WT,ERR15626689,ERR14392278,ERR14392279,ERR14392280
RCN15002,LA,AmpSeqV2,N,R,N,I,C,I,D,T,N,I,A,G,E,A,A,N,Y,D,T,D,V,WT,ERR15626691,ERR14392284,ERR14392285,ERR14392286
RCN15003,LA,AmpSeqV2,N,R,N,I,C,M,N,K,N,I,S,A,K,A,A,N,Y,D,T,D,V,WT,ERR15626692,ERR14392287,ERR14392288,ERR14392289
RCN15004,LA,AmpSeqV2,N,R,N,I,C,I,D,T,N,I,S,A,K,A,A,N,Y,D,T,D,V,WT,ERR15626693,ERR14392290,ERR14392291,ERR14392292
RCN15006,LA,AmpSeqV2,I,R,N,I,C,I,E,T,N,I,S,A,K,A,A,N,Y,D,T,D,V,WT,ERR15626695,ERR14392296,ERR14392297,ERR14392298
RCN15010,LA,AmpSeqV2,I,R,N,I,C,I,E,T,N,I,S,A,K,A,A,N,Y,D,T,D,V,WT,ERR15626699,ERR14392308,ERR14392309,ERR14392310
RCN15020,LA,AmpSeqV2,N,R,N,I,C,I,D,T,N,I,S,A,K,A,A,N,Y,D,T,D,V,WT,ERR15626709,ERR14392338,ERR14392339,ERR14392340
RCN15027,LA,AmpSeqV2,I,R,N,I,C,I,E,T,N,I,S,G,K,A,A,N,Y,D,T,D,V,WT,ERR15626715,ERR14392350,ERR14392351,ERR14392352
RCN15037,LA,AmpSeqV2,N,C,S,I,C,M,N,K,N,I,S,A,K,A,A,N,Y,D,T,D,V,WT,ERR15626725,ERR14392380,ERR14392381,ERR14392382
RCN15044,LA,AmpSeqV2,N,R,N,I,C,I,E,T,N,I,S,A,K,A,A,N,Y,D,T,D,V,WT,ERR15626732,ERR14392401,ERR14392402,ERR14392403
RCN15063,LA,AmpSeqV2,I,R,N,I,C,I,E,T,N,I,S,G,K,A,A,N,Y,D,T,D,V,WT,ERR15626747,ERR14392452,ERR14392453,ERR14392454
RCN15070,LA,AmpSeqV2,N,R,N,I,C,I,D,T,N,I,S,A,K,A,A,N,Y,D,I,D,V,WT,ERR15626754,ERR14392455,ERR14392456,ERR14392457
RCN15072,LA,AmpSeqV2,N,R,N,I,C,I,D,T,N,I,S,A,K,A,A,N,Y,D,I,D,V,WT,ERR15626756,ERR14392461,ERR14392462,ERR14392463
RCN15073,LA,AmpSeqV2,N,R,N,I,C,I,D,T,N,I,S,A,K,A,A,N,Y,D,I,D,V,WT,ERR15626757,ERR14392464,ERR14392465,ERR14392466
RCN15074,LA,AmpSeqV2,N,R,N,I,C,I,D,T,N,I,S,A,K,A,A,N,Y,D,I,D,V,WT,ERR15626758,ERR14392467,ERR14392468,ERR14392469
RCN15086,LA,AmpSeqV2,N,R,N,I,C,I,D,T,N,I,S,A,K,A,A,N,Y,D,I,D,V,WT,ERR15626770,ERR14392503,ERR14392504,ERR14392505
RCN15089,LA,AmpSeqV2,N,R,N,I,C,I,D,T,N,I,S,A,K,A,A,N,Y,D,I,D,V,WT,ERR15626772,ERR14392512,ERR14392513,ERR14392514
RCN15090,LA,AmpSeqV2,N,R,N,I,C,I,D,T,N,I,S,A,K,A,A,N,Y,D,I,D,V,WT,ERR15626774,ERR14392515,ERR14392516,ERR14392517
RCN15095,LA,AmpSeqV2,N,R,N,I,C,I,D,T,N,I,S,A,K,A,A,N,Y,D,I,D,V,WT,ERR15626779,ERR14392530,ERR14392531,ERR14392532
RCN15183,LA,AmpSeqV2,I,R,N,I,C,I,D,T,N,I,S,A,K,A,A,N,Y,D,T,D,V,WT,ERR15626845,ERR14392779,ERR14392780,ERR14392781
RCN15184,LA,AmpSeqV2,I,R,N,I,C,I,E,T,N,I,S,A,K,A,A,N,Y,D,T,D,V,WT,ERR15626846,ERR14392782,ERR14392783,ERR14392784
RCN15191,LA,AmpSeqV2,N,R,N,I,C,I,E,T,N,I,S,A,K,A,A,N,Y,D,T,D,V,WT,ERR15626853,ERR14392803,ERR14392804,ERR14392805
RCN15193,LA,AmpSeqV2,I,R,N,I,C,I,D,T,N,I,S,A,K,A,A,N,Y,D,T,D,V,WT,ERR15626855,ERR14392809,ERR14392810,ERR14392811
RCN15195,LA,AmpSeqV2,N,R,N,L,C,I,E,T,N,I,S,A,K,A,A,N,Y,D,T,D,V,WT,ERR15626857,ERR14392815,ERR14392816,ERR14392817
RCN15196,LA,AmpSeqV2,N,R,N,I,C,I,D,T,N,I,S,A,K,A,A,N,Y,D,I,D,V,WT,ERR15626858,ERR14392818,ERR14392819,ERR14392820
RCN15197,LA,AmpSeqV2,N,R,N,I,C,I,D,T,N,I,S,A,K,A,A,N,Y,D,I,D,V,WT,ERR15626859,ERR14392821,ERR14392822,ERR14392823
RCN15201,LA,AmpSeqV2,I,R,N,I,C,I,D,T,N,I,S,G,K,A,A,N,F,D,T,D,V,WT,ERR15626863,ERR14392833,ERR14392834,ERR14392835
RCN15202,LA,AmpSeqV2,N,R,N,I,C,"M,I","N,D","K,T",N,I,S,A,K,A,A,N,Y,D,T,D,V,WT,ERR15626864,ERR14392836,ERR14392837,ERR14392838
RCN15208,LA,AmpSeqV2,I,R,N,I,C,M,N,K,N,I,S,A,K,A,A,N,Y,D,T,D,V,WT,ERR15626869,ERR14392854,ERR14392855,ERR14392856
RCN15212,LA,AmpSeqV2,N,R,N,I,C,I,E,T,N,I,S,A,K,A,A,N,Y,D,T,D,V,WT,ERR15626873,ERR14392866,ERR14392867,ERR14392868
RCN15218,LA,AmpSeqV2,N,R,N,I,C,I,D,T,N,I,S,A,K,A,A,N,Y,D,I,D,V,WT,ERR15626879,ERR14392881,ERR14392882,ERR14392883
RCN15220,LA,AmpSeqV2,I,R,N,I,C,I,D,T,N,I,S,A,K,A,A,N,Y,D,T,D,V,WT,ERR15626881,ERR14392887,ERR14392888,ERR14392889
RCN15221,LA,AmpSeqV2,N,R,N,I,C,I,D,T,N,I,S,A,K,A,A,N,Y,D,I,D,V,WT,ERR15626882,ERR14392890,ERR14392891,ERR14392892
RCN15227,LA,AmpSeqV2,N,R,N,I,C,I,D,T,N,I,S,A,K,A,A,N,Y,D,I,D,V,WT,ERR15626888,ERR14392908,ERR14392909,ERR14392910
RCN15228,LA,AmpSeqV2,N,R,N,I,C,I,D,T,N,I,S,A,K,A,A,N,Y,D,I,D,V,WT,ERR15626889,ERR14392911,ERR14392912,ERR14392913
RCN15233,LA,AmpSeqV2,I,R,N,L,C,I,E,T,S,T,S,G,N,G,A,N,F,D,I,Y,M,C580Y,ERR15626893,ERR14392923,ERR14392924,ERR14392925
RCN15235,LA,AmpSeqV2,I,R,N,L,C,I,E,T,S,T,S,G,N,G,A,N,F,D,I,Y,M,C580Y,ERR15626895,ERR14392929,ERR14392930,ERR14392931
RCN15236,LA,AmpSeqV2,I,R,N,L,C,I,E,T,S,T,S,G,N,G,A,N,F,D,T,Y,M,C580Y,ERR15626896,ERR14392932,ERR14392933,ERR14392934
RCN15237,LA,AmpSeqV2,I,R,N,L,C,I,E,T,S,T,S,G,N,G,A,N,F,D,I,Y,M,C580Y,ERR15626897,ERR14392935,ERR14392936,ERR14392937
RCN15238,LA,AmpSeqV2,I,R,N,L,C,I,E,T,S,T,S,G,N,G,A,N,Y,D,T,D,V,WT,ERR15626898,ERR14392938,ERR14392939,ERR14392940
RCN15241,LA,AmpSeqV2,I,R,N,L,C,I,E,T,S,T,S,G,N,G,A,N,F,D,I,Y,M,C580Y,ERR15626901,ERR14392947,ERR14392948,ERR14392949
RCN15242,LA,AmpSeqV2,I,R,N,L,C,I,E,T,S,T,S,G,N,G,A,N,F,D,I,Y,M,C580Y,ERR15626902,ERR14392950,ERR14392951,ERR14392952
RCN15245,LA,AmpSeqV2,I,R,N,L,C,I,E,T,S,T,S,G,N,G,A,N,F,D,I,Y,M,C580Y,ERR15626904,ERR14392959,ERR14392960,ERR14392961
RCN15246,LA,AmpSeqV2,I,R,N,I,C,I,E,T,S,T,A,G,K,A,A,N,Y,D,T,D,M,WT,ERR15626906,ERR14392962,ERR14392963,ERR14392964
RCN15248,LA,AmpSeqV2,I,R,N,L,C,I,E,T,S,T,S,G,N,G,A,N,F,D,I,Y,M,C580Y,ERR15626908,ERR14392968,ERR14392969,ERR14392970
RCN15250,LA,AmpSeqV2,I,R,N,I,C,I,D,T,N,I,S,A,K,A,A,N,Y,D,I,D,V,WT,ERR15626910,ERR14392974,ERR14392975,ERR14392976
RCN15260,LA,AmpSeqV2,I,R,N,L,C,I,E,T,S,T,S,G,N,G,A,N,F,D,I,Y,M,C580Y,ERR15626918,ERR14392998,ERR14392999,ERR14393000
RCN15271,LA,AmpSeqV2,I,R,N,I,C,I,D,T,N,I,S,G,E,A,A,Y,Y,D,T,D,V,WT,ERR15626928,ERR14393028,ERR14393029,ERR14393030
RCN15274,LA,AmpSeqV2,I,R,N,L,C,I,E,T,S,T,S,G,K,A,A,N,F,D,I,D,V,C580Y,ERR15626931,ERR14393037,ERR14393038,ERR14393039
RCN15275,LA,AmpSeqV2,I,R,N,L,C,I,E,T,S,T,S,G,N,G,A,N,F,D,I,Y,M,C580Y,ERR15626932,ERR14393040,ERR14393041,ERR14393042
RCN15276,LA,AmpSeqV2,I,R,N,L,C,I,E,T,S,T,S,G,N,G,A,N,F,D,I,Y,M,C580Y,ERR15626933,ERR14393043,ERR14393044,ERR14393045
RCN15278,LA,AmpSeqV2,I,R,N,L,C,I,E,T,S,T,S,G,N,G,A,N,F,D,I,Y,M,C580Y,ERR15626935,ERR14393049,ERR14393050,ERR14393051
RCN15279,LA,AmpSeqV2,I,R,N,L,C,I,E,T,S,T,S,G,N,G,A,N,F,D,I,Y,M,C580Y,ERR15626936,ERR14393052,ERR14393053,ERR14393054
RCN15281,LA,AmpSeqV2,I,R,N,L,C,I,E,T,S,T,S,G,N,G,A,N,F,D,I,Y,M,C580Y,ERR15626938,ERR14393058,ERR14393059,ERR14393060
RCN15282,LA,AmpSeqV2,I,R,N,L,C,I,E,T,S,T,S,G,N,G,A,N,F,D,I,Y,M,C580Y,ERR15626939,ERR14393061,ERR14393062,ERR14393063
RCN15283,LA,AmpSeqV2,I,R,N,L,C,I,E,T,S,T,S,G,N,G,A,N,F,D,I,Y,M,C580Y,ERR15626940,ERR14393064,ERR14393065,ERR14393066
RCN15288,LA,AmpSeqV2,I,R,N,I,C,I,D,T,N,I,S,G,E,A,A,Y,Y,D,T,D,V,WT,ERR15626944,ERR14393073,ERR14393074,ERR14393075
RCN15292,LA,AmpSeqV2,I,R,N,I,C,I,D,T,N,I,S,G,E,A,A,Y,Y,D,T,D,V,WT,ERR15626948,ERR14393085,ERR14393086,ERR14393087
RCN15293,LA,AmpSeqV2,I,R,N,I,C,I,D,T,N,I,S,G,K,A,A,N,Y,D,I,D,V,WT,ERR15626949,ERR14393088,ERR14393089,ERR14393090
RCN15294,LA,AmpSeqV2,I,R,N,I,C,I,D,T,N,I,S,G,E,A,A,Y,Y,D,T,D,V,WT,ERR15626950,ERR14393091,ERR14393092,ERR14393093
RCN15295,LA,AmpSeqV2,I,R,N,I,C,I,E,T,S,T,S,G,N,G,A,N,F,D,T,Y,M,C580Y,ERR15626951,ERR14393094,ERR14393095,ERR14393096
RCN15297,LA,AmpSeqV2,I,R,N,I,C,I,D,T,N,I,S,A,K,A,A,N,Y,D,I,Y,V,WT,ERR15626953,ERR14393100,ERR14393101,ERR14393102
RCN15298,LA,AmpSeqV2,I,R,N,I,C,I,D,T,N,I,S,A,K,A,A,N,Y,D,I,D,V,WT,ERR15626954,ERR14393103,ERR14393104,ERR14393105
RCN15299,LA,AmpSeqV2,I,R,N,I,C,I,E,T,S,T,S,G,K,A,A,N,Y,D,I,D,V,WT,ERR15626955,ERR14393106,ERR14393107,ERR14393108
RCN15301,LA,AmpSeqV2,I,R,N,I,C,I,D,T,N,I,S,A,K,A,A,N,Y,D,I,Y,V,WT,ERR15626957,ERR14393112,ERR14393113,ERR14393114
RCN15303,LA,AmpSeqV2,I,R,N,I,C,I,E,T,S,T,S,G,K,A,A,N,Y,D,I,D,V,WT,ERR15626959,ERR14393118,ERR14393119,ERR14393120
RCN15306,LA,AmpSeqV2,I,R,N,I,C,I,E,T,S,T,A,G,E,A,A,N,F,D,I,D,M,R539T,ERR15626962,ERR14393127,ERR14393128,ERR14393129
RCN15307,LA,AmpSeqV2,I,R,N,L,C,I,E,T,S,T,S,G,K,A,A,N,Y,D,I,Y,M,WT,ERR15626963,ERR14393130,ERR14393131,ERR14393132
RCN15308,LA,AmpSeqV2,I,R,N,I,C,I,D,T,N,I,S,G,E,A,A,Y,Y,D,T,D,V,WT,ERR15626964,ERR14393133,ERR14393134,ERR14393135
RCN15311,LA,AmpSeqV2,I,R,N,I,C,I,D,T,N,I,S,G,E,A,A,Y,Y,D,T,D,V,WT,ERR15626967,ERR14393142,ERR14393143,ERR14393144
RCN15315,LA,AmpSeqV2,I,R,N,L,C,I,E,T,S,T,S,G,N,G,A,N,F,D,I,Y,M,C580Y,ERR15626971,ERR14393154,ERR14393155,ERR14393156
RCN15322,LA,AmpSeqV2,I,R,N,I,C,I,D,T,N,I,S,G,E,A,A,Y,Y,D,T,D,V,WT,ERR15626978,ERR14393175,ERR14393176,ERR14393177
RCN15323,LA,AmpSeqV2,I,R,N,I,C,I,E,T,S,T,S,G,K,A,A,N,Y,D,I,D,V,WT,ERR15626979,ERR14393178,ERR14393179,ERR14393180
RCN15325,LA,AmpSeqV2,I,R,N,I,C,I,E,T,S,T,S,G,K,A,A,N,Y,D,I,D,V,WT,ERR15626982,ERR14393184,ERR14393185,ERR14393186
RCN15327,LA,AmpSeqV2,I,R,N,L,C,I,E,T,S,T,S,G,N,G,A,N,F,D,I,Y,M,C580Y,ERR15626983,ERR14393190,ERR14393191,ERR14393192
RCN15328,LA,AmpSeqV2,I,R,N,L,C,I,E,T,S,T,S,G,N,G,A,N,F,D,I,Y,M,C580Y,ERR15626984,ERR14393193,ERR14393194,ERR14393195
RCN15332,LA,AmpSeqV2,I,R,N,I,C,I,D,T,N,I,S,A,K,A,A,N,Y,D,I,D,V,WT,ERR15626988,ERR14393205,ERR14393206,ERR14393207
RCN15333,LA,AmpSeqV2,I,R,N,L,C,I,E,T,S,T,S,G,N,G,A,N,F,D,I,Y,M,C580Y,ERR15626989,ERR14393208,ERR14393209,ERR14393210
RCN15334,LA,AmpSeqV2,I,R,N,I,C,I,D,T,N,I,S,G,E,A,A,Y,Y,D,T,D,V,WT,ERR15626990,ERR14393211,ERR14393212,ERR14393213
RCN15335,LA,AmpSeqV2,N,R,N,I,C,"M,I","N,D","K,T",N,I,S,A,K,A,A,N,Y,D,T,D,V,WT,ERR15626991,ERR14393214,ERR14393215,ERR14393216
RCN15341,LA,AmpSeqV2,I,R,N,I,C,I,D,T,N,I,S,A,K,A,A,N,Y,D,I,D,V,WT,ERR15626995,ERR14393226,ERR14393227,ERR14393228
RCN15342,LA,AmpSeqV2,I,R,N,L,C,I,E,T,S,T,S,G,N,G,A,N,F,D,I,Y,M,C580Y,ERR15626996,ERR14393229,ERR14393230,ERR14393231
RCN15345,LA,AmpSeqV2,I,R,N,I,C,I,D,T,N,I,S,A,K,A,A,N,Y,D,I,D,V,WT,ERR15626998,ERR14393235,ERR14393236,ERR14393237
RCN15346,LA,AmpSeqV2,I,R,N,I,C,I,D,T,N,I,S,A,K,A,A,N,Y,D,I,D,V,WT,ERR15626999,ERR14393238,ERR14393239,ERR14393240
RCN15347,LA,AmpSeqV2,I,R,N,I,C,I,D,T,N,I,A,G,E,A,T,N,F,D,I,Y,M,C580Y,ERR15627000,ERR14393241,ERR14393242,ERR14393243
RCN15348,LA,AmpSeqV2,I,R,N,I,C,I,D,T,N,I,A,G,E,A,T,N,F,D,I,Y,M,C580Y,ERR15627001,ERR14393244,ERR14393245,ERR14393246
RCN15349,LA,AmpSeqV2,I,R,N,I,C,I,D,T,N,I,A,G,E,A,T,N,F,D,I,Y,M,C580Y,ERR15627002,ERR14393247,ERR14393248,ERR14393249
RCN15350,LA,AmpSeqV2,I,R,N,I,C,I,D,T,N,I,A,G,E,A,T,N,F,D,I,Y,M,C580Y,ERR15627003,ERR14393250,ERR14393251,ERR14393252
RCN15351,LA,AmpSeqV2,I,R,N,L,C,I,D,T,N,I,A,G,E,A,T,N,F,D,I,Y,M,C580Y,ERR15627004,ERR14393253,ERR14393254,ERR14393255
RCN15352,LA,AmpSeqV2,I,R,N,I,C,I,D,T,N,I,S,A,K,A,A,N,Y,D,I,D,V,WT,ERR15627005,ERR14393256,ERR14393257,ERR14393258
RCN15353,LA,AmpSeqV2,I,R,N,I,C,I,D,T,N,I,A,G,E,A,T,N,F,D,I,Y,M,C580Y,ERR15627006,ERR14393259,ERR14393260,ERR14393261
RCN15354,LA,AmpSeqV2,I,R,N,L,C,I,E,T,S,T,S,G,N,G,A,N,F,D,I,Y,M,C580Y,ERR15627007,ERR14393262,ERR14393263,ERR14393264
RCN15355,LA,AmpSeqV2,I,R,N,I,C,I,D,T,N,I,A,G,E,A,T,N,F,D,I,Y,M,C580Y,ERR15627008,ERR14393265,ERR14393266,ERR14393267
RCN15356,LA,AmpSeqV2,I,R,N,I,C,I,D,T,N,I,S,A,K,A,A,N,Y,D,I,D,V,WT,ERR15627009,ERR14393268,ERR14393269,ERR14393270
RCN15357,LA,AmpSeqV2,I,R,N,I,C,I,D,T,N,I,S,G,E,A,A,Y,Y,D,T,D,V,WT,ERR15627010,ERR14393271,ERR14393272,ERR14393273
RCN15358,LA,AmpSeqV2,I,R,N,L,C,I,E,T,S,T,S,G,N,G,A,N,F,D,I,Y,M,C580Y,ERR15627011,ERR14393274,ERR14393275,ERR14393276
RCN15362,LA,AmpSeqV2,I,R,N,I,C,I,D,T,N,I,S,A,K,A,A,N,Y,D,I,D,V,WT,ERR15627014,ERR14393283,ERR14393284,ERR14393285
RCN15366,LA,AmpSeqV2,I,R,N,I,C,I,D,T,N,I,S,A,K,A,A,N,Y,D,I,D,V,WT,ERR15627018,ERR14393295,ERR14393296,ERR14393297
RCN15369,LA,AmpSeqV2,I,R,N,I,C,I,D,T,N,I,S,A,K,A,A,N,Y,D,I,D,V,WT,ERR15627020,ERR14393301,ERR14393302,ERR14393303
RCN15371,LA,AmpSeqV2,I,R,N,L,C,I,E,T,S,T,S,G,N,G,A,N,F,D,I,Y,M,C580Y,ERR15627022,ERR14393307,ERR14393308,ERR14393309
RCN15372,LA,AmpSeqV2,I,R,N,I,C,I,D,T,N,I,S,A,K,A,A,N,Y,D,I,D,V,WT,ERR15627023,ERR14393310,ERR14393311,ERR14393312
RCN15373,LA,AmpSeqV2,I,R,N,I,C,I,D,T,N,I,S,A,K,A,A,N,Y,D,I,D,V,WT,ERR15627024,ERR14393313,ERR14393314,ERR14393315
RCN15374,LA,AmpSeqV2,I,R,N,I,C,I,D,T,N,I,S,A,K,A,A,N,Y,D,I,D,V,WT,ERR15627025,ERR14393316,ERR14393317,ERR14393318
RCN15376,LA,AmpSeqV2,I,R,N,I,C,I,D,T,N,I,S,G,E,A,A,Y,Y,D,T,D,V,WT,ERR15627027,ERR14393322,ERR14393323,ERR14393324
RCN15377,LA,AmpSeqV2,I,R,N,I,C,I,D,T,N,I,S,G,E,A,A,Y,Y,D,T,D,V,WT,ERR15627028,ERR14393325,ERR14393326,ERR14393327
RCN15381,LA,AmpSeqV2,I,R,N,I,C,I,D,T,N,I,S,A,K,A,A,N,Y,D,I,D,V,WT,ERR15627032,ERR14393328,ERR14393329,ERR14393330
RCN15382,LA,AmpSeqV2,I,R,N,I,C,I,D,T,N,I,S,A,K,A,A,N,Y,D,I,D,V,WT,ERR15627033,ERR14393331,ERR14393332,ERR14393333
RCN15387,LA,AmpSeqV2,I,R,N,I,C,I,D,T,N,I,S,A,K,A,A,N,Y,D,I,D,V,WT,ERR15627036,ERR14393334,ERR14393335,ERR14393336
RCN15845,VN,AmpSeqV2,I,R,N,L,C,I,E,T,S,T,S,G,N,G,A,N,F,D,I,Y,M,C580Y,ERR15627099,ERR14393379,ERR14393380,ERR14393381
RCN15869,VN,AmpSeqV2,I,R,N,L,C,I,E,T,S,T,S,G,N,G,A,N,F,D,I,Y,M,C580Y,ERR15627103,ERR14393439,ERR14393440,ERR14393441
RCN15877,VN,AmpSeqV2,N,R,N,I,C,I,D,T,N,I,S,A,K,A,A,N,Y,D,I,D,V,WT,ERR15627106,ERR14393463,ERR14393464,ERR14393465
RCN15885,VN,AmpSeqV2,I,R,N,L,C,I,E,T,S,T,S,G,N,G,A,N,F,D,I,Y,M,C580Y,ERR15627109,ERR14393487,ERR14393488,ERR14393489
RCN15887,VN,AmpSeqV2,I,R,N,I,C,I,E,T,S,T,S,G,N,G,A,N,Y,D,I,Y,M,C580Y,ERR15627111,ERR14393493,ERR14393494,ERR14393495
RCN15888,VN,AmpSeqV2,I,R,N,L,C,I,E,T,S,T,S,G,N,G,A,N,F,D,I,Y,M,C580Y,ERR15627112,ERR14393496,ERR14393497,ERR14393498
RCN15893,VN,AmpSeqV2,I,R,N,L,C,I,E,T,S,T,S,G,N,G,A,N,F,D,I,Y,M,C580Y,ERR15627114,ERR14393511,ERR14393512,ERR14393513
RCN15894,VN,AmpSeqV2,I,R,N,L,C,I,E,T,S,T,S,G,N,G,A,N,F,D,I,Y,M,C580Y,ERR15627115,ERR14393514,ERR14393515,ERR14393516
RCN15895,VN,AmpSeqV2,I,R,N,L,C,I,E,T,S,T,S,G,N,G,A,N,F,D,I,Y,M,C580Y,ERR15627116,ERR14393517,ERR14393518,ERR14393519
RCN15897,VN,AmpSeqV2,I,R,N,I,C,I,E,T,N,I,S,G,N,G,A,N,F,D,T,Y,M,C580Y,ERR15627118,ERR14393523,ERR14393524,ERR14393525
RCN15903,VN,AmpSeqV2,I,R,N,L,C,I,E,T,S,T,S,G,N,G,A,N,F,D,I,Y,M,C580Y,ERR15627120,ERR14393538,ERR14393539,ERR14393540
RCN15904,VN,AmpSeqV2,I,R,N,I,C,I,D,T,N,I,S,A,K,A,A,N,Y,D,I,D,V,WT,ERR15627121,ERR14393541,ERR14393542,ERR14393543
RCN15905,VN,AmpSeqV2,I,R,N,L,C,I,E,T,S,T,S,G,N,G,A,N,F,D,I,Y,M,C580Y,ERR15627122,ERR14393544,ERR14393545,ERR14393546
RCN15908,VN,AmpSeqV2,I,R,N,L,C,I,E,T,S,T,S,G,N,G,A,N,F,D,I,Y,M,C580Y,ERR15627123,ERR14393553,ERR14393554,ERR14393555
RCN15911,VN,AmpSeqV2,I,R,N,L,C,I,E,T,S,T,S,G,N,G,A,N,F,D,I,Y,M,C580Y,ERR15627124,ERR14393562,ERR14393563,ERR14393564
RCN15912,VN,AmpSeqV2,I,R,N,L,C,I,E,T,S,T,S,G,N,G,A,N,F,D,I,Y,M,C580Y,ERR15627125,ERR14393565,ERR14393566,ERR14393567
RCN15913,VN,AmpSeqV2,I,R,N,L,C,I,E,T,S,T,S,G,N,G,A,N,F,D,I,Y,M,C580Y,ERR15627126,ERR14393568,ERR14393569,ERR14393570
RCN15926,VN,AmpSeqV2,I,R,N,L,C,I,E,T,S,T,S,G,N,G,A,N,F,D,I,Y,M,C580Y,ERR15627130,ERR14393607,ERR14393608,ERR14393609
RCN15927,VN,AmpSeqV2,I,R,N,L,C,I,E,T,S,T,S,G,N,G,A,N,F,D,I,Y,M,C580Y,ERR15627131,ERR14393610,ERR14393611,ERR14393612
RCN15928,VN,AmpSeqV2,I,R,N,L,C,I,E,T,S,T,S,G,N,G,A,N,F,D,I,Y,M,C580Y,ERR15627132,ERR14393613,ERR14393614,ERR14393615
RCN15930,VN,AmpSeqV2,I,R,N,L,C,I,E,T,S,T,S,G,N,G,A,N,F,D,I,Y,M,C580Y,ERR15627133,ERR14393619,ERR14393620,ERR14393621
RCN15932,VN,AmpSeqV2,I,R,N,L,C,I,E,T,S,T,S,G,N,G,A,N,F,D,I,Y,M,C580Y,ERR15627134,ERR14393625,ERR14393626,ERR14393627
RCN15934,VN,AmpSeqV2,I,R,N,L,C,I,E,T,S,T,S,G,N,G,A,N,F,D,I,Y,M,C580Y,ERR15627135,ERR14393631,ERR14393632,ERR14393633
RCN15936,VN,AmpSeqV2,I,R,N,L,C,I,E,T,S,T,S,G,N,G,A,N,F,D,I,Y,M,C580Y,ERR15627136,ERR14393637,ERR14393638,ERR14393639
RCN15937,VN,AmpSeqV2,I,R,N,L,C,I,E,T,S,T,S,G,N,G,A,N,F,D,I,Y,M,C580Y,ERR15627137,ERR14393640,ERR14393641,ERR14393642
RCN15942,VN,AmpSeqV2,I,R,N,L,C,I,E,T,S,T,S,G,N,G,A,N,F,D,I,Y,M,C580Y,ERR15627138,ERR14393655,ERR14393656,ERR14393657
RCN15944,VN,AmpSeqV2,I,R,N,L,C,I,E,T,S,T,S,G,N,G,A,N,F,D,I,Y,M,C580Y,ERR15627140,ERR14393661,ERR14393662,ERR14393663
RCN15946,VN,AmpSeqV2,I,R,N,L,C,I,E,T,S,T,S,G,N,G,A,N,F,D,I,Y,M,C580Y,ERR15627141,ERR14393667,ERR14393668,ERR14393669
RCN15950,VN,AmpSeqV2,I,R,N,L,C,I,E,T,S,T,S,G,N,G,A,N,F,D,I,Y,M,C580Y,ERR15627144,ERR14393679,ERR14393680,ERR14393681
RCN15958,VN,AmpSeqV2,I,R,N,L,C,I,E,T,S,T,S,G,N,G,A,N,F,D,I,Y,M,C580Y,ERR15627145,ERR14393700,ERR14393701,ERR14393702
RCN15961,VN,AmpSeqV2,I,R,N,L,C,I,E,T,S,T,S,G,N,G,A,N,F,D,I,Y,M,C580Y,ERR15627148,ERR14393709,ERR14393710,ERR14393711
RCN15966,VN,AmpSeqV2,I,R,N,L,C,I,E,T,S,T,S,G,N,G,A,N,F,D,I,Y,M,C580Y,ERR15627149,ERR14393724,ERR14393725,ERR14393726
RCN15967,VN,AmpSeqV2,I,R,N,L,C,I,E,T,S,T,S,G,N,G,A,N,F,D,I,Y,M,C580Y,ERR15627150,ERR14393727,ERR14393728,ERR14393729
RCN15968,VN,AmpSeqV2,I,R,N,L,C,I,E,T,S,T,S,G,N,G,A,N,F,D,I,Y,M,C580Y,ERR15627151,ERR14393730,ERR14393731,ERR14393732
RCN15975,VN,AmpSeqV2,I,R,N,L,C,I,E,T,S,T,S,G,N,G,A,N,F,D,I,Y,M,C580Y,ERR15627156,ERR14393751,ERR14393752,ERR14393753
RCN15978,VN,AmpSeqV2,I,R,N,L,C,I,E,T,S,T,S,G,N,G,A,N,F,D,I,Y,M,C580Y,ERR15627157,ERR14393760,ERR14393761,ERR14393762
RCN15979,VN,AmpSeqV2,I,R,N,L,C,I,E,T,S,T,S,G,N,G,A,N,F,D,I,Y,M,C580Y,ERR15627158,ERR14393763,ERR14393764,ERR14393765
RCN15980,VN,AmpSeqV2,I,R,N,L,C,I,E,T,S,T,S,G,N,G,A,N,F,D,I,Y,M,C580Y,ERR15627159,ERR14393766,ERR14393767,ERR14393768
RCN15982,VN,AmpSeqV2,I,R,N,L,C,I,E,T,S,T,S,G,N,G,A,N,F,D,I,Y,M,C580Y,ERR15627160,ERR14393772,ERR14393773,ERR14393774
RCN15983,VN,AmpSeqV2,I,R,N,L,C,I,E,T,S,T,S,G,N,G,A,N,F,D,I,Y,M,C580Y,ERR15627161,ERR14393775,ERR14393776,ERR14393777
RCN15987,VN,AmpSeqV2,I,R,N,L,C,I,E,T,S,T,S,G,N,G,A,N,F,D,I,Y,M,C580Y,ERR15627163,ERR14393787,ERR14393788,ERR14393789
RCN15988,VN,AmpSeqV2,I,R,N,L,C,I,E,T,S,T,S,G,N,G,A,N,F,D,I,Y,M,C580Y,ERR15627164,ERR14393790,ERR14393791,ERR14393792
RCN15989,VN,AmpSeqV2,I,R,N,L,C,I,E,T,S,T,S,G,N,G,A,N,F,D,I,Y,M,C580Y,ERR15627165,ERR14393793,ERR14393794,ERR14393795
RCN15990,VN,AmpSeqV2,I,R,N,L,C,I,E,T,S,T,S,G,N,G,A,N,F,D,I,Y,M,C580Y,ERR15627166,ERR14393796,ERR14393797,ERR14393798
RCN15991,VN,AmpSeqV2,I,R,N,L,C,I,E,T,S,T,S,G,N,G,A,N,F,D,I,Y,M,C580Y,ERR15627167,ERR14393799,ERR14393800,ERR14393801
RCN15995,VN,AmpSeqV2,I,R,N,L,C,I,E,T,S,T,S,G,N,G,A,N,F,D,I,Y,M,C580Y,ERR15627169,ERR14393808,ERR14393809,ERR14393810
RCN15997,VN,AmpSeqV2,I,R,N,L,C,I,E,T,S,T,S,G,N,G,A,N,F,D,I,Y,M,C580Y,ERR15627171,ERR14393814,ERR14393815,ERR14393816
RCN15999,VN,AmpSeqV2,I,R,N,L,C,I,E,T,S,T,S,G,N,G,A,N,F,D,I,Y,M,C580Y,ERR15627173,ERR14393820,ERR14393821,ERR14393822
RCN16004,VN,AmpSeqV2,I,R,N,L,C,I,E,T,S,T,S,G,N,G,A,N,F,D,I,Y,M,C580Y,ERR15627176,ERR14393835,ERR14393836,ERR14393837
RCN16005,VN,AmpSeqV2,I,R,N,L,C,I,E,T,S,T,S,G,N,G,A,N,F,D,I,Y,M,C580Y,ERR15627177,ERR14393838,ERR14393839,ERR14393840
RCN16006,VN,AmpSeqV2,I,R,N,L,C,I,E,T,S,T,S,G,N,G,A,N,F,D,I,Y,M,C580Y,ERR15627178,ERR14393841,ERR14393842,ERR14393843
RCN16011,VN,AmpSeqV2,I,R,N,I,C,I,E,T,S,T,S,G,N,G,A,N,F,D,I,Y,M,C580Y,ERR15627181,ERR14393856,ERR14393857,ERR14393858
RCN16014,VN,AmpSeqV2,I,R,N,I,C,I,D,T,N,I,S,G,E,A,A,N,Y,D,I,D,M,WT,ERR15627183,ERR14393865,ERR14393866,ERR14393867
RCN16015,VN,AmpSeqV2,I,R,N,I,C,I,D,T,N,I,S,G,E,A,A,N,Y,D,I,D,M,WT,ERR15627184,ERR14393868,ERR14393869,ERR14393870
RCN16019,VN,AmpSeqV2,I,R,N,I,C,I,E,T,S,T,S,G,N,G,A,N,Y,D,I,Y,M,C580Y,ERR15627185,ERR14393874,ERR14393875,ERR14393876
RCN16020,VN,AmpSeqV2,I,R,N,I,C,I,E,T,S,T,A,G,K,A,A,N,F,D,I,Y,M,WT,ERR15627186,ERR14393877,ERR14393878,ERR14393879
RCN16022,VN,AmpSeqV2,I,R,N,L,C,I,E,T,S,T,S,G,N,G,A,N,F,D,I,Y,M,C580Y,ERR15627188,ERR14393883,ERR14393884,ERR14393885
RCN16023,VN,AmpSeqV2,I,R,N,I,C,I,E,T,S,T,A,G,K,A,A,N,F,D,I,Y,M,WT,ERR15627189,ERR14393886,ERR14393887,ERR14393888
RCN16026,VN,AmpSeqV2,I,R,N,L,C,I,E,T,S,T,S,G,N,G,A,N,F,D,I,Y,M,C580Y,ERR15627190,ERR14393892,ERR14393893,ERR14393894
RCN16027,VN,AmpSeqV2,I,R,N,L,C,I,E,T,S,T,S,G,N,G,A,N,F,D,I,Y,M,C580Y,ERR15627191,ERR14393895,ERR14393896,ERR14393897
RCN16029,VN,AmpSeqV2,I,R,N,L,C,I,E,T,S,T,S,G,N,G,A,N,F,D,I,Y,M,C580Y,ERR15627192,ERR14393898,ERR14393899,ERR14393900
RCN16042,VN,AmpSeqV2,I,R,N,I,C,I,E,T,S,T,A,G,K,A,A,N,F,D,I,Y,M,WT,ERR15627198,ERR14393925,ERR14393926,ERR14393927
RCN16043,VN,AmpSeqV2,I,R,N,I,C,I,E,T,S,T,A,G,K,A,A,N,F,D,I,Y,M,WT,ERR15627199,ERR14393928,ERR14393929,ERR14393930
RCN16045,VN,AmpSeqV2,I,R,N,L,C,I,E,T,S,T,S,G,N,G,A,N,F,D,I,Y,M,C580Y,ERR15627200,ERR14393934,ERR14393935,ERR14393936
RCN16046,VN,AmpSeqV2,I,R,N,L,C,I,E,T,S,T,S,G,N,G,A,N,F,D,I,Y,M,C580Y,ERR15627201,ERR14393937,ERR14393938,ERR14393939
RCN16047,VN,AmpSeqV2,I,R,N,L,C,I,E,T,S,T,S,G,N,G,A,N,F,D,I,Y,M,C580Y,ERR15627202,ERR14393940,ERR14393941,ERR14393942
RCN16049,VN,AmpSeqV2,I,R,N,L,C,I,E,T,S,T,S,G,N,G,A,N,F,D,I,Y,M,C580Y,ERR15627204,ERR14393946,ERR14393947,ERR14393948
RCN16050,VN,AmpSeqV2,I,R,N,L,C,I,E,T,S,T,S,G,N,G,A,N,F,D,I,Y,M,C580Y,ERR15627205,ERR14393949,ERR14393950,ERR14393951
RCN18470,VN,AmpSeqV2,I,R,N,L,C,I,E,T,S,T,S,G,N,G,A,N,F,D,I,Y,M,C580Y,ERR15627257,ERR14393952,ERR14393953,ERR14393954
RCN18485,VN,AmpSeqV2,I,R,N,L,C,I,E,T,S,T,S,G,N,G,A,N,F,D,I,Y,M,C580Y,ERR15627269,ERR14393991,ERR14393992,ERR14393993
RCN18488,VN,AmpSeqV2,I,R,N,L,C,I,E,T,S,T,S,G,N,G,A,N,F,D,I,Y,M,C580Y,ERR15627272,ERR14394000,ERR14394001,ERR14394002
RCN18489,VN,AmpSeqV2,I,R,N,L,C,I,E,T,S,T,S,G,N,G,A,N,F,D,I,Y,M,C580Y,ERR15627273,ERR14394003,ERR14394004,ERR14394005
RCN18493,VN,AmpSeqV2,I,R,N,L,C,I,E,T,S,T,S,G,N,G,A,N,F,D,I,Y,M,C580Y,ERR15627275,ERR14394012,ERR14394013,ERR14394014
RCN18494,VN,AmpSeqV2,I,R,N,L,C,I,E,T,S,T,S,G,N,G,A,N,F,D,I,Y,M,C580Y,ERR15627276,ERR14394015,ERR14394016,ERR14394017
RCN18496,VN,AmpSeqV2,I,R,N,L,C,I,E,T,S,T,S,G,N,G,A,N,F,D,I,Y,M,C580Y,ERR15627277,ERR14394021,ERR14394022,ERR14394023
RCN18500,VN,AmpSeqV2,I,R,N,L,C,I,E,T,S,T,S,G,N,G,A,N,F,D,I,Y,M,C580Y,ERR15627280,ERR14394033,ERR14394034,ERR14394035
RCN18503,VN,AmpSeqV2,I,R,N,L,C,I,E,T,S,T,S,G,N,G,A,N,F,D,I,Y,M,C580Y,ERR15627282,ERR14394042,ERR14394043,ERR14394044
RCN18504,VN,AmpSeqV2,I,R,N,L,C,I,E,T,S,T,S,G,N,G,A,N,F,D,I,Y,M,C580Y,ERR15627283,ERR14394045,ERR14394046,ERR14394047
RCN18511,VN,AmpSeqV2,I,R,N,L,C,I,E,T,S,T,S,G,N,G,A,N,F,D,I,Y,M,C580Y,ERR15627288,ERR14394060,ERR14394061,ERR14394062
RCN18512,VN,AmpSeqV2,I,R,N,L,C,I,E,T,S,T,S,G,N,G,A,N,F,D,I,Y,M,C580Y,ERR15627289,ERR14394063,ERR14394064,ERR14394065
RCN18513,VN,AmpSeqV2,I,R,N,L,C,I,E,T,S,T,S,G,N,G,A,N,F,D,I,Y,M,C580Y,ERR15627290,ERR14394066,ERR14394067,ERR14394068
RCN18518,VN,AmpSeqV2,I,R,N,L,C,I,E,T,S,T,S,G,N,G,A,N,F,D,I,Y,M,C580Y,ERR15627292,ERR14394078,ERR14394079,ERR14394080
RCN18519,VN,AmpSeqV2,I,R,N,I,C,I,E,T,S,T,S,G,N,G,A,N,F,D,I,Y,M,C580Y,ERR15627293,ERR14394081,ERR14394082,ERR14394083
RCN18534,VN,AmpSeqV2,I,R,N,L,C,I,E,T,S,T,S,G,N,G,A,N,F,D,I,Y,M,C580Y,ERR15627303,ERR14394123,ERR14394124,ERR14394125
RCN18536,VN,AmpSeqV2,I,R,N,L,C,I,E,T,S,T,S,G,N,G,A,N,F,D,I,Y,M,C580Y,ERR15627304,ERR14394129,ERR14394130,ERR14394131
RCN18540,VN,AmpSeqV2,I,R,N,L,C,I,E,T,S,T,S,G,N,G,A,N,F,D,I,Y,M,C580Y,ERR15627305,ERR14394138,ERR14394139,ERR14394140
RCN18542,VN,AmpSeqV2,I,R,N,L,C,I,E,T,S,T,S,G,N,G,A,N,F,D,I,Y,M,C580Y,ERR15627306,ERR14394144,ERR14394145,ERR14394146
RCN18543,VN,AmpSeqV2,I,R,N,L,C,I,E,T,S,T,S,G,N,G,A,N,F,D,I,Y,M,C580Y,ERR15627307,ERR14394147,ERR14394148,ERR14394149
RCN18549,VN,AmpSeqV2,I,R,N,L,C,I,E,T,S,T,S,G,N,G,A,N,F,D,I,Y,M,C580Y,ERR15627310,ERR14394165,ERR14394166,ERR14394167
RCN18550,VN,AmpSeqV2,I,R,N,L,C,I,E,T,S,T,S,G,N,G,A,N,F,D,I,Y,M,C580Y,ERR15627311,ERR14394168,ERR14394169,ERR14394170
RCN18551,VN,AmpSeqV2,I,R,N,L,C,I,E,T,S,T,S,G,N,G,A,N,F,D,I,Y,M,C580Y,ERR15627312,ERR14394171,ERR14394172,ERR14394173
RCN18560,VN,AmpSeqV2,I,R,N,L,C,I,E,T,S,T,S,G,N,G,A,N,F,D,I,Y,M,C580Y,ERR15627315,ERR14394195,ERR14394196,ERR14394197
RCN18565,VN,AmpSeqV2,I,R,N,L,C,I,E,T,S,T,S,G,N,G,A,N,F,D,I,Y,M,C580Y,ERR15627317,ERR14394210,ERR14394211,ERR14394212
RCN18572,VN,AmpSeqV2,I,R,N,L,C,I,E,T,S,T,S,G,N,G,A,N,F,D,I,Y,M,C580Y,ERR15627320,ERR14394231,ERR14394232,ERR14394233
RCN18575,VN,AmpSeqV2,I,R,N,L,C,I,E,T,S,T,S,G,N,G,A,N,F,D,I,Y,M,C580Y,ERR15627323,ERR14394240,ERR14394241,ERR14394242
RCN18581,VN,AmpSeqV2,I,R,N,I,C,I,D,T,N,I,S,G,E,A,A,N,Y,D,I,D,M,WT,ERR15627325,ERR14394258,ERR14394259,ERR14394260
RCN18586,VN,AmpSeqV2,I,R,N,L,C,I,E,T,S,T,S,G,N,G,A,N,F,D,I,Y,M,C580Y,ERR15627328,ERR14394273,ERR14394274,ERR14394275
RCN18587,VN,AmpSeqV2,I,R,N,L,C,I,E,T,S,T,S,G,N,G,A,N,F,D,I,Y,M,C580Y,ERR15627329,ERR14394276,ERR14394277,ERR14394278
RCN18589,VN,AmpSeqV2,I,R,N,L,C,I,E,T,S,T,S,G,N,G,A,N,F,D,I,Y,M,C580Y,ERR15627331,ERR14394282,ERR14394283,ERR14394284
RCN18590,VN,AmpSeqV2,I,R,N,L,C,I,E,T,S,T,S,G,N,G,A,N,F,D,I,Y,M,C580Y,ERR15627332,ERR14394285,ERR14394286,ERR14394287
RCN18591,VN,AmpSeqV2,I,R,N,L,C,I,E,T,S,T,S,G,N,G,A,N,F,D,I,Y,M,C580Y,ERR15627333,ERR14394288,ERR14394289,ERR14394290
RCN18593,VN,AmpSeqV2,I,R,N,"I,L",C,I,E,T,S,T,S,G,N,G,A,N,F,D,I,Y,M,C580Y,ERR15627334,ERR14394294,ERR14394295,ERR14394296
RCN18594,VN,AmpSeqV2,I,R,N,"I,L",C,I,E,T,S,T,S,G,N,G,A,N,F,D,I,Y,M,C580Y,ERR15627335,ERR14394297,ERR14394298,ERR14394299
RCN18607,VN,AmpSeqV2,I,R,N,L,C,I,E,T,S,T,S,G,N,G,A,N,F,D,I,Y,M,C580Y,ERR15627339,ERR14394315,ERR14394316,ERR14394317
RCN18611,VN,AmpSeqV2,I,R,N,L,C,I,E,T,S,T,S,G,N,G,A,N,F,D,I,Y,M,C580Y,ERR15627341,ERR14394327,ERR14394328,ERR14394329
RCN18612,VN,AmpSeqV2,I,R,N,L,C,I,E,T,S,T,S,G,N,G,A,N,F,D,I,Y,M,C580Y,ERR15627342,ERR14394330,ERR14394331,ERR14394332
RCN18613,VN,AmpSeqV2,I,R,N,L,C,I,E,T,S,T,S,G,N,G,A,N,F,D,I,Y,M,C580Y,ERR15627343,ERR14394333,ERR14394334,ERR14394335
RCN18614,VN,AmpSeqV2,I,R,N,L,C,I,E,T,S,T,S,G,N,G,A,N,F,D,I,Y,M,C580Y,ERR15627344,ERR14394336,ERR14394337,ERR14394338
RCN18615,VN,AmpSeqV2,I,R,N,L,C,I,E,T,S,T,S,G,N,G,A,N,F,D,I,Y,M,C580Y,ERR15627345,ERR14394339,ERR14394340,ERR14394341
RCN18618,VN,AmpSeqV2,I,R,N,L,C,I,E,T,S,T,S,G,N,G,A,N,F,D,I,Y,M,C580Y,ERR15627346,ERR14394348,ERR14394349,ERR14394350
RCN18621,VN,AmpSeqV2,I,R,N,L,C,I,E,T,S,T,S,G,N,G,A,N,F,D,I,Y,M,C580Y,ERR15627349,ERR14394357,ERR14394358,ERR14394359
RCN18622,VN,AmpSeqV2,I,R,N,L,C,I,E,T,S,T,S,G,N,G,A,N,F,D,I,Y,M,C580Y,ERR15627350,ERR14394360,ERR14394361,ERR14394362
RCN18627,VN,AmpSeqV2,I,R,N,L,C,I,E,T,S,T,S,G,N,G,A,N,F,D,I,Y,M,C580Y,ERR15627352,ERR14394372,ERR14394373,ERR14394374
RCN18630,VN,AmpSeqV2,I,R,N,L,C,I,E,T,S,T,S,G,N,G,A,N,F,D,I,Y,M,C580Y,ERR15627354,ERR14394381,ERR14394382,ERR14394383
RCN18631,VN,AmpSeqV2,I,R,N,L,C,I,E,T,S,T,S,G,N,G,A,N,F,D,I,Y,M,C580Y,ERR15627355,ERR14394384,ERR14394385,ERR14394386
RCN18633,VN,AmpSeqV2,I,R,N,L,C,I,E,T,S,T,S,G,N,G,A,N,F,D,I,Y,M,C580Y,ERR15627356,ERR14394390,ERR14394391,ERR14394392
RCN18634,VN,AmpSeqV2,I,R,N,L,C,I,E,T,S,T,S,G,N,G,A,N,F,D,I,Y,M,C580Y,ERR15627357,ERR14394393,ERR14394394,ERR14394395
RCN18635,VN,AmpSeqV2,I,R,N,L,C,I,E,T,S,T,S,G,N,G,A,N,F,D,I,Y,M,C580Y,ERR15627358,ERR14394396,ERR14394397,ERR14394398
RCN18636,VN,AmpSeqV2,I,R,N,L,C,I,E,T,S,T,S,G,N,G,A,N,F,D,I,Y,M,C580Y,ERR15627359,ERR14394399,ERR14394400,ERR14394401
RCN18637,VN,AmpSeqV2,I,R,N,L,C,I,E,T,S,T,S,G,N,G,A,N,F,D,I,Y,M,C580Y,ERR15627360,ERR14394402,ERR14394403,ERR14394404
RCN18638,VN,AmpSeqV2,I,R,N,L,C,I,E,T,S,T,S,G,N,G,A,N,F,D,I,Y,M,C580Y,ERR15627361,ERR14394405,ERR14394406,ERR14394407
RCN18639,VN,AmpSeqV2,I,R,N,L,C,I,E,T,S,T,S,G,N,G,A,N,F,D,I,Y,M,C580Y,ERR15627362,ERR14394408,ERR14394409,ERR14394410
RCN18641,VN,AmpSeqV2,I,R,N,L,C,I,E,T,S,T,S,G,N,G,A,N,F,D,I,Y,M,C580Y,ERR15627364,ERR14394414,ERR14394415,ERR14394416
RCN18644,VN,AmpSeqV2,I,R,N,L,C,I,E,T,S,T,S,G,N,G,A,N,F,D,I,Y,M,C580Y,ERR15627363,ERR14394423,ERR14394424,ERR14394425
RCN18646,VN,AmpSeqV2,I,R,N,L,C,I,E,T,S,T,S,G,N,G,A,N,F,D,I,Y,M,C580Y,ERR15627365,ERR14394426,ERR14394427,ERR14394428
RCN18647,VN,AmpSeqV2,I,R,N,L,C,I,E,T,S,T,S,G,N,G,A,N,F,D,I,Y,M,C580Y,ERR15627366,ERR14394429,ERR14394430,ERR14394431
RCN18651,VN,AmpSeqV2,I,R,N,L,C,I,E,T,S,T,S,G,N,G,A,N,F,D,I,Y,M,C580Y,ERR15627368,ERR14394441,ERR14394442,ERR14394443
RCN18654,VN,AmpSeqV2,I,R,N,L,C,I,E,T,S,T,S,G,N,G,A,N,F,D,I,Y,M,C580Y,ERR15627369,ERR14394450,ERR14394451,ERR14394452
RCN18655,VN,AmpSeqV2,I,R,N,L,C,I,E,T,S,T,S,G,N,G,A,N,F,D,I,Y,M,C580Y,ERR15627370,ERR14394453,ERR14394454,ERR14394455
RCN18658,VN,AmpSeqV2,I,R,N,L,C,I,E,T,S,T,S,G,N,G,A,N,F,D,I,Y,M,C580Y,ERR15627371,ERR14394462,ERR14394463,ERR14394464
RCN18659,VN,AmpSeqV2,I,R,N,L,C,I,E,T,S,T,S,G,N,G,A,N,F,D,I,Y,M,C580Y,ERR15627372,ERR14394465,ERR14394466,ERR14394467
RCN18660,VN,AmpSeqV2,I,R,N,L,C,I,E,T,S,T,S,G,N,G,A,N,F,D,I,Y,M,C580Y,ERR15627373,ERR14394468,ERR14394469,ERR14394470
RCN18664,VN,AmpSeqV2,I,R,N,L,C,I,E,T,S,T,S,G,N,G,A,N,F,D,I,Y,M,C580Y,ERR15627375,ERR14394477,ERR14394478,ERR14394479
RCN18665,VN,AmpSeqV2,I,R,N,L,C,I,E,T,S,T,S,G,N,G,A,N,F,D,I,Y,M,C580Y,ERR15627376,ERR14394480,ERR14394481,ERR14394482
RCN18667,VN,AmpSeqV2,I,R,N,L,C,I,E,T,S,T,S,G,N,G,A,N,F,D,I,Y,M,C580Y,ERR15627378,ERR14394486,ERR14394487,ERR14394488
RCN18669,VN,AmpSeqV2,I,R,N,L,C,I,E,T,S,T,S,G,N,G,A,N,F,D,I,Y,M,C580Y,ERR15627380,ERR14394492,ERR14394493,ERR14394494
RCN18671,VN,AmpSeqV2,I,R,N,L,C,I,E,T,S,T,S,G,N,G,A,N,F,D,I,Y,M,C580Y,ERR15627381,ERR14394498,ERR14394499,ERR14394500
RCN18672,VN,AmpSeqV2,I,R,N,L,C,I,E,T,S,T,S,G,N,G,A,N,F,D,I,Y,M,C580Y,ERR15627382,ERR14394501,ERR14394502,ERR14394503
RCN18673,VN,AmpSeqV2,I,R,N,L,C,I,E,T,S,T,S,G,N,G,A,N,F,D,I,Y,M,C580Y,ERR15627383,ERR14394504,ERR14394505,ERR14394506
RCN18675,VN,AmpSeqV2,I,R,N,L,C,I,E,T,S,T,S,G,N,G,A,N,F,D,I,Y,M,C580Y,ERR15627384,ERR14394510,ERR14394511,ERR14394512
RCN18676,VN,AmpSeqV2,I,R,N,L,C,I,E,T,S,T,S,G,N,G,A,N,F,D,I,Y,M,C580Y,ERR15627385,ERR14394513,ERR14394514,ERR14394515
RCN18677,VN,AmpSeqV2,I,R,N,L,C,I,E,T,S,T,S,G,N,G,A,N,F,D,I,Y,M,C580Y,ERR15627386,ERR14394516,ERR14394517,ERR14394518
RCN18680,VN,AmpSeqV2,I,R,N,L,C,I,E,T,S,T,S,G,N,G,A,N,F,D,I,Y,M,C580Y,ERR15627387,ERR14394522,ERR14394523,ERR14394524
RCN18681,VN,AmpSeqV2,I,R,N,L,C,I,E,T,S,T,S,G,N,G,A,N,F,D,I,Y,M,C580Y,ERR15627388,ERR14394525,ERR14394526,ERR14394527
RCN18682,VN,AmpSeqV2,I,R,N,L,C,I,E,T,S,T,S,G,N,G,A,N,F,D,I,Y,M,C580Y,ERR15627389,ERR14394528,ERR14394529,ERR14394530
RCN18683,VN,AmpSeqV2,I,R,N,L,C,I,E,T,S,T,S,G,N,G,A,N,F,D,I,Y,M,C580Y,ERR15627390,ERR14394531,ERR14394532,ERR14394533
RCN18684,VN,AmpSeqV2,I,R,N,L,C,I,E,T,S,T,S,G,N,G,A,N,F,D,I,Y,M,C580Y,ERR15627391,ERR14394534,ERR14394535,ERR14394536
RCN18685,VN,AmpSeqV2,I,R,N,L,C,I,E,T,S,T,S,G,N,G,A,N,F,D,I,Y,M,C580Y,ERR15627392,ERR14394537,ERR14394538,ERR14394539
RCN18688,VN,AmpSeqV2,I,R,N,L,C,I,E,T,S,T,S,G,N,G,A,N,F,D,I,Y,M,C580Y,ERR15627394,ERR14394546,ERR14394547,ERR14394548
RCN18691,VN,AmpSeqV2,I,R,N,L,C,I,E,T,S,T,S,G,N,G,A,N,F,D,I,Y,M,C580Y,ERR15627397,ERR14394555,ERR14394556,ERR14394557
RCN18692,VN,AmpSeqV2,I,R,N,L,C,I,E,T,S,T,S,G,N,G,A,N,F,D,I,Y,M,C580Y,ERR15627398,ERR14394558,ERR14394559,ERR14394560
RCN18693,VN,AmpSeqV2,I,R,N,L,C,I,E,T,S,T,S,G,N,G,A,N,F,D,I,Y,M,C580Y,ERR15627399,ERR14394561,ERR14394562,ERR14394563
RCN18695,VN,AmpSeqV2,I,R,N,L,C,I,E,T,S,T,S,G,N,G,A,N,F,D,I,Y,M,C580Y,ERR15627400,ERR14394567,ERR14394568,ERR14394569
RCN18696,VN,AmpSeqV2,I,R,N,L,C,I,E,T,S,T,S,G,N,G,A,N,F,D,I,Y,M,C580Y,ERR15627401,ERR14394570,ERR14394571,ERR14394572
RCN18697,VN,AmpSeqV2,I,R,N,L,C,I,E,T,S,T,S,G,N,G,A,N,F,D,I,Y,M,C580Y,ERR15627402,ERR14394573,ERR14394574,ERR14394575
RCN18698,VN,AmpSeqV2,I,R,N,L,C,I,E,T,S,T,S,G,N,G,A,N,F,D,I,Y,M,C580Y,ERR15627403,ERR14394576,ERR14394577,ERR14394578
RCN18699,VN,AmpSeqV2,I,R,N,L,C,I,E,T,S,T,S,G,N,G,A,N,F,D,I,Y,M,C580Y,ERR15627404,ERR14394579,ERR14394580,ERR14394581
RCN18700,VN,AmpSeqV2,I,R,N,L,C,I,E,T,S,T,S,G,N,G,A,N,F,D,I,Y,M,C580Y,ERR15627405,ERR14394582,ERR14394583,ERR14394584
RCN18704,VN,AmpSeqV2,I,R,N,L,C,I,E,T,S,T,S,G,N,G,A,N,F,D,I,Y,M,C580Y,ERR15627407,ERR14394591,ERR14394592,ERR14394593
RCN18705,VN,AmpSeqV2,I,R,N,L,C,I,E,T,S,T,S,G,N,G,A,N,F,D,I,Y,M,C580Y,ERR15627408,ERR14394594,ERR14394595,ERR14394596
RCN18706,VN,AmpSeqV2,I,R,N,L,C,I,E,T,S,T,S,G,N,G,A,N,F,D,I,Y,M,C580Y,ERR15627409,ERR14394597,ERR14394598,ERR14394599
RCN18707,VN,AmpSeqV2,I,R,N,L,C,I,E,T,S,T,S,G,N,G,A,N,F,D,I,Y,M,C580Y,ERR15627410,ERR14394600,ERR14394601,ERR14394602
RCN18708,VN,AmpSeqV2,I,R,N,L,C,I,E,T,S,T,S,G,N,G,A,N,F,D,I,Y,M,C580Y,ERR15627411,ERR14394603,ERR14394604,ERR14394605
RCN18709,VN,AmpSeqV2,I,R,N,L,C,I,E,T,S,T,S,G,N,G,A,N,F,D,I,Y,M,C580Y,ERR15627412,ERR14394606,ERR14394607,ERR14394608
RCN18713,VN,AmpSeqV2,I,R,N,L,C,I,E,T,S,T,S,G,N,G,A,N,F,D,I,Y,M,C580Y,ERR15627414,ERR14394618,ERR14394619,ERR14394620
RCN18714,VN,AmpSeqV2,I,R,N,I,C,M,N,K,N,I,A,G,K,A,A,N,Y,D,I,D,V,WT,ERR15627415,ERR14394621,ERR14394622,ERR14394623
RCN18715,VN,AmpSeqV2,I,R,N,I,C,M,N,K,N,I,A,G,K,A,A,N,Y,D,I,D,V,WT,ERR15627416,ERR14394624,ERR14394625,ERR14394626
RCN18717,VN,AmpSeqV2,I,R,N,I,C,M,N,K,N,I,S,G,E,A,A,N,Y,D,T,D,M,WT,ERR15627418,ERR14394630,ERR14394631,ERR14394632
RCN18720,VN,AmpSeqV2,I,R,N,I,C,M,N,K,N,I,S,G,E,A,A,N,Y,D,T,D,M,WT,ERR15627421,ERR14394639,ERR14394640,ERR14394641
RCN18723,VN,AmpSeqV2,I,R,N,I,C,I,E,T,S,T,A,G,K,A,A,N,F,D,I,Y,M,WT,ERR15627423,ERR14394645,ERR14394646,ERR14394647
RCN18724,VN,AmpSeqV2,I,R,N,I,C,I,E,T,S,T,A,G,K,A,A,N,F,D,I,Y,M,WT,ERR15627424,ERR14394648,ERR14394649,ERR14394650
RCN18725,VN,AmpSeqV2,I,R,N,L,C,I,E,T,S,T,S,G,N,G,A,N,F,D,I,Y,M,C580Y,ERR15627425,ERR14394651,ERR14394652,ERR14394653
RCN18728,VN,AmpSeqV2,I,R,N,I,C,I,E,T,S,T,S,G,N,G,A,N,F,D,I,Y,M,C580Y,ERR15627426,ERR14394660,ERR14394661,ERR14394662
RCN18729,VN,AmpSeqV2,I,R,N,L,C,I,E,T,S,T,S,G,N,G,A,N,F,D,I,Y,M,C580Y,ERR15627427,ERR14394663,ERR14394664,ERR14394665
RCN18730,VN,AmpSeqV2,I,R,N,L,C,I,E,T,S,T,S,G,N,G,A,N,F,D,I,Y,M,C580Y,ERR15627428,ERR14394666,ERR14394667,ERR14394668
RCN18731,VN,AmpSeqV2,I,R,N,L,C,I,E,T,S,T,S,G,N,G,A,N,F,D,I,Y,M,C580Y,ERR15627429,ERR14394669,ERR14394670,ERR14394671
RCN18732,VN,AmpSeqV2,I,R,N,L,C,I,E,T,S,T,S,G,N,G,A,N,F,D,I,Y,M,C580Y,ERR15627430,ERR14394672,ERR14394673,ERR14394674
RCN18734,VN,AmpSeqV2,I,R,N,L,C,I,E,T,S,T,S,G,N,G,A,N,F,D,I,Y,M,C580Y,ERR15627432,ERR14394678,ERR14394679,ERR14394680
RCN18735,VN,AmpSeqV2,I,R,N,L,C,I,E,T,S,T,S,G,N,G,A,N,F,D,I,Y,M,C580Y,ERR15627433,ERR14394681,ERR14394682,ERR14394683
RCN18736,VN,AmpSeqV2,I,R,N,L,C,I,E,T,S,T,S,G,N,G,A,N,F,D,I,Y,M,C580Y,ERR15627434,ERR14394684,ERR14394685,ERR14394686
RCN18737,VN,AmpSeqV2,I,R,N,L,C,I,E,T,S,T,S,G,N,G,A,N,F,D,I,Y,M,C580Y,ERR15627435,ERR14394687,ERR14394688,ERR14394689
RCN18738,VN,AmpSeqV2,I,R,N,L,C,I,E,T,S,T,S,G,N,G,A,N,F,D,I,Y,M,C580Y,ERR15627436,ERR14394690,ERR14394691,ERR14394692
RCN18739,VN,AmpSeqV2,I,R,N,I,C,I,E,T,N,I,S,A,K,A,A,N,Y,D,T,D,V,WT,ERR15627437,ERR14394693,ERR14394694,ERR14394695
RCN18740,VN,AmpSeqV2,I,R,N,L,C,I,E,T,S,T,S,G,N,G,A,N,F,D,I,Y,M,C580Y,ERR15627438,ERR14394696,ERR14394697,ERR14394698
RCN18741,VN,AmpSeqV2,I,R,N,L,C,I,E,T,S,T,S,G,N,G,A,N,F,D,I,Y,M,C580Y,ERR15627439,ERR14394699,ERR14394700,ERR14394701
RCN18744,VN,AmpSeqV2,I,R,N,L,C,I,E,T,S,T,S,G,N,G,A,N,F,D,I,Y,M,C580Y,ERR15627441,ERR14394708,ERR14394709,ERR14394710
RCN18745,VN,AmpSeqV2,I,R,N,L,C,I,E,T,S,T,S,G,N,G,A,N,F,D,I,Y,M,C580Y,ERR15627442,ERR14394711,ERR14394712,ERR14394713
RCN18748,VN,AmpSeqV2,I,R,N,L,C,I,E,T,S,T,S,G,N,G,A,N,F,D,I,Y,M,C580Y,ERR15627445,ERR14394717,ERR14394718,ERR14394719
RCN18749,VN,AmpSeqV2,I,R,N,L,C,I,E,T,S,T,S,G,N,G,A,N,F,D,I,Y,M,C580Y,ERR15627446,ERR14394720,ERR14394721,ERR14394722
RCN24787,VN,AmpSeqV2,I,R,N,L,C,I,E,T,S,T,S,G,N,G,A,N,F,D,I,Y,M,C580Y,ERR15628006,ERR14394723,ERR14394724,ERR14394725
RCN24788,VN,AmpSeqV2,I,R,N,L,C,I,E,T,S,T,S,G,N,G,A,N,F,D,I,Y,M,C580Y,ERR15628007,ERR14394726,ERR14394727,ERR14394728
RCN24789,VN,AmpSeqV2,I,R,N,I,C,I,E,T,S,T,A,G,K,A,A,N,F,D,I,Y,M,WT,ERR15628008,ERR14394729,ERR14394730,ERR14394731
RCN24790,VN,AmpSeqV2,I,R,N,L,C,I,E,T,S,T,S,G,N,G,A,N,F,D,I,Y,M,C580Y,ERR15628009,ERR14394732,ERR14394733,ERR14394734
RCN24791,VN,AmpSeqV2,I,R,N,I,C,M,N,K,N,I,A,G,K,A,A,N,Y,D,T,D,V,WT,ERR15628010,ERR14394735,ERR14394736,ERR14394737
RCN24792,VN,AmpSeqV2,I,R,N,L,C,I,E,T,S,T,S,G,N,G,A,N,F,D,I,Y,M,C580Y,ERR15628011,ERR14394738,ERR14394739,ERR14394740
RCN24793,VN,AmpSeqV2,I,R,N,L,C,I,E,T,S,T,S,G,N,G,A,N,F,D,I,Y,M,C580Y,ERR15628012,ERR14394741,ERR14394742,ERR14394743
RCN24794,VN,AmpSeqV2,I,R,N,I,C,I,E,T,S,T,S,G,E,A,A,N,F,D,T,D,M,WT,ERR15628013,ERR14394744,ERR14394745,ERR14394746
RCN24795,VN,AmpSeqV2,I,R,N,L,C,I,E,T,S,T,S,G,N,G,A,N,F,D,I,Y,M,C580Y,ERR15628014,ERR14394747,ERR14394748,ERR14394749
RCN24796,VN,AmpSeqV2,I,R,N,L,C,I,E,T,S,T,S,G,N,G,A,N,F,D,I,Y,M,C580Y,ERR15628015,ERR14394750,ERR14394751,ERR14394752
RCN24797,VN,AmpSeqV2,I,R,N,L,C,I,E,T,S,T,S,G,N,G,A,N,F,D,I,Y,M,C580Y,ERR15628016,ERR14394753,ERR14394754,ERR14394755
RCN24798,VN,AmpSeqV2,I,R,N,L,C,I,E,T,S,T,S,G,N,G,A,N,F,D,I,Y,M,C580Y,ERR15628017,ERR14394756,ERR14394757,ERR14394758
RCN24799,VN,AmpSeqV2,I,R,N,L,C,I,E,T,S,T,S,G,N,G,A,N,F,D,I,Y,M,C580Y,ERR15628018,ERR14394759,ERR14394760,ERR14394761
RCN24800,VN,AmpSeqV2,I,R,N,L,C,I,E,T,S,T,S,G,N,G,A,N,F,D,I,Y,M,C580Y,ERR15628019,ERR14394762,ERR14394763,ERR14394764
RCN24801,VN,AmpSeqV2,I,R,N,L,C,I,E,T,S,T,S,G,N,G,A,N,F,D,I,Y,M,C580Y,ERR15628020,ERR14394765,ERR14394766,ERR14394767
RCN24802,VN,AmpSeqV2,I,R,N,L,C,I,E,T,S,T,S,G,N,G,A,N,F,D,I,Y,M,C580Y,ERR15628021,ERR14394768,ERR14394769,ERR14394770
RCN24803,VN,AmpSeqV2,I,R,N,L,C,I,E,T,S,T,S,G,N,G,A,N,F,D,I,Y,M,C580Y,ERR15628022,ERR14394771,ERR14394772,ERR14394773
RCN24804,VN,AmpSeqV2,I,R,N,L,C,I,E,T,S,T,S,G,N,G,A,N,F,D,I,Y,M,C580Y,ERR15628023,ERR14394774,ERR14394775,ERR14394776
RCN24806,VN,AmpSeqV2,I,R,N,L,C,I,E,T,S,T,S,G,N,G,A,N,F,D,I,Y,M,C580Y,ERR15628025,ERR14394780,ERR14394781,ERR14394782
RCN24807,VN,AmpSeqV2,I,R,N,L,C,I,E,T,S,T,S,G,N,G,A,N,F,D,I,Y,M,C580Y,ERR15628026,ERR14394783,ERR14394784,ERR14394785
RCN24808,VN,AmpSeqV2,I,R,N,L,C,I,E,T,S,T,S,G,N,G,A,N,F,D,I,Y,M,C580Y,ERR15628027,ERR14394786,ERR14394787,ERR14394788
RCN24809,VN,AmpSeqV2,I,R,N,L,C,I,E,T,S,T,S,G,N,G,A,N,F,D,I,Y,M,C580Y,ERR15628028,ERR14394789,ERR14394790,ERR14394791
RCN24810,VN,AmpSeqV2,I,R,N,L,C,I,E,T,S,T,S,G,N,G,A,N,F,D,I,Y,M,C580Y,ERR15628029,ERR14394792,ERR14394793,ERR14394794
RCN24811,VN,AmpSeqV2,I,R,N,L,C,I,E,T,S,T,S,G,N,G,A,N,F,D,I,Y,M,C580Y,ERR15628030,ERR14394795,ERR14394796,ERR14394797
RCN24812,VN,AmpSeqV2,I,R,N,L,C,I,E,T,S,T,S,G,N,G,A,N,F,D,I,Y,M,C580Y,ERR15628031,ERR14394798,ERR14394799,ERR14394800
RCN24813,VN,AmpSeqV2,I,R,N,L,C,I,E,T,S,T,S,G,N,G,A,N,F,D,I,Y,M,C580Y,ERR15628032,ERR14394801,ERR14394802,ERR14394803
RCN24814,VN,AmpSeqV2,I,R,N,L,C,I,E,T,S,T,S,G,N,G,A,N,F,D,I,Y,M,C580Y,ERR15628033,ERR14394804,ERR14394805,ERR14394806
RCN24815,VN,AmpSeqV2,I,R,N,L,C,I,E,T,S,T,S,G,N,G,A,N,F,D,I,Y,M,C580Y,ERR15628034,ERR14394807,ERR14394808,ERR14394809
RCN24816,VN,AmpSeqV2,I,R,N,L,C,I,E,T,S,T,S,G,N,G,A,N,F,D,I,Y,M,C580Y,ERR15628035,ERR14394810,ERR14394811,ERR14394812
RCN24817,VN,AmpSeqV2,I,R,N,L,C,I,E,T,S,T,S,G,N,G,A,N,F,D,I,Y,M,C580Y,ERR15628036,ERR14394813,ERR14394814,ERR14394815
RCN24818,VN,AmpSeqV2,I,R,N,L,C,I,E,T,S,T,S,G,N,G,A,N,F,D,I,Y,M,C580Y,ERR15628037,ERR14394816,ERR14394817,ERR14394818
RCN24819,VN,AmpSeqV2,I,R,N,L,C,I,E,T,S,T,S,G,N,G,A,N,F,D,I,Y,M,C580Y,ERR15628038,ERR14394819,ERR14394820,ERR14394821
RCN24821,VN,AmpSeqV2,I,R,N,L,C,I,E,T,S,T,S,G,N,G,A,N,F,D,I,Y,M,C580Y,ERR15628040,ERR14394825,ERR14394826,ERR14394827
RCN24822,VN,AmpSeqV2,I,R,N,L,C,I,E,T,S,T,S,G,N,G,A,N,F,D,I,Y,M,C580Y,ERR15628041,ERR14394828,ERR14394829,ERR14394830
RCN24823,VN,AmpSeqV2,I,R,N,L,C,I,E,T,S,T,S,G,N,G,A,N,F,D,I,Y,M,C580Y,ERR15628042,ERR14394831,ERR14394832,ERR14394833
RCN24824,VN,AmpSeqV2,I,R,N,L,C,I,E,T,S,T,S,G,N,G,A,N,F,D,I,Y,M,C580Y,ERR15628043,ERR14394834,ERR14394835,ERR14394836
RCN24825,VN,AmpSeqV2,I,R,N,L,C,I,E,T,S,T,S,G,N,G,A,N,F,D,I,Y,M,C580Y,ERR15628044,ERR14394837,ERR14394838,ERR14394839
RCN24827,VN,AmpSeqV2,I,R,N,L,C,I,E,T,S,T,S,G,N,G,A,N,F,D,I,Y,M,C580Y,ERR15628046,ERR14394843,ERR14394844,ERR14394845
RCN24828,VN,AmpSeqV2,I,R,N,L,C,I,E,T,S,T,S,G,N,G,A,N,F,D,I,Y,M,C580Y,ERR15628047,ERR14394846,ERR14394847,ERR14394848
RCN24829,VN,AmpSeqV2,I,R,N,L,C,I,E,T,S,T,S,G,N,G,A,N,F,D,I,Y,M,C580Y,ERR15628048,ERR14394849,ERR14394850,ERR14394851
RCN24831,VN,AmpSeqV2,I,R,N,L,C,I,E,T,S,T,S,G,N,G,A,N,F,D,I,Y,M,C580Y,ERR15628050,ERR14394855,ERR14394856,ERR14394857
RCN24832,VN,AmpSeqV2,I,R,N,L,C,I,E,T,S,T,S,G,N,G,A,N,F,D,I,Y,M,C580Y,ERR15628051,ERR14394858,ERR14394859,ERR14394860
RCN24833,VN,AmpSeqV2,I,R,N,I,C,M,N,K,N,I,A,G,K,A,A,N,Y,D,T,D,V,WT,ERR15628052,ERR14394861,ERR14394862,ERR14394863
RCN24834,VN,AmpSeqV2,I,R,N,L,C,I,E,T,S,T,S,G,N,G,A,N,F,D,I,Y,M,C580Y,ERR15628053,ERR14394864,ERR14394865,ERR14394866
RCN24838,VN,AmpSeqV2,I,R,N,L,C,I,E,T,S,T,S,G,N,G,A,N,F,D,I,Y,M,C580Y,ERR15628057,ERR14394873,ERR14394874,ERR14394875
RCN24839,VN,AmpSeqV2,I,R,N,L,C,I,E,T,S,T,S,G,N,G,A,N,F,D,I,Y,M,C580Y,ERR15628058,ERR14394876,ERR14394877,ERR14394878
RCN24840,VN,AmpSeqV2,I,R,N,L,C,I,E,T,S,T,S,G,N,G,A,N,F,D,I,Y,M,C580Y,ERR15628059,ERR14394879,ERR14394880,ERR14394881
RCN24842,VN,AmpSeqV2,I,R,N,L,C,I,E,T,S,T,S,G,N,G,A,N,F,D,I,Y,M,C580Y,ERR15628061,ERR14394885,ERR14394886,ERR14394887
RCN24851,VN,AmpSeqV2,I,R,N,L,C,I,E,T,S,T,S,G,N,G,A,N,F,D,I,Y,M,C580Y,ERR15628068,ERR14394906,ERR14394907,ERR14394908
RCN24853,VN,AmpSeqV2,I,R,N,L,C,I,E,T,S,T,S,G,N,G,A,N,F,D,I,Y,M,C580Y,ERR15628069,ERR14394909,ERR14394910,ERR14394911
RCN24856,VN,AmpSeqV2,I,R,N,L,C,I,E,T,S,T,S,G,N,G,A,N,F,D,I,Y,M,C580Y,ERR15628072,ERR14394918,ERR14394919,ERR14394920
RCN24857,VN,AmpSeqV2,I,R,N,L,C,I,E,T,S,T,S,G,N,G,A,N,F,D,I,Y,M,C580Y,ERR15628073,ERR14394921,ERR14394922,ERR14394923
RCN24859,VN,AmpSeqV2,I,R,N,L,C,I,E,T,S,T,S,G,N,G,A,N,F,D,I,Y,M,C580Y,ERR15628074,ERR14394927,ERR14394928,ERR14394929
RCN24860,VN,AmpSeqV2,I,R,N,L,C,I,E,T,S,T,S,G,N,G,A,N,F,D,I,Y,M,C580Y,ERR15628075,ERR14394930,ERR14394931,ERR14394932
RCN24862,VN,AmpSeqV2,I,R,N,L,C,I,E,T,S,T,S,G,N,G,A,N,F,D,I,Y,M,C580Y,ERR15628077,ERR14394936,ERR14394937,ERR14394938
RCN24864,VN,AmpSeqV2,I,R,N,L,C,I,E,T,S,T,S,G,N,G,A,N,F,D,I,Y,M,C580Y,ERR15628079,ERR14394942,ERR14394943,ERR14394944
RCN24867,VN,AmpSeqV2,I,R,N,L,C,I,E,T,S,T,S,G,N,G,A,N,F,D,I,Y,M,C580Y,ERR15628082,ERR14394951,ERR14394952,ERR14394953
RCN24870,VN,AmpSeqV2,I,R,N,L,C,I,E,T,S,T,S,G,N,G,A,N,F,D,I,Y,M,C580Y,ERR15628085,ERR14394960,ERR14394961,ERR14394962
RCN24871,VN,AmpSeqV2,I,R,N,L,C,I,E,T,S,T,S,G,N,G,A,N,F,D,I,Y,M,C580Y,ERR15628086,ERR14394963,ERR14394964,ERR14394965
RCN24873,VN,AmpSeqV2,I,R,N,L,C,I,E,T,S,T,S,G,N,G,A,N,F,D,I,Y,M,C580Y,ERR15628088,ERR14394969,ERR14394970,ERR14394971
RCN24874,VN,AmpSeqV2,I,R,N,L,C,I,E,T,S,T,S,G,N,G,A,N,F,D,I,Y,M,C580Y,ERR15628089,ERR14394972,ERR14394973,ERR14394974
RCN24877,VN,AmpSeqV2,I,R,N,L,C,I,E,T,S,T,S,G,N,G,A,N,F,D,I,Y,M,C580Y,ERR15628092,ERR14394981,ERR14394982,ERR14394983
RCN24878,VN,AmpSeqV2,I,R,N,L,C,I,E,T,S,T,S,G,N,G,A,N,F,D,I,Y,M,C580Y,ERR15628093,ERR14394984,ERR14394985,ERR14394986
RCN24883,VN,AmpSeqV2,I,R,N,L,C,I,E,T,S,T,S,G,N,G,A,N,F,D,I,Y,M,C580Y,ERR15628097,ERR14394993,ERR14394994,ERR14394995
RCN24884,VN,AmpSeqV2,I,R,N,L,C,I,E,T,S,T,S,G,N,G,A,N,F,D,I,Y,M,C580Y,ERR15628098,ERR14394996,ERR14394997,ERR14394998
RCN24885,VN,AmpSeqV2,I,R,N,L,C,I,E,T,S,T,S,G,N,G,A,N,F,D,I,Y,M,C580Y,ERR15628099,ERR14394999,ERR14395000,ERR14395001
RCN24888,VN,AmpSeqV2,I,R,N,I,C,I,E,T,S,T,A,G,K,A,A,N,F,D,I,Y,M,WT,ERR15628102,ERR14395008,ERR14395009,ERR14395010
RCN24889,VN,AmpSeqV2,I,R,N,L,C,I,E,T,S,T,S,G,N,G,A,N,F,D,I,Y,M,C580Y,ERR15628103,ERR14395011,ERR14395012,ERR14395013
RCN24890,VN,AmpSeqV2,I,R,N,L,C,I,E,T,S,T,S,G,N,G,A,N,F,D,I,Y,M,C580Y,ERR15628104,ERR14395014,ERR14395015,ERR14395016
RCN24892,VN,AmpSeqV2,I,R,N,L,C,I,E,T,S,T,S,G,N,G,A,N,F,D,I,Y,M,C580Y,ERR15628106,ERR14395020,ERR14395021,ERR14395022
RCN24894,VN,AmpSeqV2,I,R,N,L,C,I,E,T,S,T,S,G,N,G,A,N,F,D,I,Y,M,C580Y,ERR15628108,ERR14395026,ERR14395027,ERR14395028
RCN24895,VN,AmpSeqV2,I,R,N,L,C,I,E,T,S,T,S,G,N,G,A,N,F,D,I,Y,M,C580Y,ERR15628109,ERR14395029,ERR14395030,ERR14395031
RCN24896,VN,AmpSeqV2,I,R,N,L,C,I,E,T,S,T,S,G,N,G,A,N,F,D,I,Y,M,C580Y,ERR15628110,ERR14395032,ERR14395033,ERR14395034
RCN24898,VN,AmpSeqV2,I,R,N,L,C,I,E,T,S,T,S,G,N,G,A,N,F,D,I,Y,M,C580Y,ERR15628112,ERR14395038,ERR14395039,ERR14395040
RCN24900,VN,AmpSeqV2,I,R,N,L,C,I,E,T,S,T,S,G,N,G,A,N,F,D,I,Y,M,C580Y,ERR15628114,ERR14395041,ERR14395042,ERR14395043
RCN24904,VN,AmpSeqV2,I,R,N,L,C,I,E,T,S,T,S,G,N,G,A,N,F,D,I,Y,M,C580Y,ERR15628116,ERR14395053,ERR14395054,ERR14395055
RCN24906,VN,AmpSeqV2,I,R,N,I,C,I,E,T,S,T,A,G,K,A,A,N,F,D,I,Y,M,WT,ERR15628118,ERR14395059,ERR14395060,ERR14395061
RCN24907,VN,AmpSeqV2,I,R,N,L,C,I,E,T,S,T,S,G,N,G,A,N,F,D,I,Y,M,C580Y,ERR15628119,ERR14395062,ERR14395063,ERR14395064
RCN24909,VN,AmpSeqV2,I,R,N,I,C,I,E,T,S,T,A,G,K,A,A,N,F,D,I,Y,M,WT,ERR15628121,ERR14395065,ERR14395066,ERR14395067
RCN24910,VN,AmpSeqV2,I,R,N,I,C,I,E,T,S,T,A,G,K,A,A,N,F,D,I,Y,M,WT,ERR15628122,ERR14395068,ERR14395069,ERR14395070
RCN24911,VN,AmpSeqV2,I,R,N,I,C,I,E,T,S,T,A,G,K,A,A,N,F,D,I,Y,M,WT,ERR15628123,ERR14395071,ERR14395072,ERR14395073
RCN24912,VN,AmpSeqV2,I,R,N,L,C,I,E,T,S,T,S,G,N,G,A,N,F,D,I,Y,M,C580Y,ERR15628124,ERR14395074,ERR14395075,ERR14395076
RCN24913,VN,AmpSeqV2,I,R,N,I,C,I,E,T,S,T,A,G,K,A,A,N,F,D,I,Y,M,WT,ERR15628125,ERR14395077,ERR14395078,ERR14395079
RCN24914,VN,AmpSeqV2,I,R,N,I,C,I,E,T,S,T,A,G,K,A,A,N,F,D,I,Y,M,WT,ERR15628126,ERR14395080,ERR14395081,ERR14395082
RCN24915,VN,AmpSeqV2,I,R,N,L,C,I,E,T,S,T,S,G,N,G,A,N,F,D,I,Y,M,C580Y,ERR15628127,ERR14395083,ERR14395084,ERR14395085
RCN24916,VN,AmpSeqV2,I,R,N,L,C,I,E,T,S,T,S,G,N,G,A,N,F,D,I,Y,M,C580Y,ERR15628128,ERR14395086,ERR14395087,ERR14395088
RCN24917,VN,AmpSeqV2,I,R,N,L,C,I,E,T,S,T,S,G,N,G,A,N,F,D,I,Y,M,C580Y,ERR15628129,ERR14395089,ERR14395090,ERR14395091
RCN24918,VN,AmpSeqV2,N,R,N,I,C,I,E,T,N,I,S,A,K,A,A,N,Y,D,T,D,M,WT,ERR15628130,ERR14395092,ERR14395093,ERR14395094
RCN24922,VN,AmpSeqV2,I,R,N,L,C,I,E,T,S,T,S,G,N,G,A,N,F,D,I,Y,M,C580Y,ERR15628134,ERR14395101,ERR14395102,ERR14395103
RCN24923,VN,AmpSeqV2,I,R,N,L,C,I,E,T,S,T,S,G,N,G,A,N,F,D,I,Y,M,C580Y,ERR15628135,ERR14395104,ERR14395105,ERR14395106
RCN24925,VN,AmpSeqV2,I,R,N,L,C,I,E,T,S,T,S,G,N,G,A,N,F,D,I,Y,M,C580Y,ERR15628137,ERR14395110,ERR14395111,ERR14395112
RCN24926,VN,AmpSeqV2,I,R,N,L,C,I,E,T,S,T,S,G,N,G,A,N,F,D,I,Y,M,C580Y,ERR15628138,ERR14395113,ERR14395114,ERR14395115
RCN24927,VN,AmpSeqV2,I,R,N,L,C,I,E,T,S,T,S,G,N,G,A,N,F,D,I,Y,M,C580Y,ERR15628139,ERR14395116,ERR14395117,ERR14395118
RCN24928,VN,AmpSeqV2,I,R,N,L,C,I,E,T,S,T,S,G,N,G,A,N,F,D,I,Y,M,C580Y,ERR15628140,ERR14395119,ERR14395120,ERR14395121
RCN24930,VN,AmpSeqV2,I,R,N,L,C,I,E,T,S,T,S,G,N,G,A,N,F,D,I,Y,M,C580Y,ERR15628142,ERR14395125,ERR14395126,ERR14395127
RCN24931,VN,AmpSeqV2,I,R,N,L,C,I,E,T,S,T,S,G,N,G,A,N,F,D,I,Y,M,C580Y,ERR15628143,ERR14395128,ERR14395129,ERR14395130
RCN24932,VN,AmpSeqV2,I,R,N,L,C,I,E,T,S,T,S,G,N,G,A,N,F,D,I,Y,M,C580Y,ERR15628144,ERR14395131,ERR14395132,ERR14395133
RCN24933,VN,AmpSeqV2,I,R,N,L,C,I,E,T,S,T,S,G,N,G,A,N,F,D,I,Y,M,C580Y,ERR15628145,ERR14395134,ERR14395135,ERR14395136
RCN24934,VN,AmpSeqV2,I,R,N,L,C,I,E,T,S,T,S,G,N,G,A,N,F,D,I,Y,M,C580Y,ERR15628146,ERR14395137,ERR14395138,ERR14395139
RCN24935,VN,AmpSeqV2,I,R,N,L,C,I,E,T,S,T,S,G,N,G,A,N,F,D,I,Y,M,C580Y,ERR15628147,ERR14395140,ERR14395141,ERR14395142
RCN24936,VN,AmpSeqV2,I,R,N,L,C,I,E,T,S,T,S,G,N,G,A,N,F,D,I,Y,M,C580Y,ERR15628148,ERR14395143,ERR14395144,ERR14395145
RCN24937,VN,AmpSeqV2,I,R,N,L,C,I,E,T,S,T,S,G,N,G,A,N,F,D,I,Y,M,C580Y,ERR15628149,ERR14395146,ERR14395147,ERR14395148
RCN24938,VN,AmpSeqV2,I,R,N,L,C,I,E,T,S,T,S,G,N,G,A,N,F,D,I,Y,M,C580Y,ERR15628150,ERR14395149,ERR14395150,ERR14395151
RCN24939,VN,AmpSeqV2,I,R,N,L,C,I,E,T,S,T,S,G,N,G,A,N,F,D,I,Y,M,C580Y,ERR15628151,ERR14395152,ERR14395153,ERR14395154
RCN24940,VN,AmpSeqV2,I,R,N,L,C,I,E,T,S,T,S,G,N,G,A,N,F,D,I,Y,M,C580Y,ERR15628152,ERR14395155,ERR14395156,ERR14395157
RCN24941,VN,AmpSeqV2,I,R,N,L,C,I,E,T,S,T,S,G,N,G,A,N,F,D,I,Y,M,C580Y,ERR15628153,ERR14395158,ERR14395159,ERR14395160
RCN24942,VN,AmpSeqV2,I,R,N,L,C,I,E,T,S,T,S,G,N,G,A,N,F,D,I,Y,M,C580Y,ERR15628154,ERR14395161,ERR14395162,ERR14395163
RCN24943,VN,AmpSeqV2,I,R,N,L,C,I,E,T,S,T,S,G,N,G,A,N,F,D,I,Y,M,C580Y,ERR15628155,ERR14395164,ERR14395165,ERR14395166
RCN24944,VN,AmpSeqV2,I,R,N,L,C,I,E,T,S,T,S,G,N,G,A,N,F,D,I,Y,M,C580Y,ERR15628156,ERR14395167,ERR14395168,ERR14395169
RCN24945,VN,AmpSeqV2,I,R,N,L,C,I,E,T,S,T,S,G,N,G,A,N,F,D,I,Y,M,C580Y,ERR15628157,ERR14395170,ERR14395171,ERR14395172
RCN24946,VN,AmpSeqV2,I,R,N,L,C,I,E,T,S,T,S,G,N,G,A,N,F,D,I,Y,M,C580Y,ERR15628158,ERR14395173,ERR14395174,ERR14395175
RCN24947,VN,AmpSeqV2,I,R,N,L,C,I,E,T,S,T,S,G,N,G,A,N,F,D,I,Y,M,C580Y,ERR15628159,ERR14395176,ERR14395177,ERR14395178
RCN24951,VN,AmpSeqV2,I,R,N,L,C,I,E,T,S,T,S,G,N,G,A,N,F,D,I,Y,M,C580Y,ERR15628163,ERR14395188,ERR14395189,ERR14395190
RCN24953,VN,AmpSeqV2,I,R,N,L,C,I,E,T,S,T,S,G,N,G,A,N,F,D,I,Y,M,C580Y,ERR15628165,ERR14395194,ERR14395195,ERR14395196
RCN24954,VN,AmpSeqV2,I,R,N,L,C,I,E,T,S,T,S,G,N,G,A,N,F,D,I,Y,M,C580Y,ERR15628166,ERR14395197,ERR14395198,ERR14395199
RCN24955,VN,AmpSeqV2,I,R,N,L,C,I,E,T,S,T,S,G,N,G,A,N,F,D,I,Y,M,C580Y,ERR15628167,ERR14395200,ERR14395201,ERR14395202
RCN24957,VN,AmpSeqV2,I,R,N,I,C,I,E,T,S,T,S,G,N,G,A,N,F,D,I,Y,M,C580Y,ERR15628169,ERR14395206,ERR14395207,ERR14395208
RCN24959,VN,AmpSeqV2,I,R,N,L,C,I,E,T,S,T,S,G,N,G,A,N,F,D,I,Y,M,C580Y,ERR15628171,ERR14395212,ERR14395213,ERR14395214
RCN24960,VN,AmpSeqV2,I,R,N,L,C,I,E,T,S,T,S,G,N,G,A,N,F,D,I,Y,M,C580Y,ERR15628172,ERR14395215,ERR14395216,ERR14395217
RCN24961,VN,AmpSeqV2,I,R,N,L,C,I,E,T,S,T,S,G,N,G,A,N,F,D,I,Y,M,C580Y,ERR15628173,ERR14395218,ERR14395219,ERR14395220
RCN24963,VN,AmpSeqV2,I,R,N,L,C,I,E,T,S,T,S,G,N,G,A,N,F,D,I,Y,M,C580Y,ERR15628174,ERR14395221,ERR14395222,ERR14395223
RCN24964,VN,AmpSeqV2,I,R,N,L,C,I,E,T,S,T,S,G,N,G,A,N,F,D,I,Y,M,C580Y,ERR15628175,ERR14395224,ERR14395225,ERR14395226
RCN24965,VN,AmpSeqV2,I,R,N,L,C,I,E,T,S,T,S,G,N,G,A,N,F,D,I,Y,M,C580Y,ERR15628176,ERR14395227,ERR14395228,ERR14395229
RCN24966,VN,AmpSeqV2,I,R,N,L,C,I,E,T,S,T,S,G,N,G,A,N,F,D,I,Y,M,C580Y,ERR15628177,ERR14395230,ERR14395231,ERR14395232
RCN24967,VN,AmpSeqV2,I,R,N,L,C,I,E,T,S,T,S,G,N,G,A,N,F,D,I,Y,M,C580Y,ERR15628178,ERR14395233,ERR14395234,ERR14395235
RCN24968,VN,AmpSeqV2,I,R,N,L,C,I,E,T,S,T,S,G,N,G,A,N,F,D,I,Y,M,C580Y,ERR15628179,ERR14395236,ERR14395237,ERR14395238
RCN24971,VN,AmpSeqV2,I,R,N,L,C,I,E,T,S,T,S,G,N,G,A,N,F,D,I,Y,M,C580Y,ERR15628182,ERR14395245,ERR14395246,ERR14395247
RCN24972,VN,AmpSeqV2,I,R,N,L,C,I,E,T,S,T,S,G,N,G,A,N,F,D,I,Y,M,C580Y,ERR15628183,ERR14395248,ERR14395249,ERR14395250
RCN25068,VN,AmpSeqV2,I,R,N,L,C,I,E,T,S,T,S,G,N,G,A,N,F,D,I,Y,M,C580Y,ERR15628247,ERR14395515,ERR14395516,ERR14395517
RCN25079,VN,AmpSeqV2,I,R,N,I,C,I,E,T,S,T,A,G,K,A,A,N,F,D,I,Y,M,WT,ERR15628250,ERR14395548,ERR14395549,ERR14395550
RCN25081,VN,AmpSeqV2,I,R,N,L,C,I,E,T,S,T,S,G,N,G,A,N,F,D,I,Y,M,C580Y,ERR15628252,ERR14395554,ERR14395555,ERR14395556
RCN25083,VN,AmpSeqV2,I,R,N,L,C,I,E,T,S,T,S,G,N,G,A,N,F,D,I,Y,M,C580Y,ERR15628253,ERR14395560,ERR14395561,ERR14395562
RCN25084,VN,AmpSeqV2,I,R,N,L,C,I,E,T,S,T,S,G,N,G,A,N,F,D,I,Y,M,C580Y,ERR15628254,ERR14395563,ERR14395564,ERR14395565
RCN25085,VN,AmpSeqV2,I,R,N,L,C,I,E,T,S,T,S,G,N,G,A,N,F,D,I,Y,M,C580Y,ERR15628255,ERR14395566,ERR14395567,ERR14395568
RCN25093,VN,AmpSeqV2,I,R,N,L,C,I,E,T,S,T,S,G,N,G,A,N,F,D,I,Y,M,C580Y,ERR15628261,ERR14395587,ERR14395588,ERR14395589
RCN25097,VN,AmpSeqV2,I,R,N,L,C,I,E,T,S,T,S,G,N,G,A,N,F,D,I,Y,M,C580Y,ERR15628263,ERR14395599,ERR14395600,ERR14395601
RCN25099,VN,AmpSeqV2,I,R,N,L,C,I,E,T,S,T,S,G,N,G,A,N,F,D,I,Y,M,C580Y,ERR15628264,ERR14395605,ERR14395606,ERR14395607
RCN25103,VN,AmpSeqV2,I,R,N,L,C,I,E,T,S,T,S,G,N,G,A,N,F,D,I,Y,M,C580Y,ERR15628266,ERR14395617,ERR14395618,ERR14395619
RCN25104,VN,AmpSeqV2,I,R,N,L,C,I,E,T,S,T,S,G,N,G,A,N,F,D,I,Y,M,C580Y,ERR15628267,ERR14395620,ERR14395621,ERR14395622
RCN25105,VN,AmpSeqV2,I,R,N,L,C,I,E,T,S,T,S,G,N,G,A,N,F,D,I,Y,M,C580Y,ERR15628268,ERR14395623,ERR14395624,ERR14395625
RCN25107,VN,AmpSeqV2,I,R,N,L,C,I,E,T,S,T,S,G,N,G,A,N,F,D,I,Y,M,C580Y,ERR15628269,ERR14395629,ERR14395630,ERR14395631
RCN25108,VN,AmpSeqV2,I,R,N,L,C,I,E,T,S,T,S,G,N,G,A,N,F,D,I,Y,M,C580Y,ERR15628270,ERR14395632,ERR14395633,ERR14395634
RCN25118,VN,AmpSeqV2,I,R,N,L,C,I,E,T,S,T,S,G,N,G,A,N,F,D,I,Y,M,C580Y,ERR15628273,ERR14395659,ERR14395660,ERR14395661
RCN25119,VN,AmpSeqV2,I,R,N,L,C,I,E,T,S,T,S,G,N,G,A,N,F,D,I,Y,M,C580Y,ERR15628274,ERR14395662,ERR14395663,ERR14395664
RCN25120,VN,AmpSeqV2,I,R,N,L,C,I,E,T,S,T,S,G,N,G,A,N,F,D,I,Y,M,C580Y,ERR15628275,ERR14395665,ERR14395666,ERR14395667
RCN25125,VN,AmpSeqV2,I,R,N,L,C,I,E,T,S,T,S,G,N,G,A,N,F,D,I,Y,M,C580Y,ERR15628277,ERR14395680,ERR14395681,ERR14395682
RCN25129,VN,AmpSeqV2,I,R,N,I,C,I,E,T,S,T,S,G,N,G,A,N,F,D,I,Y,M,C580Y,ERR15628278,ERR14395692,ERR14395693,ERR14395694
RCN25130,VN,AmpSeqV2,I,R,N,L,C,I,E,T,S,T,S,G,N,G,A,N,F,D,I,Y,M,C580Y,ERR15628279,ERR14395695,ERR14395696,ERR14395697
RCN25137,VN,AmpSeqV2,I,R,N,L,C,I,E,T,S,T,S,G,N,G,A,N,F,D,I,Y,M,C580Y,ERR15628281,ERR14395716,ERR14395717,ERR14395718
RCN25143,VN,AmpSeqV2,I,R,N,"I,L",C,I,E,T,S,T,S,G,N,G,A,N,F,D,I,Y,M,C580Y,ERR15628283,ERR14395734,ERR14395735,ERR14395736
RCN25145,VN,AmpSeqV2,I,R,N,L,C,I,E,T,S,T,S,G,N,G,A,N,F,D,I,Y,M,C580Y,ERR15628284,ERR14395740,ERR14395741,ERR14395742
RCN25153,VN,AmpSeqV2,I,R,N,I,C,I,E,T,S,T,S,G,E,A,A,N,F,D,T,D,M,WT,ERR15628287,ERR14395758,ERR14395759,ERR14395760
RCN25158,VN,AmpSeqV2,I,R,N,L,C,I,E,T,S,T,S,G,N,G,A,N,F,D,I,Y,M,C580Y,ERR15628290,ERR14395773,ERR14395774,ERR14395775
RCN25162,VN,AmpSeqV2,I,R,N,L,C,I,E,T,S,T,S,G,N,G,A,N,F,D,I,Y,M,C580Y,ERR15628291,ERR14395785,ERR14395786,ERR14395787
RCN25170,VN,AmpSeqV2,I,R,N,L,C,I,E,T,S,T,S,G,N,G,A,N,F,D,I,Y,M,C580Y,ERR15628293,ERR14395806,ERR14395807,ERR14395808
RCN25177,VN,AmpSeqV2,I,R,N,L,C,I,E,T,S,T,S,G,N,G,A,N,F,D,I,Y,M,C580Y,ERR15628295,ERR14395824,ERR14395825,ERR14395826
RCN25178,VN,AmpSeqV2,I,R,N,L,C,I,E,T,S,T,S,G,N,G,A,N,F,D,I,Y,M,C580Y,ERR15628296,ERR14395827,ERR14395828,ERR14395829
RCN25190,LA,AmpSeqV2,I,R,N,L,C,I,E,T,S,T,A,G,E,A,A,N,F,D,T,Y,M,C580Y,ERR15628307,ERR14395863,ERR14395864,ERR14395865
RCN25251,LA,AmpSeqV2,I,R,N,I,C,I,E,T,S,T,A,G,E,A,A,N,Y,D,I,Y,M,C580Y,ERR15628368,ERR14396007,ERR14396008,ERR14396009
RCN25252,LA,AmpSeqV2,I,R,N,I,C,I,E,T,S,T,A,G,E,A,A,N,F,D,I,D,M,R539T,ERR15628369,ERR14396010,ERR14396011,ERR14396012
RCN25319,LA,AmpSeqV2,I,R,N,I,C,I,E,T,N,I,A,G,E,A,T,N,Y,D,T,D,V,WT,ERR15628436,ERR14396172,ERR14396173,ERR14396174
RCN25908,LA,AmpSeqV2,I,R,N,I,C,I,E,T,N,I,S,A,K,A,A,N,Y,D,T,D,V,WT,ERR15628527,ERR14396493,ERR14396494,ERR14396495
RCN25935,LA,AmpSeqV2,I,R,N,I,C,I,D,T,N,I,S,G,E,A,A,Y,Y,D,T,D,V,WT,ERR15628549,ERR14396568,ERR14396569,ERR14396570
RCN25937,LA,AmpSeqV2,I,R,N,I,C,I,D,T,N,I,S,G,E,A,A,Y,Y,D,T,D,V,WT,ERR15628551,ERR14396574,ERR14396575,ERR14396576
RCN25942,LA,AmpSeqV2,I,R,N,I,C,I,E,T,N,I,S,A,K,A,A,N,Y,D,T,D,V,WT,ERR15628555,ERR14396586,ERR14396587,ERR14396588
RCN25946,LA,AmpSeqV2,I,R,N,L,C,I,E,T,S,T,S,G,N,G,A,N,F,D,T,D,M,R539T,ERR15628559,ERR14396598,ERR14396599,ERR14396600
RCN25957,LA,AmpSeqV2,I,R,N,I,C,I,D,T,N,I,S,A,K,A,A,N,Y,D,T,D,V,WT,ERR15628568,ERR14396622,ERR14396623,ERR14396624
RCN25958,LA,AmpSeqV2,I,R,N,I,C,I,D,T,N,I,S,A,K,A,A,N,Y,D,T,D,V,WT,ERR15628569,ERR14396625,ERR14396626,ERR14396627
RCN25976,LA,AmpSeqV2,N,R,N,L,C,I,E,T,N,I,S,A,K,A,A,N,Y,D,T,D,V,WT,ERR15628586,ERR14396670,ERR14396671,ERR14396672
RCN25983,LA,AmpSeqV2,N,R,N,I,C,I,D,T,N,I,S,A,K,A,A,N,Y,D,T,D,V,WT,ERR15628589,ERR14396685,ERR14396686,ERR14396687
RCN25994,LA,AmpSeqV2,N,R,N,I,C,I,D,T,N,I,S,A,K,A,A,N,Y,D,T,D,V,WT,ERR15628594,ERR14396709,ERR14396710,ERR14396711
RCN26582,LA,AmpSeqV2,I,R,N,I,C,I,E,T,S,T,A,G,E,A,A,N,F,D,I,D,M,R539T,ERR15628670,ERR14397105,ERR14397106,ERR14397107
RCN26624,LA,AmpSeqV2,I,R,N,I,C,I,D,T,N,I,S,A,K,A,A,N,Y,D,T,D,V,WT,ERR15628691,ERR14397219,ERR14397220,ERR14397221
RCN26637,LA,AmpSeqV2,I,R,N,I,C,I,E,T,S,T,A,G,E,A,A,N,F,D,I,D,M,R539T,ERR15628695,ERR14397252,ERR14397253,ERR14397254
RCN26646,LA,AmpSeqV2,I,R,N,L,C,I,E,T,S,T,S,G,N,G,A,N,F,D,I,Y,M,C580Y,ERR15628699,ERR14397276,ERR14397277,ERR14397278
RCN26647,LA,AmpSeqV2,I,R,N,I,C,I,E,T,S,T,A,G,E,A,A,N,F,D,I,D,M,R539T,ERR15628700,ERR14397279,ERR14397280,ERR14397281
RCN26663,LA,AmpSeqV2,I,R,N,I,C,I,E,T,N,I,F,A,K,A,S,N,F,D,I,Y,V,WT,ERR15628710,ERR14397318,ERR14397319,ERR14397320
RCN26664,LA,AmpSeqV2,I,R,N,I,C,I,E,T,S,T,A,G,E,A,A,N,F,D,I,D,M,R539T,ERR15628711,ERR14397321,ERR14397322,ERR14397323
RCN26673,LA,AmpSeqV2,I,R,N,I,C,I,E,T,S,T,A,G,E,A,A,N,F,D,I,D,M,R539T,ERR15628717,ERR14397339,ERR14397340,ERR14397341
RCN26677,LA,AmpSeqV2,I,R,N,I,C,I,E,T,S,T,A,G,E,A,A,N,F,D,I,D,M,R539T,ERR15628719,ERR14397348,ERR14397349,ERR14397350
RCN26728,LA,AmpSeqV2,I,R,N,I,C,I,E,T,S,T,A,G,E,A,A,N,F,D,I,D,M,R539T,ERR15628734,ERR14397474,ERR14397475,ERR14397476
RCN26735,LA,AmpSeqV2,N,C,S,I,C,I,D,T,N,I,S,A,K,A,A,N,Y,D,T,D,V,WT,ERR15628738,ERR14397489,ERR14397490,ERR14397491
RCN26736,LA,AmpSeqV2,N,R,N,I,C,M,N,K,N,I,S,A,K,A,A,N,Y,D,T,D,V,WT,ERR15628739,ERR14397492,ERR14397493,ERR14397494
RCN26765,LA,AmpSeqV2,N,R,N,I,C,I,D,T,N,I,S,A,K,A,A,N,Y,D,T,D,V,WT,ERR15628750,ERR14397540,ERR14397541,ERR14397542
RCN26767,LA,AmpSeqV2,I,R,N,I,C,I,E,T,S,T,A,G,E,A,A,N,F,D,I,D,M,R539T,ERR15628752,ERR14397546,ERR14397547,ERR14397548
RCN26775,LA,AmpSeqV2,N,R,N,I,C,I,D,T,N,I,S,A,K,A,A,N,Y,D,T,D,V,WT,ERR15628753,ERR14397570,ERR14397571,ERR14397572
RCN26820,LA,AmpSeqV2,I,R,N,I,C,I,E,T,S,T,A,G,E,A,A,N,F,D,I,D,M,R539T,ERR15628764,ERR14397663,ERR14397664,ERR14397665
RCN26938,LA,AmpSeqV2,I,R,N,I,C,I,E,T,S,T,A,G,E,A,A,N,F,D,I,D,M,R539T,ERR15628802,ERR14397990,ERR14397991,ERR14397992
