haplotype,base_fasta,variants_file,bed_file
WT_GRC1,PlasmoDB-68_Pfalciparum3D7_Genome.fasta,WT.vcf,SpotMalaria-GRC1_Pf_amplicon_primers.bed
WT_GRC2,PlasmoDB-68_Pfalciparum3D7_Genome.fasta,WT.vcf,SpotMalaria-GRC2_Pf_amplicon_primers.bed
WT_SPEC,PlasmoDB-68_Pfalciparum3D7_Genome.fasta,WT.vcf,SpotMalaria-SPEC_Pf_amplicon_primers.bed
Ar_k13_N458Y_GRC1,PlasmoDB-68_Pfalciparum3D7_Genome.fasta,Ar_k13_N458Y.vcf,SpotMalaria-GRC1_Pf_amplicon_primers.bed
Ar_k13_N458Y_GRC2,PlasmoDB-68_Pfalciparum3D7_Genome.fasta,Ar_k13_N458Y.vcf,SpotMalaria-GRC2_Pf_amplicon_primers.bed
Ar_k13_N458Y_SPEC,PlasmoDB-68_Pfalciparum3D7_Genome.fasta,Ar_k13_N458Y.vcf,SpotMalaria-SPEC_Pf_amplicon_primers.bed
Ar_k13_Y493H_GRC1,PlasmoDB-68_Pfalciparum3D7_Genome.fasta,Ar_k13_Y493H.vcf,SpotMalaria-GRC1_Pf_amplicon_primers.bed
Ar_k13_Y493H_GRC2,PlasmoDB-68_Pfalciparum3D7_Genome.fasta,Ar_k13_Y493H.vcf,SpotMalaria-GRC2_Pf_amplicon_primers.bed
Ar_k13_Y493H_SPEC,PlasmoDB-68_Pfalciparum3D7_Genome.fasta,Ar_k13_Y493H.vcf,SpotMalaria-SPEC_Pf_amplicon_primers.bed
Ar_k13_R539T_GRC1,PlasmoDB-68_Pfalciparum3D7_Genome.fasta,Ar_k13_R539T.vcf,SpotMalaria-GRC1_Pf_amplicon_primers.bed
Ar_k13_R539T_GRC2,PlasmoDB-68_Pfalciparum3D7_Genome.fasta,Ar_k13_R539T.vcf,SpotMalaria-GRC2_Pf_amplicon_primers.bed
Ar_k13_R539T_SPEC,PlasmoDB-68_Pfalciparum3D7_Genome.fasta,Ar_k13_R539T.vcf,SpotMalaria-SPEC_Pf_amplicon_primers.bed
Ar_k13_I543T_GRC1,PlasmoDB-68_Pfalciparum3D7_Genome.fasta,Ar_k13_I543T.vcf,SpotMalaria-GRC1_Pf_amplicon_primers.bed
Ar_k13_I543T_GRC2,PlasmoDB-68_Pfalciparum3D7_Genome.fasta,Ar_k13_I543T.vcf,SpotMalaria-GRC2_Pf_amplicon_primers.bed
Ar_k13_I543T_SPEC,PlasmoDB-68_Pfalciparum3D7_Genome.fasta,Ar_k13_I543T.vcf,SpotMalaria-SPEC_Pf_amplicon_primers.bed
Ar_k13_R561H_GRC1,PlasmoDB-68_Pfalciparum3D7_Genome.fasta,Ar_k13_R561H.vcf,SpotMalaria-GRC1_Pf_amplicon_primers.bed
Ar_k13_R561H_GRC2,PlasmoDB-68_Pfalciparum3D7_Genome.fasta,Ar_k13_R561H.vcf,SpotMalaria-GRC2_Pf_amplicon_primers.bed
Ar_k13_R561H_SPEC,PlasmoDB-68_Pfalciparum3D7_Genome.fasta,Ar_k13_R561H.vcf,SpotMalaria-SPEC_Pf_amplicon_primers.bed
Ar_k13_C580Y_GRC1,PlasmoDB-68_Pfalciparum3D7_Genome.fasta,Ar_k13_C580Y.vcf,SpotMalaria-GRC1_Pf_amplicon_primers.bed
Ar_k13_C580Y_GRC2,PlasmoDB-68_Pfalciparum3D7_Genome.fasta,Ar_k13_C580Y.vcf,SpotMalaria-GRC2_Pf_amplicon_primers.bed
Ar_k13_C580Y_SPEC,PlasmoDB-68_Pfalciparum3D7_Genome.fasta,Ar_k13_C580Y.vcf,SpotMalaria-SPEC_Pf_amplicon_primers.bed
Ar_k13_E252Q_GRC1,PlasmoDB-68_Pfalciparum3D7_Genome.fasta,Ar_k13_E252Q.vcf,SpotMalaria-GRC1_Pf_amplicon_primers.bed
Ar_k13_E252Q_GRC2,PlasmoDB-68_Pfalciparum3D7_Genome.fasta,Ar_k13_E252Q.vcf,SpotMalaria-GRC2_Pf_amplicon_primers.bed
Ar_k13_E252Q_SPEC,PlasmoDB-68_Pfalciparum3D7_Genome.fasta,Ar_k13_E252Q.vcf,SpotMalaria-SPEC_Pf_amplicon_primers.bed
Ar_k13_A578S_GRC1,PlasmoDB-68_Pfalciparum3D7_Genome.fasta,Ar_k13_A578S.vcf,SpotMalaria-GRC1_Pf_amplicon_primers.bed
Ar_k13_A578S_GRC2,PlasmoDB-68_Pfalciparum3D7_Genome.fasta,Ar_k13_A578S.vcf,SpotMalaria-GRC2_Pf_amplicon_primers.bed
Ar_k13_A578S_SPEC,PlasmoDB-68_Pfalciparum3D7_Genome.fasta,Ar_k13_A578S.vcf,SpotMalaria-SPEC_Pf_amplicon_primers.bed
Ar_k13_multi1_GRC1,PlasmoDB-68_Pfalciparum3D7_Genome.fasta,Ar_k13_multi1.vcf,SpotMalaria-GRC1_Pf_amplicon_primers.bed
Ar_k13_multi1_GRC2,PlasmoDB-68_Pfalciparum3D7_Genome.fasta,Ar_k13_multi1.vcf,SpotMalaria-GRC2_Pf_amplicon_primers.bed
Ar_k13_multi1_SPEC,PlasmoDB-68_Pfalciparum3D7_Genome.fasta,Ar_k13_multi1.vcf,SpotMalaria-SPEC_Pf_amplicon_primers.bed
Ar_k13_multi2_h1_GRC1,PlasmoDB-68_Pfalciparum3D7_Genome.fasta,Ar_k13_multi2_h1.vcf,SpotMalaria-GRC1_Pf_amplicon_primers.bed
Ar_k13_multi2_h1_GRC2,PlasmoDB-68_Pfalciparum3D7_Genome.fasta,Ar_k13_multi2_h1.vcf,SpotMalaria-GRC2_Pf_amplicon_primers.bed
Ar_k13_multi2_h1_SPEC,PlasmoDB-68_Pfalciparum3D7_Genome.fasta,Ar_k13_multi2_h1.vcf,SpotMalaria-SPEC_Pf_amplicon_primers.bed
Ar_k13_multi2_h2_GRC1,PlasmoDB-68_Pfalciparum3D7_Genome.fasta,Ar_k13_multi2_h2.vcf,SpotMalaria-GRC1_Pf_amplicon_primers.bed
Ar_k13_multi2_h2_GRC2,PlasmoDB-68_Pfalciparum3D7_Genome.fasta,Ar_k13_multi2_h2.vcf,SpotMalaria-GRC2_Pf_amplicon_primers.bed
Ar_k13_multi2_h2_SPEC,PlasmoDB-68_Pfalciparum3D7_Genome.fasta,Ar_k13_multi2_h2.vcf,SpotMalaria-SPEC_Pf_amplicon_primers.bed
Ch_crt_76_het_h1_GRC1,PlasmoDB-68_Pfalciparum3D7_Genome.fasta,Ch_crt_76_het_h1.vcf,SpotMalaria-GRC1_Pf_amplicon_primers.bed
Ch_crt_76_het_h1_GRC2,PlasmoDB-68_Pfalciparum3D7_Genome.fasta,Ch_crt_76_het_h1.vcf,SpotMalaria-GRC2_Pf_amplicon_primers.bed
Ch_crt_76_het_h1_SPEC,PlasmoDB-68_Pfalciparum3D7_Genome.fasta,Ch_crt_76_het_h1.vcf,SpotMalaria-SPEC_Pf_amplicon_primers.bed
Ch_crt_76_het_h2_GRC1,PlasmoDB-68_Pfalciparum3D7_Genome.fasta,Ch_crt_76_het_h2.vcf,SpotMalaria-GRC1_Pf_amplicon_primers.bed
Ch_crt_76_het_h2_GRC2,PlasmoDB-68_Pfalciparum3D7_Genome.fasta,Ch_crt_76_het_h2.vcf,SpotMalaria-GRC2_Pf_amplicon_primers.bed
Ch_crt_76_het_h2_SPEC,PlasmoDB-68_Pfalciparum3D7_Genome.fasta,Ch_crt_76_het_h2.vcf,SpotMalaria-SPEC_Pf_amplicon_primers.bed
Ch_crt_76T_GRC1,PlasmoDB-68_Pfalciparum3D7_Genome.fasta,Ch_crt_76T.vcf,SpotMalaria-GRC1_Pf_amplicon_primers.bed
Ch_crt_76T_GRC2,PlasmoDB-68_Pfalciparum3D7_Genome.fasta,Ch_crt_76T.vcf,SpotMalaria-GRC2_Pf_amplicon_primers.bed
Ch_crt_76T_SPEC,PlasmoDB-68_Pfalciparum3D7_Genome.fasta,Ch_crt_76T.vcf,SpotMalaria-SPEC_Pf_amplicon_primers.bed
Ch_crt_76R_GRC1,PlasmoDB-68_Pfalciparum3D7_Genome.fasta,Ch_crt_76R.vcf,SpotMalaria-GRC1_Pf_amplicon_primers.bed
Ch_crt_76R_GRC2,PlasmoDB-68_Pfalciparum3D7_Genome.fasta,Ch_crt_76R.vcf,SpotMalaria-GRC2_Pf_amplicon_primers.bed
Ch_crt_76R_SPEC,PlasmoDB-68_Pfalciparum3D7_Genome.fasta,Ch_crt_76R.vcf,SpotMalaria-SPEC_Pf_amplicon_primers.bed
Py_dhfr_108_het_h1_GRC1,PlasmoDB-68_Pfalciparum3D7_Genome.fasta,Py_dhfr_108_het_h1.vcf,SpotMalaria-GRC1_Pf_amplicon_primers.bed
Py_dhfr_108_het_h1_GRC2,PlasmoDB-68_Pfalciparum3D7_Genome.fasta,Py_dhfr_108_het_h1.vcf,SpotMalaria-GRC2_Pf_amplicon_primers.bed
Py_dhfr_108_het_h1_SPEC,PlasmoDB-68_Pfalciparum3D7_Genome.fasta,Py_dhfr_108_het_h1.vcf,SpotMalaria-SPEC_Pf_amplicon_primers.bed
Py_dhfr_108_het_h2_GRC1,PlasmoDB-68_Pfalciparum3D7_Genome.fasta,Py_dhfr_108_het_h2.vcf,SpotMalaria-GRC1_Pf_amplicon_primers.bed
Py_dhfr_108_het_h2_GRC2,PlasmoDB-68_Pfalciparum3D7_Genome.fasta,Py_dhfr_108_het_h2.vcf,SpotMalaria-GRC2_Pf_amplicon_primers.bed
Py_dhfr_108_het_h2_SPEC,PlasmoDB-68_Pfalciparum3D7_Genome.fasta,Py_dhfr_108_het_h2.vcf,SpotMalaria-SPEC_Pf_amplicon_primers.bed
Py_dhfr_108N_GRC1,PlasmoDB-68_Pfalciparum3D7_Genome.fasta,Py_dhfr_108N.vcf,SpotMalaria-GRC1_Pf_amplicon_primers.bed
Py_dhfr_108N_GRC2,PlasmoDB-68_Pfalciparum3D7_Genome.fasta,Py_dhfr_108N.vcf,SpotMalaria-GRC2_Pf_amplicon_primers.bed
Py_dhfr_108N_SPEC,PlasmoDB-68_Pfalciparum3D7_Genome.fasta,Py_dhfr_108N.vcf,SpotMalaria-SPEC_Pf_amplicon_primers.bed
Py_dhfr_108I_GRC1,PlasmoDB-68_Pfalciparum3D7_Genome.fasta,Py_dhfr_108I.vcf,SpotMalaria-GRC1_Pf_amplicon_primers.bed
Py_dhfr_108I_GRC2,PlasmoDB-68_Pfalciparum3D7_Genome.fasta,Py_dhfr_108I.vcf,SpotMalaria-GRC2_Pf_amplicon_primers.bed
Py_dhfr_108I_SPEC,PlasmoDB-68_Pfalciparum3D7_Genome.fasta,Py_dhfr_108I.vcf,SpotMalaria-SPEC_Pf_amplicon_primers.bed
Su_dhps_437_het_h1_GRC1,PlasmoDB-68_Pfalciparum3D7_Genome.fasta,Su_dhps_437_het_h1.vcf,SpotMalaria-GRC1_Pf_amplicon_primers.bed
Su_dhps_437_het_h1_GRC2,PlasmoDB-68_Pfalciparum3D7_Genome.fasta,Su_dhps_437_het_h1.vcf,SpotMalaria-GRC2_Pf_amplicon_primers.bed
Su_dhps_437_het_h1_SPEC,PlasmoDB-68_Pfalciparum3D7_Genome.fasta,Su_dhps_437_het_h1.vcf,SpotMalaria-SPEC_Pf_amplicon_primers.bed
Su_dhps_437_het_h2_GRC1,PlasmoDB-68_Pfalciparum3D7_Genome.fasta,Su_dhps_437_het_h2.vcf,SpotMalaria-GRC1_Pf_amplicon_primers.bed
Su_dhps_437_het_h2_GRC2,PlasmoDB-68_Pfalciparum3D7_Genome.fasta,Su_dhps_437_het_h2.vcf,SpotMalaria-GRC2_Pf_amplicon_primers.bed
Su_dhps_437_het_h2_SPEC,PlasmoDB-68_Pfalciparum3D7_Genome.fasta,Su_dhps_437_het_h2.vcf,SpotMalaria-SPEC_Pf_amplicon_primers.bed
Su_dhps_437G_GRC1,PlasmoDB-68_Pfalciparum3D7_Genome.fasta,Su_dhps_437G.vcf,SpotMalaria-GRC1_Pf_amplicon_primers.bed
Su_dhps_437G_GRC2,PlasmoDB-68_Pfalciparum3D7_Genome.fasta,Su_dhps_437G.vcf,SpotMalaria-GRC2_Pf_amplicon_primers.bed
Su_dhps_437G_SPEC,PlasmoDB-68_Pfalciparum3D7_Genome.fasta,Su_dhps_437G.vcf,SpotMalaria-SPEC_Pf_amplicon_primers.bed
Su_dhps_437D_GRC1,PlasmoDB-68_Pfalciparum3D7_Genome.fasta,Su_dhps_437D.vcf,SpotMalaria-GRC1_Pf_amplicon_primers.bed
Su_dhps_437D_GRC2,PlasmoDB-68_Pfalciparum3D7_Genome.fasta,Su_dhps_437D.vcf,SpotMalaria-GRC2_Pf_amplicon_primers.bed
Su_dhps_437D_SPEC,PlasmoDB-68_Pfalciparum3D7_Genome.fasta,Su_dhps_437D.vcf,SpotMalaria-SPEC_Pf_amplicon_primers.bed
S-P_triple_mut_GRC1,PlasmoDB-68_Pfalciparum3D7_Genome.fasta,S-P_triple_mut.vcf,SpotMalaria-GRC1_Pf_amplicon_primers.bed
S-P_triple_mut_GRC2,PlasmoDB-68_Pfalciparum3D7_Genome.fasta,S-P_triple_mut.vcf,SpotMalaria-GRC2_Pf_amplicon_primers.bed
S-P_triple_mut_SPEC,PlasmoDB-68_Pfalciparum3D7_Genome.fasta,S-P_triple_mut.vcf,SpotMalaria-SPEC_Pf_amplicon_primers.bed
S-P_sextuple_mut_GRC1,PlasmoDB-68_Pfalciparum3D7_Genome.fasta,S-P_sextuple_mut.vcf,SpotMalaria-GRC1_Pf_amplicon_primers.bed
S-P_sextuple_mut_GRC2,PlasmoDB-68_Pfalciparum3D7_Genome.fasta,S-P_sextuple_mut.vcf,SpotMalaria-GRC2_Pf_amplicon_primers.bed
S-P_sextuple_mut_SPEC,PlasmoDB-68_Pfalciparum3D7_Genome.fasta,S-P_sextuple_mut.vcf,SpotMalaria-SPEC_Pf_amplicon_primers.bed
S-P-all_mut_GRC1,PlasmoDB-68_Pfalciparum3D7_Genome.fasta,S-P-all_mut.vcf,SpotMalaria-GRC1_Pf_amplicon_primers.bed
S-P-all_mut_GRC2,PlasmoDB-68_Pfalciparum3D7_Genome.fasta,S-P-all_mut.vcf,SpotMalaria-GRC2_Pf_amplicon_primers.bed
S-P-all_mut_SPEC,PlasmoDB-68_Pfalciparum3D7_Genome.fasta,S-P-all_mut.vcf,SpotMalaria-SPEC_Pf_amplicon_primers.bed
S-P-sextuple_mut_sens_GRC1,PlasmoDB-68_Pfalciparum3D7_Genome.fasta,S-P-sextuple_mut_sens.vcf,SpotMalaria-GRC1_Pf_amplicon_primers.bed
S-P-sextuple_mut_sens_GRC2,PlasmoDB-68_Pfalciparum3D7_Genome.fasta,S-P-sextuple_mut_sens.vcf,SpotMalaria-GRC2_Pf_amplicon_primers.bed
S-P-sextuple_mut_sens_SPEC,PlasmoDB-68_Pfalciparum3D7_Genome.fasta,S-P-sextuple_mut_sens.vcf,SpotMalaria-SPEC_Pf_amplicon_primers.bed
All_mut_GRC1,PlasmoDB-68_Pfalciparum3D7_Genome.fasta,All_mut.vcf,SpotMalaria-GRC1_Pf_amplicon_primers.bed
All_mut_GRC2,PlasmoDB-68_Pfalciparum3D7_Genome.fasta,All_mut.vcf,SpotMalaria-GRC2_Pf_amplicon_primers.bed
All_mut_SPEC,PlasmoDB-68_Pfalciparum3D7_Genome.fasta,All_mut.vcf,SpotMalaria-SPEC_Pf_amplicon_primers.bed
