file,count
ERR14388603_1.fastq.gz,32819
ERR14388604_1.fastq.gz,29409
ERR14388605_1.fastq.gz,1094
ERR14388606_1.fastq.gz,38189
ERR14388607_1.fastq.gz,35804
ERR14388608_1.fastq.gz,1192
ERR14388612_1.fastq.gz,32361
ERR14388613_1.fastq.gz,34945
ERR14388614_1.fastq.gz,1043
ERR14388621_1.fastq.gz,21483
ERR14388622_1.fastq.gz,16867
ERR14388623_1.fastq.gz,293
ERR14388624_1.fastq.gz,34578
ERR14388625_1.fastq.gz,29608
ERR14388626_1.fastq.gz,960
ERR14388627_1.fastq.gz,35936
ERR14388628_1.fastq.gz,30872
ERR14388629_1.fastq.gz,812
ERR14388633_1.fastq.gz,54194
ERR14388634_1.fastq.gz,45722
ERR14388635_1.fastq.gz,1747
ERR14388636_1.fastq.gz,28144
ERR14388637_1.fastq.gz,29300
ERR14388638_1.fastq.gz,858
ERR14388648_1.fastq.gz,40748
ERR14388649_1.fastq.gz,43523
ERR14388650_1.fastq.gz,1334
ERR14388651_1.fastq.gz,34335
ERR14388652_1.fastq.gz,38315
ERR14388653_1.fastq.gz,1229
ERR14388657_1.fastq.gz,34192
ERR14388658_1.fastq.gz,37423
ERR14388659_1.fastq.gz,950
ERR14388660_1.fastq.gz,32310
ERR14388661_1.fastq.gz,24877
ERR14388662_1.fastq.gz,898
ERR14388678_1.fastq.gz,33855
ERR14388679_1.fastq.gz,29508
ERR14388680_1.fastq.gz,891
ERR14388696_1.fastq.gz,26748
ERR14388697_1.fastq.gz,23436
ERR14388698_1.fastq.gz,983
ERR14388699_1.fastq.gz,34017
ERR14388700_1.fastq.gz,33064
ERR14388701_1.fastq.gz,1078
ERR14388702_1.fastq.gz,37645
ERR14388703_1.fastq.gz,34137
ERR14388704_1.fastq.gz,958
ERR14388726_1.fastq.gz,28988
ERR14388727_1.fastq.gz,24259
ERR14388728_1.fastq.gz,454
ERR14388729_1.fastq.gz,32661
ERR14388730_1.fastq.gz,32511
ERR14388731_1.fastq.gz,844
ERR14388732_1.fastq.gz,40088
ERR14388733_1.fastq.gz,35474
ERR14388734_1.fastq.gz,835
ERR14388741_1.fastq.gz,42097
ERR14388742_1.fastq.gz,35935
ERR14388743_1.fastq.gz,1436
ERR14388744_1.fastq.gz,37664
ERR14388745_1.fastq.gz,29405
ERR14388746_1.fastq.gz,769
ERR14388753_1.fastq.gz,40161
ERR14388754_1.fastq.gz,33250
ERR14388755_1.fastq.gz,1221
ERR14388756_1.fastq.gz,25179
ERR14388757_1.fastq.gz,21613
ERR14388758_1.fastq.gz,1080
ERR14388762_1.fastq.gz,29366
ERR14388763_1.fastq.gz,27724
ERR14388764_1.fastq.gz,1291
ERR14388765_1.fastq.gz,34390
ERR14388766_1.fastq.gz,31626
ERR14388767_1.fastq.gz,734
ERR14388768_1.fastq.gz,36918
ERR14388769_1.fastq.gz,34118
ERR14388770_1.fastq.gz,661
ERR14388807_1.fastq.gz,37298
ERR14388808_1.fastq.gz,34034
ERR14388809_1.fastq.gz,527
ERR14388816_1.fastq.gz,32098
ERR14388817_1.fastq.gz,34759
ERR14388818_1.fastq.gz,1072
ERR14388834_1.fastq.gz,25538
ERR14388835_1.fastq.gz,24154
ERR14388836_1.fastq.gz,1081
ERR14388837_1.fastq.gz,34576
ERR14388838_1.fastq.gz,28288
ERR14388839_1.fastq.gz,1011
ERR14388843_1.fastq.gz,32688
ERR14388844_1.fastq.gz,27928
ERR14388845_1.fastq.gz,748
ERR14388846_1.fastq.gz,34925
ERR14388847_1.fastq.gz,31435
ERR14388848_1.fastq.gz,735
ERR14389308_1.fastq.gz,36210
ERR14389309_1.fastq.gz,40349
ERR14389310_1.fastq.gz,1711
ERR14389341_1.fastq.gz,33794
ERR14389342_1.fastq.gz,35914
ERR14389343_1.fastq.gz,1109
ERR14389344_1.fastq.gz,32105
ERR14389345_1.fastq.gz,32334
ERR14389346_1.fastq.gz,1018
ERR14389356_1.fastq.gz,31732
ERR14389357_1.fastq.gz,35169
ERR14389358_1.fastq.gz,1763
ERR14389359_1.fastq.gz,38457
ERR14389360_1.fastq.gz,38957
ERR14389361_1.fastq.gz,1481
ERR14389365_1.fastq.gz,34526
ERR14389366_1.fastq.gz,33984
ERR14389367_1.fastq.gz,1210
ERR14389371_1.fastq.gz,25947
ERR14389372_1.fastq.gz,28257
ERR14389373_1.fastq.gz,526
ERR14389377_1.fastq.gz,30434
ERR14389378_1.fastq.gz,37535
ERR14389379_1.fastq.gz,1354
ERR14389389_1.fastq.gz,27892
ERR14389390_1.fastq.gz,25550
ERR14389391_1.fastq.gz,1195
ERR14389407_1.fastq.gz,25947
ERR14389408_1.fastq.gz,27221
ERR14389409_1.fastq.gz,988
ERR14389413_1.fastq.gz,34004
ERR14389414_1.fastq.gz,32784
ERR14389415_1.fastq.gz,1013
ERR14389425_1.fastq.gz,32509
ERR14389426_1.fastq.gz,35291
ERR14389427_1.fastq.gz,1480
ERR14389434_1.fastq.gz,29186
ERR14389435_1.fastq.gz,31518
ERR14389436_1.fastq.gz,493
ERR14389440_1.fastq.gz,30614
ERR14389441_1.fastq.gz,36947
ERR14389442_1.fastq.gz,1557
ERR14389449_1.fastq.gz,26625
ERR14389450_1.fastq.gz,32412
ERR14389451_1.fastq.gz,946
ERR14389452_1.fastq.gz,31544
ERR14389453_1.fastq.gz,38292
ERR14389454_1.fastq.gz,1371
ERR14389470_1.fastq.gz,37628
ERR14389471_1.fastq.gz,41569
ERR14389472_1.fastq.gz,1724
ERR14389473_1.fastq.gz,33620
ERR14389474_1.fastq.gz,35314
ERR14389475_1.fastq.gz,1421
ERR14389476_1.fastq.gz,33227
ERR14389477_1.fastq.gz,34443
ERR14389478_1.fastq.gz,1193
ERR14389482_1.fastq.gz,30782
ERR14389483_1.fastq.gz,29146
ERR14389484_1.fastq.gz,1176
ERR14389485_1.fastq.gz,29579
ERR14389486_1.fastq.gz,31599
ERR14389487_1.fastq.gz,1098
ERR14389488_1.fastq.gz,28229
ERR14389489_1.fastq.gz,30059
ERR14389490_1.fastq.gz,1629
ERR14389494_1.fastq.gz,33628
ERR14389495_1.fastq.gz,38088
ERR14389496_1.fastq.gz,1756
ERR14389497_1.fastq.gz,31407
ERR14389498_1.fastq.gz,35853
ERR14389499_1.fastq.gz,1088
ERR14389500_1.fastq.gz,31246
ERR14389501_1.fastq.gz,36065
ERR14389502_1.fastq.gz,1356
ERR14389506_1.fastq.gz,36272
ERR14389507_1.fastq.gz,31734
ERR14389508_1.fastq.gz,876
ERR14389509_1.fastq.gz,28391
ERR14389510_1.fastq.gz,29257
ERR14389511_1.fastq.gz,1266
ERR14389512_1.fastq.gz,30521
ERR14389513_1.fastq.gz,32900
ERR14389514_1.fastq.gz,941
ERR14389515_1.fastq.gz,31870
ERR14389516_1.fastq.gz,36151
ERR14389517_1.fastq.gz,1212
ERR14389518_1.fastq.gz,27411
ERR14389519_1.fastq.gz,29720
ERR14389520_1.fastq.gz,1304
ERR14389521_1.fastq.gz,24899
ERR14389522_1.fastq.gz,27969
ERR14389523_1.fastq.gz,1082
ERR14389524_1.fastq.gz,27576
ERR14389525_1.fastq.gz,30830
ERR14389526_1.fastq.gz,935
ERR14389884_1.fastq.gz,34205
ERR14389885_1.fastq.gz,30428
ERR14389886_1.fastq.gz,366
ERR14389890_1.fastq.gz,38991
ERR14389891_1.fastq.gz,32666
ERR14389892_1.fastq.gz,1427
ERR14389896_1.fastq.gz,16336
ERR14389897_1.fastq.gz,30586
ERR14389898_1.fastq.gz,358
ERR14389905_1.fastq.gz,37530
ERR14389906_1.fastq.gz,31287
ERR14389907_1.fastq.gz,1494
ERR14389908_1.fastq.gz,43872
ERR14389909_1.fastq.gz,38389
ERR14389910_1.fastq.gz,868
ERR14389914_1.fastq.gz,62010
ERR14389915_1.fastq.gz,55566
ERR14389916_1.fastq.gz,736
ERR14389917_1.fastq.gz,24799
ERR14389918_1.fastq.gz,34616
ERR14389919_1.fastq.gz,987
ERR14389920_1.fastq.gz,26810
ERR14389921_1.fastq.gz,35797
ERR14389922_1.fastq.gz,252
ERR14389929_1.fastq.gz,41507
ERR14389930_1.fastq.gz,40263
ERR14389931_1.fastq.gz,192
ERR14389932_1.fastq.gz,37955
ERR14389933_1.fastq.gz,33235
ERR14389934_1.fastq.gz,907
ERR14389935_1.fastq.gz,43849
ERR14389936_1.fastq.gz,36635
ERR14389937_1.fastq.gz,982
ERR14389938_1.fastq.gz,43890
ERR14389939_1.fastq.gz,34576
ERR14389940_1.fastq.gz,852
ERR14389944_1.fastq.gz,23016
ERR14389945_1.fastq.gz,35855
ERR14389946_1.fastq.gz,776
ERR14389950_1.fastq.gz,40280
ERR14389951_1.fastq.gz,34762
ERR14389952_1.fastq.gz,837
ERR14389953_1.fastq.gz,28289
ERR14389954_1.fastq.gz,35660
ERR14389955_1.fastq.gz,104
ERR14389959_1.fastq.gz,53832
ERR14389960_1.fastq.gz,41695
ERR14389961_1.fastq.gz,1844
ERR14390004_1.fastq.gz,34256
ERR14390005_1.fastq.gz,25591
ERR14390006_1.fastq.gz,1141
ERR14390013_1.fastq.gz,47025
ERR14390014_1.fastq.gz,43282
ERR14390015_1.fastq.gz,2105
ERR14390025_1.fastq.gz,38149
ERR14390026_1.fastq.gz,33128
ERR14390027_1.fastq.gz,637
ERR14390031_1.fastq.gz,39421
ERR14390032_1.fastq.gz,32035
ERR14390033_1.fastq.gz,1424
ERR14390034_1.fastq.gz,38477
ERR14390035_1.fastq.gz,34025
ERR14390036_1.fastq.gz,1108
ERR14390094_1.fastq.gz,24314
ERR14390095_1.fastq.gz,31572
ERR14390096_1.fastq.gz,1312
ERR14390097_1.fastq.gz,25574
ERR14390098_1.fastq.gz,29544
ERR14390099_1.fastq.gz,665
ERR14390106_1.fastq.gz,34161
ERR14390107_1.fastq.gz,28185
ERR14390108_1.fastq.gz,424
ERR14390112_1.fastq.gz,32268
ERR14390113_1.fastq.gz,31695
ERR14390114_1.fastq.gz,661
ERR14390118_1.fastq.gz,23470
ERR14390119_1.fastq.gz,31662
ERR14390120_1.fastq.gz,1127
ERR14390124_1.fastq.gz,40301
ERR14390125_1.fastq.gz,31901
ERR14390126_1.fastq.gz,1576
ERR14390130_1.fastq.gz,20316
ERR14390131_1.fastq.gz,25222
ERR14390132_1.fastq.gz,24
ERR14390133_1.fastq.gz,45537
ERR14390134_1.fastq.gz,34510
ERR14390135_1.fastq.gz,1629
ERR14390139_1.fastq.gz,26718
ERR14390140_1.fastq.gz,28178
ERR14390141_1.fastq.gz,1139
ERR14390148_1.fastq.gz,26218
ERR14390149_1.fastq.gz,33098
ERR14390150_1.fastq.gz,660
ERR14390172_1.fastq.gz,48044
ERR14390173_1.fastq.gz,52315
ERR14390174_1.fastq.gz,1818
ERR14390199_1.fastq.gz,27323
ERR14390200_1.fastq.gz,30291
ERR14390201_1.fastq.gz,620
ERR14390223_1.fastq.gz,16799
ERR14390224_1.fastq.gz,38786
ERR14390225_1.fastq.gz,472
ERR14390226_1.fastq.gz,39221
ERR14390227_1.fastq.gz,37081
ERR14390228_1.fastq.gz,1993
ERR14390232_1.fastq.gz,32063
ERR14390233_1.fastq.gz,29825
ERR14390234_1.fastq.gz,157
ERR14390235_1.fastq.gz,37902
ERR14390236_1.fastq.gz,33697
ERR14390237_1.fastq.gz,63
ERR14390241_1.fastq.gz,41855
ERR14390242_1.fastq.gz,32028
ERR14390243_1.fastq.gz,770
ERR14390244_1.fastq.gz,39108
ERR14390245_1.fastq.gz,32669
ERR14390246_1.fastq.gz,736
ERR14390250_1.fastq.gz,43350
ERR14390251_1.fastq.gz,36540
ERR14390252_1.fastq.gz,1468
ERR14390268_1.fastq.gz,23447
ERR14390269_1.fastq.gz,33625
ERR14390270_1.fastq.gz,449
ERR14390307_1.fastq.gz,29490
ERR14390308_1.fastq.gz,32563
ERR14390309_1.fastq.gz,1841
ERR14390316_1.fastq.gz,25179
ERR14390317_1.fastq.gz,29120
ERR14390318_1.fastq.gz,103
ERR14390322_1.fastq.gz,30403
ERR14390323_1.fastq.gz,26438
ERR14390324_1.fastq.gz,1531
ERR14390352_1.fastq.gz,39389
ERR14390353_1.fastq.gz,34909
ERR14390354_1.fastq.gz,2294
ERR14390406_1.fastq.gz,44371
ERR14390407_1.fastq.gz,37084
ERR14390408_1.fastq.gz,1231
ERR14390421_1.fastq.gz,19151
ERR14390422_1.fastq.gz,28385
ERR14390423_1.fastq.gz,961
ERR14390427_1.fastq.gz,43405
ERR14390428_1.fastq.gz,47958
ERR14390429_1.fastq.gz,1082
ERR14390445_1.fastq.gz,40436
ERR14390446_1.fastq.gz,29110
ERR14390447_1.fastq.gz,1658
ERR14390454_1.fastq.gz,35434
ERR14390455_1.fastq.gz,28376
ERR14390456_1.fastq.gz,1491
ERR14390460_1.fastq.gz,26492
ERR14390461_1.fastq.gz,27823
ERR14390462_1.fastq.gz,499
ERR14390478_1.fastq.gz,36584
ERR14390479_1.fastq.gz,25974
ERR14390480_1.fastq.gz,747
ERR14390481_1.fastq.gz,34437
ERR14390482_1.fastq.gz,26659
ERR14390483_1.fastq.gz,965
ERR14390484_1.fastq.gz,12542
ERR14390485_1.fastq.gz,23990
ERR14390486_1.fastq.gz,176
ERR14390493_1.fastq.gz,40289
ERR14390494_1.fastq.gz,28014
ERR14390495_1.fastq.gz,1449
ERR14390496_1.fastq.gz,27222
ERR14390497_1.fastq.gz,29304
ERR14390498_1.fastq.gz,352
ERR14390502_1.fastq.gz,44906
ERR14390503_1.fastq.gz,35068
ERR14390504_1.fastq.gz,1021
ERR14390517_1.fastq.gz,51218
ERR14390518_1.fastq.gz,40498
ERR14390519_1.fastq.gz,1580
ERR14390520_1.fastq.gz,27121
ERR14390521_1.fastq.gz,32982
ERR14390522_1.fastq.gz,105
ERR14390541_1.fastq.gz,36852
ERR14390542_1.fastq.gz,28185
ERR14390543_1.fastq.gz,962
ERR14390559_1.fastq.gz,42399
ERR14390560_1.fastq.gz,34870
ERR14390561_1.fastq.gz,2180
ERR14390565_1.fastq.gz,33568
ERR14390566_1.fastq.gz,21986
ERR14390567_1.fastq.gz,682
ERR14390571_1.fastq.gz,37793
ERR14390572_1.fastq.gz,25029
ERR14390573_1.fastq.gz,413
ERR14390577_1.fastq.gz,30039
ERR14390578_1.fastq.gz,26177
ERR14390579_1.fastq.gz,1415
ERR14390580_1.fastq.gz,13403
ERR14390581_1.fastq.gz,22636
ERR14390582_1.fastq.gz,81
ERR14390589_1.fastq.gz,23404
ERR14390590_1.fastq.gz,30817
ERR14390591_1.fastq.gz,283
ERR14390667_1.fastq.gz,14315
ERR14390668_1.fastq.gz,25552
ERR14390669_1.fastq.gz,158
ERR14390673_1.fastq.gz,21995
ERR14390674_1.fastq.gz,19795
ERR14390675_1.fastq.gz,1130
ERR14390682_1.fastq.gz,32652
ERR14390683_1.fastq.gz,31737
ERR14390684_1.fastq.gz,946
ERR14390688_1.fastq.gz,22771
ERR14390689_1.fastq.gz,31134
ERR14390690_1.fastq.gz,416
ERR14390691_1.fastq.gz,37423
ERR14390692_1.fastq.gz,30818
ERR14390693_1.fastq.gz,799
ERR14390703_1.fastq.gz,30789
ERR14390704_1.fastq.gz,28463
ERR14390705_1.fastq.gz,1065
ERR14390712_1.fastq.gz,36897
ERR14390713_1.fastq.gz,32326
ERR14390714_1.fastq.gz,1640
ERR14390715_1.fastq.gz,35205
ERR14390716_1.fastq.gz,34602
ERR14390717_1.fastq.gz,1668
ERR14390724_1.fastq.gz,41278
ERR14390725_1.fastq.gz,43455
ERR14390726_1.fastq.gz,2130
ERR14390727_1.fastq.gz,34906
ERR14390728_1.fastq.gz,29024
ERR14390729_1.fastq.gz,1413
ERR14390733_1.fastq.gz,41312
ERR14390734_1.fastq.gz,34309
ERR14390735_1.fastq.gz,355
ERR14390742_1.fastq.gz,12370
ERR14390743_1.fastq.gz,29624
ERR14390744_1.fastq.gz,231
ERR14390745_1.fastq.gz,37503
ERR14390746_1.fastq.gz,35033
ERR14390747_1.fastq.gz,1812
ERR14390751_1.fastq.gz,37658
ERR14390752_1.fastq.gz,31431
ERR14390753_1.fastq.gz,1436
ERR14390778_1.fastq.gz,36220
ERR14390779_1.fastq.gz,39425
ERR14390780_1.fastq.gz,350
ERR14390781_1.fastq.gz,27991
ERR14390782_1.fastq.gz,25875
ERR14390783_1.fastq.gz,1444
ERR14390880_1.fastq.gz,32307
ERR14390881_1.fastq.gz,36519
ERR14390882_1.fastq.gz,1521
ERR14390919_1.fastq.gz,44672
ERR14390920_1.fastq.gz,49219
ERR14390921_1.fastq.gz,1658
ERR14390940_1.fastq.gz,30067
ERR14390941_1.fastq.gz,35161
ERR14390942_1.fastq.gz,1104
ERR14390949_1.fastq.gz,35481
ERR14390950_1.fastq.gz,37041
ERR14390951_1.fastq.gz,988
ERR14390955_1.fastq.gz,29441
ERR14390956_1.fastq.gz,31675
ERR14390957_1.fastq.gz,1447
ERR14390958_1.fastq.gz,27125
ERR14390959_1.fastq.gz,30012
ERR14390960_1.fastq.gz,8
ERR14390967_1.fastq.gz,27909
ERR14390968_1.fastq.gz,33904
ERR14390969_1.fastq.gz,1066
ERR14390988_1.fastq.gz,25335
ERR14390989_1.fastq.gz,31299
ERR14390990_1.fastq.gz,1083
ERR14390991_1.fastq.gz,25718
ERR14390992_1.fastq.gz,30858
ERR14390993_1.fastq.gz,1199
ERR14391000_1.fastq.gz,25868
ERR14391001_1.fastq.gz,29876
ERR14391002_1.fastq.gz,949
ERR14391003_1.fastq.gz,19114
ERR14391004_1.fastq.gz,42002
ERR14391005_1.fastq.gz,724
ERR14391009_1.fastq.gz,34474
ERR14391010_1.fastq.gz,41247
ERR14391011_1.fastq.gz,369
ERR14391036_1.fastq.gz,24189
ERR14391037_1.fastq.gz,30998
ERR14391038_1.fastq.gz,706
ERR14391048_1.fastq.gz,17443
ERR14391049_1.fastq.gz,26803
ERR14391050_1.fastq.gz,643
ERR14391078_1.fastq.gz,39292
ERR14391079_1.fastq.gz,40893
ERR14391080_1.fastq.gz,971
ERR14391093_1.fastq.gz,46698
ERR14391094_1.fastq.gz,50472
ERR14391095_1.fastq.gz,1152
ERR14391096_1.fastq.gz,44841
ERR14391097_1.fastq.gz,43115
ERR14391098_1.fastq.gz,1094
ERR14391114_1.fastq.gz,34402
ERR14391115_1.fastq.gz,47784
ERR14391116_1.fastq.gz,1387
ERR14391117_1.fastq.gz,38372
ERR14391118_1.fastq.gz,37211
ERR14391119_1.fastq.gz,987
ERR14391120_1.fastq.gz,50613
ERR14391121_1.fastq.gz,49175
ERR14391122_1.fastq.gz,1802
ERR14391123_1.fastq.gz,46907
ERR14391124_1.fastq.gz,46705
ERR14391125_1.fastq.gz,1327
ERR14391126_1.fastq.gz,34640
ERR14391127_1.fastq.gz,38545
ERR14391128_1.fastq.gz,1496
ERR14391135_1.fastq.gz,43104
ERR14391136_1.fastq.gz,41285
ERR14391137_1.fastq.gz,1236
ERR14391138_1.fastq.gz,28887
ERR14391139_1.fastq.gz,38695
ERR14391140_1.fastq.gz,1094
ERR14391141_1.fastq.gz,32535
ERR14391142_1.fastq.gz,31899
ERR14391143_1.fastq.gz,880
ERR14391147_1.fastq.gz,41984
ERR14391148_1.fastq.gz,42912
ERR14391149_1.fastq.gz,1134
ERR14391150_1.fastq.gz,45716
ERR14391151_1.fastq.gz,44454
ERR14391152_1.fastq.gz,1602
ERR14391159_1.fastq.gz,33897
ERR14391160_1.fastq.gz,38161
ERR14391161_1.fastq.gz,1232
ERR14391162_1.fastq.gz,26409
ERR14391163_1.fastq.gz,28127
ERR14391164_1.fastq.gz,639
ERR14391165_1.fastq.gz,49714
ERR14391166_1.fastq.gz,47542
ERR14391167_1.fastq.gz,1576
ERR14391171_1.fastq.gz,44263
ERR14391172_1.fastq.gz,46098
ERR14391173_1.fastq.gz,1482
ERR14391186_1.fastq.gz,40283
ERR14391187_1.fastq.gz,39389
ERR14391188_1.fastq.gz,1185
ERR14391189_1.fastq.gz,41415
ERR14391190_1.fastq.gz,43047
ERR14391191_1.fastq.gz,1592
ERR14391192_1.fastq.gz,63005
ERR14391193_1.fastq.gz,65277
ERR14391194_1.fastq.gz,2284
ERR14391207_1.fastq.gz,30164
ERR14391208_1.fastq.gz,40564
ERR14391209_1.fastq.gz,1133
ERR14391210_1.fastq.gz,51238
ERR14391211_1.fastq.gz,46534
ERR14391212_1.fastq.gz,1766
ERR14391216_1.fastq.gz,47824
ERR14391217_1.fastq.gz,46757
ERR14391218_1.fastq.gz,1842
ERR14391231_1.fastq.gz,29502
ERR14391232_1.fastq.gz,39602
ERR14391233_1.fastq.gz,1146
ERR14391234_1.fastq.gz,49339
ERR14391235_1.fastq.gz,52474
ERR14391236_1.fastq.gz,1187
ERR14391237_1.fastq.gz,50096
ERR14391238_1.fastq.gz,40483
ERR14391239_1.fastq.gz,1556
ERR14391240_1.fastq.gz,39605
ERR14391241_1.fastq.gz,43631
ERR14391242_1.fastq.gz,1560
ERR14391243_1.fastq.gz,44748
ERR14391244_1.fastq.gz,44406
ERR14391245_1.fastq.gz,1232
ERR14391252_1.fastq.gz,29975
ERR14391253_1.fastq.gz,35027
ERR14391254_1.fastq.gz,1407
ERR14391264_1.fastq.gz,28809
ERR14391265_1.fastq.gz,28928
ERR14391266_1.fastq.gz,167
ERR14391267_1.fastq.gz,30238
ERR14391268_1.fastq.gz,30959
ERR14391269_1.fastq.gz,839
ERR14391270_1.fastq.gz,27320
ERR14391271_1.fastq.gz,26335
ERR14391272_1.fastq.gz,563
ERR14391273_1.fastq.gz,29890
ERR14391274_1.fastq.gz,28885
ERR14391275_1.fastq.gz,787
ERR14391279_1.fastq.gz,37890
ERR14391280_1.fastq.gz,33613
ERR14391281_1.fastq.gz,806
ERR14391282_1.fastq.gz,31997
ERR14391283_1.fastq.gz,28982
ERR14391284_1.fastq.gz,669
ERR14391300_1.fastq.gz,29073
ERR14391301_1.fastq.gz,35322
ERR14391302_1.fastq.gz,10
ERR14391303_1.fastq.gz,33421
ERR14391304_1.fastq.gz,30307
ERR14391305_1.fastq.gz,770
ERR14391306_1.fastq.gz,36859
ERR14391307_1.fastq.gz,32979
ERR14391308_1.fastq.gz,1313
ERR14391309_1.fastq.gz,34700
ERR14391310_1.fastq.gz,29687
ERR14391311_1.fastq.gz,970
ERR14391312_1.fastq.gz,23727
ERR14391313_1.fastq.gz,25572
ERR14391314_1.fastq.gz,857
ERR14391315_1.fastq.gz,32939
ERR14391316_1.fastq.gz,29427
ERR14391317_1.fastq.gz,1022
ERR14391318_1.fastq.gz,29237
ERR14391319_1.fastq.gz,28046
ERR14391320_1.fastq.gz,372
ERR14391321_1.fastq.gz,29934
ERR14391322_1.fastq.gz,30066
ERR14391323_1.fastq.gz,760
ERR14391327_1.fastq.gz,23056
ERR14391328_1.fastq.gz,22872
ERR14391329_1.fastq.gz,264
ERR14391339_1.fastq.gz,38102
ERR14391340_1.fastq.gz,35489
ERR14391341_1.fastq.gz,1088
ERR14391345_1.fastq.gz,29717
ERR14391346_1.fastq.gz,26808
ERR14391347_1.fastq.gz,660
ERR14391348_1.fastq.gz,21256
ERR14391349_1.fastq.gz,21842
ERR14391350_1.fastq.gz,480
ERR14391351_1.fastq.gz,37324
ERR14391352_1.fastq.gz,32962
ERR14391353_1.fastq.gz,995
ERR14391354_1.fastq.gz,32670
ERR14391355_1.fastq.gz,25916
ERR14391356_1.fastq.gz,879
ERR14391357_1.fastq.gz,36051
ERR14391358_1.fastq.gz,30511
ERR14391359_1.fastq.gz,648
ERR14391363_1.fastq.gz,28623
ERR14391364_1.fastq.gz,27787
ERR14391365_1.fastq.gz,299
ERR14391366_1.fastq.gz,36087
ERR14391367_1.fastq.gz,36129
ERR14391368_1.fastq.gz,958
ERR14391369_1.fastq.gz,24309
ERR14391370_1.fastq.gz,23851
ERR14391371_1.fastq.gz,834
ERR14391372_1.fastq.gz,22739
ERR14391373_1.fastq.gz,24718
ERR14391374_1.fastq.gz,7
ERR14391375_1.fastq.gz,30863
ERR14391376_1.fastq.gz,29001
ERR14391377_1.fastq.gz,859
ERR14391381_1.fastq.gz,44892
ERR14391382_1.fastq.gz,42551
ERR14391383_1.fastq.gz,1561
ERR14391387_1.fastq.gz,34350
ERR14391388_1.fastq.gz,26689
ERR14391389_1.fastq.gz,1217
ERR14391393_1.fastq.gz,27443
ERR14391394_1.fastq.gz,25493
ERR14391395_1.fastq.gz,713
ERR14391396_1.fastq.gz,29722
ERR14391397_1.fastq.gz,26866
ERR14391398_1.fastq.gz,629
ERR14391399_1.fastq.gz,31288
ERR14391400_1.fastq.gz,28477
ERR14391401_1.fastq.gz,832
ERR14391402_1.fastq.gz,26783
ERR14391403_1.fastq.gz,25170
ERR14391404_1.fastq.gz,535
ERR14391405_1.fastq.gz,33417
ERR14391406_1.fastq.gz,31258
ERR14391407_1.fastq.gz,640
ERR14391408_1.fastq.gz,29064
ERR14391409_1.fastq.gz,27952
ERR14391410_1.fastq.gz,693
ERR14391411_1.fastq.gz,27089
ERR14391412_1.fastq.gz,26708
ERR14391413_1.fastq.gz,611
ERR14391414_1.fastq.gz,28173
ERR14391415_1.fastq.gz,26968
ERR14391416_1.fastq.gz,738
ERR14391417_1.fastq.gz,38317
ERR14391418_1.fastq.gz,34106
ERR14391419_1.fastq.gz,879
ERR14391420_1.fastq.gz,31187
ERR14391421_1.fastq.gz,22980
ERR14391422_1.fastq.gz,365
ERR14391426_1.fastq.gz,30916
ERR14391427_1.fastq.gz,29999
ERR14391428_1.fastq.gz,888
ERR14391432_1.fastq.gz,26002
ERR14391433_1.fastq.gz,26710
ERR14391434_1.fastq.gz,737
ERR14391438_1.fastq.gz,32791
ERR14391439_1.fastq.gz,31328
ERR14391440_1.fastq.gz,14
ERR14391441_1.fastq.gz,28414
ERR14391442_1.fastq.gz,25851
ERR14391443_1.fastq.gz,556
ERR14391444_1.fastq.gz,25078
ERR14391445_1.fastq.gz,24216
ERR14391446_1.fastq.gz,442
ERR14391447_1.fastq.gz,30103
ERR14391448_1.fastq.gz,30924
ERR14391449_1.fastq.gz,647
ERR14391450_1.fastq.gz,28009
ERR14391451_1.fastq.gz,29420
ERR14391452_1.fastq.gz,739
ERR14391459_1.fastq.gz,24555
ERR14391460_1.fastq.gz,20030
ERR14391461_1.fastq.gz,3
ERR14391462_1.fastq.gz,29540
ERR14391463_1.fastq.gz,20767
ERR14391464_1.fastq.gz,1018
ERR14391465_1.fastq.gz,34406
ERR14391466_1.fastq.gz,34733
ERR14391467_1.fastq.gz,929
ERR14391474_1.fastq.gz,25461
ERR14391475_1.fastq.gz,17166
ERR14391476_1.fastq.gz,650
ERR14391477_1.fastq.gz,24565
ERR14391478_1.fastq.gz,22202
ERR14391479_1.fastq.gz,792
ERR14391480_1.fastq.gz,30685
ERR14391481_1.fastq.gz,27149
ERR14391482_1.fastq.gz,575
ERR14391483_1.fastq.gz,29686
ERR14391484_1.fastq.gz,27643
ERR14391485_1.fastq.gz,3
ERR14391486_1.fastq.gz,31620
ERR14391487_1.fastq.gz,30460
ERR14391488_1.fastq.gz,1096
ERR14391489_1.fastq.gz,28805
ERR14391490_1.fastq.gz,32067
ERR14391491_1.fastq.gz,696
ERR14391492_1.fastq.gz,28334
ERR14391493_1.fastq.gz,23901
ERR14391494_1.fastq.gz,822
ERR14391495_1.fastq.gz,24455
ERR14391496_1.fastq.gz,21658
ERR14391497_1.fastq.gz,660
ERR14391501_1.fastq.gz,28019
ERR14391502_1.fastq.gz,28611
ERR14391503_1.fastq.gz,867
ERR14391504_1.fastq.gz,23789
ERR14391505_1.fastq.gz,27313
ERR14391506_1.fastq.gz,596
ERR14391510_1.fastq.gz,31408
ERR14391511_1.fastq.gz,27400
ERR14391512_1.fastq.gz,971
ERR14391513_1.fastq.gz,20127
ERR14391514_1.fastq.gz,11998
ERR14391515_1.fastq.gz,257
ERR14391516_1.fastq.gz,27890
ERR14391517_1.fastq.gz,23400
ERR14391518_1.fastq.gz,368
ERR14391519_1.fastq.gz,24302
ERR14391520_1.fastq.gz,25452
ERR14391521_1.fastq.gz,608
ERR14391522_1.fastq.gz,22772
ERR14391523_1.fastq.gz,21382
ERR14391524_1.fastq.gz,687
ERR14391528_1.fastq.gz,32220
ERR14391529_1.fastq.gz,30483
ERR14391530_1.fastq.gz,848
ERR14391543_1.fastq.gz,19613
ERR14391544_1.fastq.gz,18197
ERR14391545_1.fastq.gz,420
ERR14391546_1.fastq.gz,26404
ERR14391547_1.fastq.gz,27797
ERR14391548_1.fastq.gz,753
ERR14391549_1.fastq.gz,37416
ERR14391550_1.fastq.gz,33180
ERR14391551_1.fastq.gz,805
ERR14391555_1.fastq.gz,45426
ERR14391556_1.fastq.gz,52077
ERR14391557_1.fastq.gz,1919
ERR14391558_1.fastq.gz,26576
ERR14391559_1.fastq.gz,30366
ERR14391560_1.fastq.gz,879
ERR14391564_1.fastq.gz,23612
ERR14391565_1.fastq.gz,25077
ERR14391566_1.fastq.gz,644
ERR14391567_1.fastq.gz,37120
ERR14391568_1.fastq.gz,39867
ERR14391569_1.fastq.gz,675
ERR14391570_1.fastq.gz,31603
ERR14391571_1.fastq.gz,31433
ERR14391572_1.fastq.gz,610
ERR14391573_1.fastq.gz,36805
ERR14391574_1.fastq.gz,36099
ERR14391575_1.fastq.gz,1570
ERR14391576_1.fastq.gz,33970
ERR14391577_1.fastq.gz,35235
ERR14391578_1.fastq.gz,1038
ERR14391579_1.fastq.gz,30696
ERR14391580_1.fastq.gz,24228
ERR14391581_1.fastq.gz,551
ERR14391588_1.fastq.gz,28956
ERR14391589_1.fastq.gz,29701
ERR14391590_1.fastq.gz,767
ERR14391591_1.fastq.gz,30098
ERR14391592_1.fastq.gz,31392
ERR14391593_1.fastq.gz,558
ERR14391594_1.fastq.gz,43497
ERR14391595_1.fastq.gz,42180
ERR14391596_1.fastq.gz,1337
ERR14391600_1.fastq.gz,35126
ERR14391601_1.fastq.gz,32962
ERR14391602_1.fastq.gz,1010
ERR14391609_1.fastq.gz,25050
ERR14391610_1.fastq.gz,27379
ERR14391611_1.fastq.gz,642
ERR14391612_1.fastq.gz,17051
ERR14391613_1.fastq.gz,17638
ERR14391614_1.fastq.gz,321
ERR14391615_1.fastq.gz,33056
ERR14391616_1.fastq.gz,36181
ERR14391617_1.fastq.gz,981
ERR14391618_1.fastq.gz,31835
ERR14391619_1.fastq.gz,25924
ERR14391620_1.fastq.gz,1196
ERR14391621_1.fastq.gz,33426
ERR14391622_1.fastq.gz,36063
ERR14391623_1.fastq.gz,1125
ERR14391624_1.fastq.gz,36770
ERR14391625_1.fastq.gz,34046
ERR14391626_1.fastq.gz,1302
ERR14391636_1.fastq.gz,28429
ERR14391637_1.fastq.gz,27343
ERR14391638_1.fastq.gz,931
ERR14391639_1.fastq.gz,28030
ERR14391640_1.fastq.gz,28447
ERR14391641_1.fastq.gz,1098
ERR14391642_1.fastq.gz,33240
ERR14391643_1.fastq.gz,27152
ERR14391644_1.fastq.gz,1061
ERR14391645_1.fastq.gz,49403
ERR14391646_1.fastq.gz,43897
ERR14391647_1.fastq.gz,1769
ERR14391648_1.fastq.gz,41355
ERR14391649_1.fastq.gz,39832
ERR14391650_1.fastq.gz,1269
ERR14391660_1.fastq.gz,34252
ERR14391661_1.fastq.gz,33089
ERR14391662_1.fastq.gz,554
ERR14391663_1.fastq.gz,33780
ERR14391664_1.fastq.gz,32194
ERR14391665_1.fastq.gz,1072
ERR14391666_1.fastq.gz,29107
ERR14391667_1.fastq.gz,26755
ERR14391668_1.fastq.gz,791
ERR14391672_1.fastq.gz,33974
ERR14391673_1.fastq.gz,31486
ERR14391674_1.fastq.gz,1166
ERR14391684_1.fastq.gz,28915
ERR14391685_1.fastq.gz,29498
ERR14391686_1.fastq.gz,1052
ERR14391693_1.fastq.gz,31093
ERR14391694_1.fastq.gz,30906
ERR14391695_1.fastq.gz,681
ERR14391696_1.fastq.gz,35309
ERR14391697_1.fastq.gz,33314
ERR14391698_1.fastq.gz,968
ERR14391702_1.fastq.gz,25094
ERR14391703_1.fastq.gz,28927
ERR14391704_1.fastq.gz,1103
ERR14391705_1.fastq.gz,21617
ERR14391706_1.fastq.gz,22932
ERR14391707_1.fastq.gz,791
ERR14391708_1.fastq.gz,28830
ERR14391709_1.fastq.gz,28896
ERR14391710_1.fastq.gz,871
ERR14391711_1.fastq.gz,25819
ERR14391712_1.fastq.gz,29163
ERR14391713_1.fastq.gz,1071
ERR14391714_1.fastq.gz,31631
ERR14391715_1.fastq.gz,30802
ERR14391716_1.fastq.gz,685
ERR14391717_1.fastq.gz,25890
ERR14391718_1.fastq.gz,28037
ERR14391719_1.fastq.gz,1011
ERR14391720_1.fastq.gz,32047
ERR14391721_1.fastq.gz,35552
ERR14391722_1.fastq.gz,1470
ERR14391735_1.fastq.gz,29043
ERR14391736_1.fastq.gz,31153
ERR14391737_1.fastq.gz,966
ERR14391738_1.fastq.gz,36330
ERR14391739_1.fastq.gz,38929
ERR14391740_1.fastq.gz,1562
ERR14391741_1.fastq.gz,31802
ERR14391742_1.fastq.gz,33797
ERR14391743_1.fastq.gz,1085
ERR14391744_1.fastq.gz,30232
ERR14391745_1.fastq.gz,32574
ERR14391746_1.fastq.gz,1097
ERR14391750_1.fastq.gz,24172
ERR14391751_1.fastq.gz,26651
ERR14391752_1.fastq.gz,907
ERR14391753_1.fastq.gz,38682
ERR14391754_1.fastq.gz,39111
ERR14391755_1.fastq.gz,534
ERR14391756_1.fastq.gz,27629
ERR14391757_1.fastq.gz,31495
ERR14391758_1.fastq.gz,942
ERR14391765_1.fastq.gz,24151
ERR14391766_1.fastq.gz,26483
ERR14391767_1.fastq.gz,920
ERR14391768_1.fastq.gz,23101
ERR14391769_1.fastq.gz,26460
ERR14391770_1.fastq.gz,966
ERR14391771_1.fastq.gz,32424
ERR14391772_1.fastq.gz,34077
ERR14391773_1.fastq.gz,973
ERR14391777_1.fastq.gz,28919
ERR14391778_1.fastq.gz,31651
ERR14391779_1.fastq.gz,1045
ERR14391780_1.fastq.gz,26427
ERR14391781_1.fastq.gz,28775
ERR14391782_1.fastq.gz,603
ERR14391789_1.fastq.gz,29642
ERR14391790_1.fastq.gz,28993
ERR14391791_1.fastq.gz,1158
ERR14391795_1.fastq.gz,28500
ERR14391796_1.fastq.gz,31655
ERR14391797_1.fastq.gz,1060
ERR14391798_1.fastq.gz,25708
ERR14391799_1.fastq.gz,31725
ERR14391800_1.fastq.gz,903
ERR14391807_1.fastq.gz,16562
ERR14391808_1.fastq.gz,19168
ERR14391809_1.fastq.gz,534
ERR14391819_1.fastq.gz,49634
ERR14391820_1.fastq.gz,50762
ERR14391821_1.fastq.gz,1959
ERR14391822_1.fastq.gz,24471
ERR14391823_1.fastq.gz,26468
ERR14391824_1.fastq.gz,870
ERR14391840_1.fastq.gz,34306
ERR14391841_1.fastq.gz,35524
ERR14391842_1.fastq.gz,1209
ERR14391855_1.fastq.gz,28956
ERR14391856_1.fastq.gz,32331
ERR14391857_1.fastq.gz,1139
ERR14391876_1.fastq.gz,30782
ERR14391877_1.fastq.gz,32084
ERR14391878_1.fastq.gz,1311
ERR14391879_1.fastq.gz,28068
ERR14391880_1.fastq.gz,32347
ERR14391881_1.fastq.gz,983
ERR14391891_1.fastq.gz,26123
ERR14391892_1.fastq.gz,25012
ERR14391893_1.fastq.gz,9
ERR14391894_1.fastq.gz,25270
ERR14391895_1.fastq.gz,22336
ERR14391896_1.fastq.gz,805
ERR14391900_1.fastq.gz,41440
ERR14391901_1.fastq.gz,40770
ERR14391902_1.fastq.gz,1397
ERR14391903_1.fastq.gz,34145
ERR14391904_1.fastq.gz,37808
ERR14391905_1.fastq.gz,1091
ERR14391915_1.fastq.gz,25361
ERR14391916_1.fastq.gz,29154
ERR14391917_1.fastq.gz,5
ERR14391924_1.fastq.gz,32514
ERR14391925_1.fastq.gz,31116
ERR14391926_1.fastq.gz,1164
ERR14391927_1.fastq.gz,29630
ERR14391928_1.fastq.gz,29176
ERR14391929_1.fastq.gz,946
ERR14391936_1.fastq.gz,27916
ERR14391937_1.fastq.gz,31358
ERR14391938_1.fastq.gz,811
ERR14391942_1.fastq.gz,34316
ERR14391943_1.fastq.gz,38547
ERR14391944_1.fastq.gz,975
ERR14391948_1.fastq.gz,23913
ERR14391949_1.fastq.gz,32990
ERR14391950_1.fastq.gz,1026
ERR14391951_1.fastq.gz,27188
ERR14391952_1.fastq.gz,31624
ERR14391953_1.fastq.gz,819
ERR14391972_1.fastq.gz,30964
ERR14391973_1.fastq.gz,33395
ERR14391974_1.fastq.gz,945
ERR14391993_1.fastq.gz,24723
ERR14391994_1.fastq.gz,38885
ERR14391995_1.fastq.gz,866
ERR14391996_1.fastq.gz,19982
ERR14391997_1.fastq.gz,30024
ERR14391998_1.fastq.gz,720
ERR14392005_1.fastq.gz,24645
ERR14392006_1.fastq.gz,27725
ERR14392007_1.fastq.gz,572
ERR14392008_1.fastq.gz,24539
ERR14392009_1.fastq.gz,37482
ERR14392010_1.fastq.gz,1303
ERR14392011_1.fastq.gz,23293
ERR14392012_1.fastq.gz,27546
ERR14392013_1.fastq.gz,1048
ERR14392017_1.fastq.gz,23627
ERR14392018_1.fastq.gz,30792
ERR14392019_1.fastq.gz,954
ERR14392029_1.fastq.gz,17918
ERR14392030_1.fastq.gz,36021
ERR14392031_1.fastq.gz,6
ERR14392032_1.fastq.gz,35612
ERR14392033_1.fastq.gz,39645
ERR14392034_1.fastq.gz,1059
ERR14392035_1.fastq.gz,13606
ERR14392036_1.fastq.gz,21467
ERR14392037_1.fastq.gz,447
ERR14392038_1.fastq.gz,29944
ERR14392039_1.fastq.gz,36778
ERR14392040_1.fastq.gz,851
ERR14392053_1.fastq.gz,63864
ERR14392054_1.fastq.gz,49587
ERR14392055_1.fastq.gz,1580
ERR14392056_1.fastq.gz,32783
ERR14392057_1.fastq.gz,41750
ERR14392058_1.fastq.gz,2242
ERR14392065_1.fastq.gz,59372
ERR14392066_1.fastq.gz,40800
ERR14392067_1.fastq.gz,2238
ERR14392068_1.fastq.gz,73752
ERR14392069_1.fastq.gz,67278
ERR14392070_1.fastq.gz,5621
ERR14392074_1.fastq.gz,30932
ERR14392075_1.fastq.gz,39953
ERR14392076_1.fastq.gz,1914
ERR14392077_1.fastq.gz,62023
ERR14392078_1.fastq.gz,42691
ERR14392079_1.fastq.gz,2711
ERR14392083_1.fastq.gz,14800
ERR14392084_1.fastq.gz,52030
ERR14392085_1.fastq.gz,1019
ERR14392086_1.fastq.gz,54791
ERR14392087_1.fastq.gz,41790
ERR14392088_1.fastq.gz,1022
ERR14392092_1.fastq.gz,59246
ERR14392093_1.fastq.gz,39028
ERR14392094_1.fastq.gz,1533
ERR14392101_1.fastq.gz,53180
ERR14392102_1.fastq.gz,43130
ERR14392103_1.fastq.gz,2977
ERR14392104_1.fastq.gz,24761
ERR14392105_1.fastq.gz,39295
ERR14392106_1.fastq.gz,1875
ERR14392107_1.fastq.gz,24750
ERR14392108_1.fastq.gz,32612
ERR14392109_1.fastq.gz,508
ERR14392110_1.fastq.gz,77544
ERR14392111_1.fastq.gz,62647
ERR14392112_1.fastq.gz,4172
ERR14392113_1.fastq.gz,53977
ERR14392114_1.fastq.gz,42904
ERR14392115_1.fastq.gz,1667
ERR14392119_1.fastq.gz,50585
ERR14392120_1.fastq.gz,42386
ERR14392121_1.fastq.gz,135
ERR14392128_1.fastq.gz,59192
ERR14392129_1.fastq.gz,49138
ERR14392130_1.fastq.gz,4426
ERR14392134_1.fastq.gz,57229
ERR14392135_1.fastq.gz,44628
ERR14392136_1.fastq.gz,1141
ERR14392137_1.fastq.gz,44081
ERR14392138_1.fastq.gz,44296
ERR14392139_1.fastq.gz,1675
ERR14392140_1.fastq.gz,42112
ERR14392141_1.fastq.gz,40682
ERR14392142_1.fastq.gz,2172
ERR14392146_1.fastq.gz,44952
ERR14392147_1.fastq.gz,33429
ERR14392148_1.fastq.gz,1655
ERR14392176_1.fastq.gz,49792
ERR14392177_1.fastq.gz,37901
ERR14392178_1.fastq.gz,1505
ERR14392182_1.fastq.gz,46596
ERR14392183_1.fastq.gz,40721
ERR14392184_1.fastq.gz,2403
ERR14392206_1.fastq.gz,34049
ERR14392207_1.fastq.gz,33823
ERR14392208_1.fastq.gz,272
ERR14392221_1.fastq.gz,25460
ERR14392222_1.fastq.gz,31052
ERR14392223_1.fastq.gz,2209
ERR14392278_1.fastq.gz,29731
ERR14392279_1.fastq.gz,30141
ERR14392280_1.fastq.gz,4723
ERR14392284_1.fastq.gz,29771
ERR14392285_1.fastq.gz,34164
ERR14392286_1.fastq.gz,10182
ERR14392287_1.fastq.gz,42923
ERR14392288_1.fastq.gz,37662
ERR14392289_1.fastq.gz,10712
ERR14392290_1.fastq.gz,35612
ERR14392291_1.fastq.gz,34692
ERR14392292_1.fastq.gz,11853
ERR14392296_1.fastq.gz,35956
ERR14392297_1.fastq.gz,27992
ERR14392298_1.fastq.gz,9073
ERR14392308_1.fastq.gz,17598
ERR14392309_1.fastq.gz,40045
ERR14392310_1.fastq.gz,2344
ERR14392338_1.fastq.gz,50560
ERR14392339_1.fastq.gz,49541
ERR14392340_1.fastq.gz,17646
ERR14392350_1.fastq.gz,40253
ERR14392351_1.fastq.gz,36351
ERR14392352_1.fastq.gz,11283
ERR14392380_1.fastq.gz,51311
ERR14392381_1.fastq.gz,48145
ERR14392382_1.fastq.gz,15585
ERR14392401_1.fastq.gz,32093
ERR14392402_1.fastq.gz,32384
ERR14392403_1.fastq.gz,7728
ERR14392452_1.fastq.gz,32855
ERR14392453_1.fastq.gz,31013
ERR14392454_1.fastq.gz,4074
ERR14392455_1.fastq.gz,20554
ERR14392456_1.fastq.gz,28018
ERR14392457_1.fastq.gz,6130
ERR14392461_1.fastq.gz,26655
ERR14392462_1.fastq.gz,26821
ERR14392463_1.fastq.gz,3631
ERR14392464_1.fastq.gz,30901
ERR14392465_1.fastq.gz,27798
ERR14392466_1.fastq.gz,12326
ERR14392467_1.fastq.gz,32827
ERR14392468_1.fastq.gz,25891
ERR14392469_1.fastq.gz,10307
ERR14392503_1.fastq.gz,64508
ERR14392504_1.fastq.gz,32403
ERR14392505_1.fastq.gz,12540
ERR14392512_1.fastq.gz,40253
ERR14392513_1.fastq.gz,21882
ERR14392514_1.fastq.gz,9925
ERR14392515_1.fastq.gz,55061
ERR14392516_1.fastq.gz,23182
ERR14392517_1.fastq.gz,6666
ERR14392530_1.fastq.gz,77052
ERR14392531_1.fastq.gz,73583
ERR14392532_1.fastq.gz,17924
ERR14392779_1.fastq.gz,18
ERR14392780_1.fastq.gz,21
ERR14392781_1.fastq.gz,3747
ERR14392782_1.fastq.gz,171
ERR14392783_1.fastq.gz,35504
ERR14392784_1.fastq.gz,1117
ERR14392803_1.fastq.gz,48318
ERR14392804_1.fastq.gz,25426
ERR14392805_1.fastq.gz,3014
ERR14392809_1.fastq.gz,42402
ERR14392810_1.fastq.gz,33249
ERR14392811_1.fastq.gz,4311
ERR14392815_1.fastq.gz,30225
ERR14392816_1.fastq.gz,25701
ERR14392817_1.fastq.gz,4027
ERR14392818_1.fastq.gz,27048
ERR14392819_1.fastq.gz,30526
ERR14392820_1.fastq.gz,2700
ERR14392821_1.fastq.gz,38378
ERR14392822_1.fastq.gz,31718
ERR14392823_1.fastq.gz,3983
ERR14392833_1.fastq.gz,40686
ERR14392834_1.fastq.gz,39286
ERR14392835_1.fastq.gz,5117
ERR14392836_1.fastq.gz,38679
ERR14392837_1.fastq.gz,31846
ERR14392838_1.fastq.gz,832
ERR14392854_1.fastq.gz,21449
ERR14392855_1.fastq.gz,34153
ERR14392856_1.fastq.gz,1224
ERR14392866_1.fastq.gz,28951
ERR14392867_1.fastq.gz,30094
ERR14392868_1.fastq.gz,2397
ERR14392881_1.fastq.gz,49544
ERR14392882_1.fastq.gz,42539
ERR14392883_1.fastq.gz,5719
ERR14392887_1.fastq.gz,36460
ERR14392888_1.fastq.gz,34612
ERR14392889_1.fastq.gz,3852
ERR14392890_1.fastq.gz,32472
ERR14392891_1.fastq.gz,26709
ERR14392892_1.fastq.gz,2399
ERR14392893_1.fastq.gz,31498
ERR14392894_1.fastq.gz,30337
ERR14392895_1.fastq.gz,2339
ERR14392908_1.fastq.gz,38458
ERR14392909_1.fastq.gz,31138
ERR14392910_1.fastq.gz,3344
ERR14392911_1.fastq.gz,38923
ERR14392912_1.fastq.gz,32775
ERR14392913_1.fastq.gz,2988
ERR14392923_1.fastq.gz,41220
ERR14392924_1.fastq.gz,28143
ERR14392925_1.fastq.gz,4332
ERR14392929_1.fastq.gz,35896
ERR14392930_1.fastq.gz,31262
ERR14392931_1.fastq.gz,2084
ERR14392932_1.fastq.gz,15710
ERR14392933_1.fastq.gz,22507
ERR14392934_1.fastq.gz,27
ERR14392935_1.fastq.gz,30435
ERR14392936_1.fastq.gz,20923
ERR14392937_1.fastq.gz,42
ERR14392938_1.fastq.gz,37565
ERR14392939_1.fastq.gz,34745
ERR14392940_1.fastq.gz,2641
ERR14392947_1.fastq.gz,37957
ERR14392948_1.fastq.gz,21320
ERR14392949_1.fastq.gz,3425
ERR14392950_1.fastq.gz,706
ERR14392951_1.fastq.gz,31940
ERR14392952_1.fastq.gz,28
ERR14392959_1.fastq.gz,32735
ERR14392960_1.fastq.gz,25874
ERR14392961_1.fastq.gz,3632
ERR14392962_1.fastq.gz,37915
ERR14392963_1.fastq.gz,27420
ERR14392964_1.fastq.gz,2873
ERR14392968_1.fastq.gz,39807
ERR14392969_1.fastq.gz,32106
ERR14392970_1.fastq.gz,1450
ERR14392974_1.fastq.gz,209
ERR14392975_1.fastq.gz,20456
ERR14392976_1.fastq.gz,31
ERR14392998_1.fastq.gz,27347
ERR14392999_1.fastq.gz,27524
ERR14393000_1.fastq.gz,1914
ERR14393028_1.fastq.gz,23084
ERR14393029_1.fastq.gz,39786
ERR14393030_1.fastq.gz,394
ERR14393037_1.fastq.gz,59070
ERR14393038_1.fastq.gz,50393
ERR14393039_1.fastq.gz,2334
ERR14393040_1.fastq.gz,68158
ERR14393041_1.fastq.gz,26438
ERR14393042_1.fastq.gz,2940
ERR14393043_1.fastq.gz,55412
ERR14393044_1.fastq.gz,46741
ERR14393045_1.fastq.gz,3156
ERR14393049_1.fastq.gz,41534
ERR14393050_1.fastq.gz,41791
ERR14393051_1.fastq.gz,2186
ERR14393052_1.fastq.gz,48022
ERR14393053_1.fastq.gz,45850
ERR14393054_1.fastq.gz,2453
ERR14393058_1.fastq.gz,31889
ERR14393059_1.fastq.gz,42088
ERR14393060_1.fastq.gz,2358
ERR14393061_1.fastq.gz,30321
ERR14393062_1.fastq.gz,55613
ERR14393063_1.fastq.gz,924
ERR14393064_1.fastq.gz,59746
ERR14393065_1.fastq.gz,48570
ERR14393066_1.fastq.gz,2651
ERR14393067_1.fastq.gz,63182
ERR14393068_1.fastq.gz,48533
ERR14393069_1.fastq.gz,4218
ERR14393073_1.fastq.gz,62932
ERR14393074_1.fastq.gz,50365
ERR14393075_1.fastq.gz,2244
ERR14393085_1.fastq.gz,77093
ERR14393086_1.fastq.gz,57834
ERR14393087_1.fastq.gz,2076
ERR14393088_1.fastq.gz,55880
ERR14393089_1.fastq.gz,45169
ERR14393090_1.fastq.gz,2073
ERR14393091_1.fastq.gz,55347
ERR14393092_1.fastq.gz,46028
ERR14393093_1.fastq.gz,1005
ERR14393094_1.fastq.gz,42802
ERR14393095_1.fastq.gz,47885
ERR14393096_1.fastq.gz,1175
ERR14393100_1.fastq.gz,52920
ERR14393101_1.fastq.gz,45595
ERR14393102_1.fastq.gz,2485
ERR14393103_1.fastq.gz,40845
ERR14393104_1.fastq.gz,36550
ERR14393105_1.fastq.gz,925
ERR14393106_1.fastq.gz,24070
ERR14393107_1.fastq.gz,49324
ERR14393108_1.fastq.gz,2181
ERR14393112_1.fastq.gz,58881
ERR14393113_1.fastq.gz,45550
ERR14393114_1.fastq.gz,360
ERR14393118_1.fastq.gz,33912
ERR14393119_1.fastq.gz,38733
ERR14393120_1.fastq.gz,2276
ERR14393127_1.fastq.gz,17736
ERR14393128_1.fastq.gz,38967
ERR14393129_1.fastq.gz,981
ERR14393130_1.fastq.gz,46121
ERR14393131_1.fastq.gz,39278
ERR14393132_1.fastq.gz,1498
ERR14393133_1.fastq.gz,38834
ERR14393134_1.fastq.gz,30576
ERR14393135_1.fastq.gz,777
ERR14393142_1.fastq.gz,34782
ERR14393143_1.fastq.gz,44238
ERR14393144_1.fastq.gz,656
ERR14393154_1.fastq.gz,55333
ERR14393155_1.fastq.gz,47033
ERR14393156_1.fastq.gz,203
ERR14393175_1.fastq.gz,43856
ERR14393176_1.fastq.gz,37663
ERR14393177_1.fastq.gz,1169
ERR14393178_1.fastq.gz,64795
ERR14393179_1.fastq.gz,51098
ERR14393180_1.fastq.gz,2223
ERR14393184_1.fastq.gz,54722
ERR14393185_1.fastq.gz,44942
ERR14393186_1.fastq.gz,1854
ERR14393190_1.fastq.gz,42916
ERR14393191_1.fastq.gz,51689
ERR14393192_1.fastq.gz,2155
ERR14393193_1.fastq.gz,40124
ERR14393194_1.fastq.gz,40089
ERR14393195_1.fastq.gz,1167
ERR14393205_1.fastq.gz,27888
ERR14393206_1.fastq.gz,47069
ERR14393207_1.fastq.gz,1773
ERR14393208_1.fastq.gz,23981
ERR14393209_1.fastq.gz,37848
ERR14393210_1.fastq.gz,2191
ERR14393211_1.fastq.gz,53998
ERR14393212_1.fastq.gz,44238
ERR14393213_1.fastq.gz,1968
ERR14393214_1.fastq.gz,31601
ERR14393215_1.fastq.gz,48793
ERR14393216_1.fastq.gz,2195
ERR14393223_1.fastq.gz,37026
ERR14393224_1.fastq.gz,56718
ERR14393225_1.fastq.gz,1570
ERR14393226_1.fastq.gz,41312
ERR14393227_1.fastq.gz,50376
ERR14393228_1.fastq.gz,2102
ERR14393229_1.fastq.gz,34354
ERR14393230_1.fastq.gz,50214
ERR14393231_1.fastq.gz,1775
ERR14393235_1.fastq.gz,38921
ERR14393236_1.fastq.gz,46204
ERR14393237_1.fastq.gz,2022
ERR14393238_1.fastq.gz,52202
ERR14393239_1.fastq.gz,42977
ERR14393240_1.fastq.gz,2118
ERR14393241_1.fastq.gz,20529
ERR14393242_1.fastq.gz,48962
ERR14393243_1.fastq.gz,449
ERR14393244_1.fastq.gz,36463
ERR14393245_1.fastq.gz,50890
ERR14393246_1.fastq.gz,0
ERR14393247_1.fastq.gz,27845
ERR14393248_1.fastq.gz,45160
ERR14393249_1.fastq.gz,1115
ERR14393250_1.fastq.gz,35202
ERR14393251_1.fastq.gz,19911
ERR14393252_1.fastq.gz,1723
ERR14393253_1.fastq.gz,27098
ERR14393254_1.fastq.gz,47013
ERR14393255_1.fastq.gz,1660
ERR14393256_1.fastq.gz,31446
ERR14393257_1.fastq.gz,50994
ERR14393258_1.fastq.gz,256
ERR14393259_1.fastq.gz,42679
ERR14393260_1.fastq.gz,41640
ERR14393261_1.fastq.gz,1008
ERR14393262_1.fastq.gz,21210
ERR14393263_1.fastq.gz,36880
ERR14393264_1.fastq.gz,150
ERR14393265_1.fastq.gz,30368
ERR14393266_1.fastq.gz,48324
ERR14393267_1.fastq.gz,942
ERR14393268_1.fastq.gz,14609
ERR14393269_1.fastq.gz,28152
ERR14393270_1.fastq.gz,463
ERR14393271_1.fastq.gz,34075
ERR14393272_1.fastq.gz,39735
ERR14393273_1.fastq.gz,240
ERR14393274_1.fastq.gz,51768
ERR14393275_1.fastq.gz,41711
ERR14393276_1.fastq.gz,1763
ERR14393283_1.fastq.gz,28184
ERR14393284_1.fastq.gz,40353
ERR14393285_1.fastq.gz,2735
ERR14393295_1.fastq.gz,56699
ERR14393296_1.fastq.gz,50823
ERR14393297_1.fastq.gz,1303
ERR14393301_1.fastq.gz,41832
ERR14393302_1.fastq.gz,46573
ERR14393303_1.fastq.gz,2136
ERR14393307_1.fastq.gz,55926
ERR14393308_1.fastq.gz,47729
ERR14393309_1.fastq.gz,3127
ERR14393310_1.fastq.gz,45565
ERR14393311_1.fastq.gz,42964
ERR14393312_1.fastq.gz,1846
ERR14393313_1.fastq.gz,55802
ERR14393314_1.fastq.gz,58758
ERR14393315_1.fastq.gz,164
ERR14393316_1.fastq.gz,52432
ERR14393317_1.fastq.gz,49094
ERR14393318_1.fastq.gz,2936
ERR14393322_1.fastq.gz,58225
ERR14393323_1.fastq.gz,51737
ERR14393324_1.fastq.gz,2543
ERR14393325_1.fastq.gz,53793
ERR14393326_1.fastq.gz,36857
ERR14393327_1.fastq.gz,2705
ERR14393328_1.fastq.gz,57285
ERR14393329_1.fastq.gz,49654
ERR14393330_1.fastq.gz,2439
ERR14393331_1.fastq.gz,42666
ERR14393332_1.fastq.gz,39163
ERR14393333_1.fastq.gz,1409
ERR14393334_1.fastq.gz,50606
ERR14393335_1.fastq.gz,45517
ERR14393336_1.fastq.gz,2982
ERR14393340_1.fastq.gz,60197
ERR14393341_1.fastq.gz,55801
ERR14393342_1.fastq.gz,1664
ERR14393379_1.fastq.gz,59592
ERR14393380_1.fastq.gz,46823
ERR14393381_1.fastq.gz,2306
ERR14393418_1.fastq.gz,37571
ERR14393419_1.fastq.gz,19027
ERR14393420_1.fastq.gz,1237
ERR14393439_1.fastq.gz,48470
ERR14393440_1.fastq.gz,38865
ERR14393441_1.fastq.gz,167
ERR14393463_1.fastq.gz,50234
ERR14393464_1.fastq.gz,49530
ERR14393465_1.fastq.gz,1318
ERR14393487_1.fastq.gz,24010
ERR14393488_1.fastq.gz,14460
ERR14393489_1.fastq.gz,989
ERR14393493_1.fastq.gz,47587
ERR14393494_1.fastq.gz,44876
ERR14393495_1.fastq.gz,2359
ERR14393496_1.fastq.gz,53839
ERR14393497_1.fastq.gz,68803
ERR14393498_1.fastq.gz,3736
ERR14393499_1.fastq.gz,45373
ERR14393500_1.fastq.gz,39232
ERR14393501_1.fastq.gz,1806
ERR14393511_1.fastq.gz,12820
ERR14393512_1.fastq.gz,7467
ERR14393513_1.fastq.gz,614
ERR14393514_1.fastq.gz,44800
ERR14393515_1.fastq.gz,42886
ERR14393516_1.fastq.gz,314
ERR14393517_1.fastq.gz,45081
ERR14393518_1.fastq.gz,47258
ERR14393519_1.fastq.gz,1690
ERR14393523_1.fastq.gz,40444
ERR14393524_1.fastq.gz,35513
ERR14393525_1.fastq.gz,2059
ERR14393538_1.fastq.gz,58787
ERR14393539_1.fastq.gz,63562
ERR14393540_1.fastq.gz,3066
ERR14393541_1.fastq.gz,47486
ERR14393542_1.fastq.gz,42507
ERR14393543_1.fastq.gz,1326
ERR14393544_1.fastq.gz,28647
ERR14393545_1.fastq.gz,24797
ERR14393546_1.fastq.gz,2148
ERR14393553_1.fastq.gz,26909
ERR14393554_1.fastq.gz,32380
ERR14393555_1.fastq.gz,1327
ERR14393562_1.fastq.gz,32970
ERR14393563_1.fastq.gz,41803
ERR14393564_1.fastq.gz,1851
ERR14393565_1.fastq.gz,48028
ERR14393566_1.fastq.gz,49280
ERR14393567_1.fastq.gz,1898
ERR14393568_1.fastq.gz,31321
ERR14393569_1.fastq.gz,49152
ERR14393570_1.fastq.gz,1926
ERR14393607_1.fastq.gz,43138
ERR14393608_1.fastq.gz,41152
ERR14393609_1.fastq.gz,1240
ERR14393610_1.fastq.gz,44128
ERR14393611_1.fastq.gz,38971
ERR14393612_1.fastq.gz,1762
ERR14393613_1.fastq.gz,46676
ERR14393614_1.fastq.gz,45292
ERR14393615_1.fastq.gz,2810
ERR14393619_1.fastq.gz,19758
ERR14393620_1.fastq.gz,36779
ERR14393621_1.fastq.gz,1359
ERR14393625_1.fastq.gz,16429
ERR14393626_1.fastq.gz,32200
ERR14393627_1.fastq.gz,719
ERR14393631_1.fastq.gz,48631
ERR14393632_1.fastq.gz,47016
ERR14393633_1.fastq.gz,2587
ERR14393637_1.fastq.gz,36014
ERR14393638_1.fastq.gz,42911
ERR14393639_1.fastq.gz,974
ERR14393640_1.fastq.gz,25536
ERR14393641_1.fastq.gz,41025
ERR14393642_1.fastq.gz,1134
ERR14393655_1.fastq.gz,36227
ERR14393656_1.fastq.gz,39862
ERR14393657_1.fastq.gz,1397
ERR14393661_1.fastq.gz,37505
ERR14393662_1.fastq.gz,32519
ERR14393663_1.fastq.gz,303
ERR14393667_1.fastq.gz,26052
ERR14393668_1.fastq.gz,36286
ERR14393669_1.fastq.gz,1776
ERR14393676_1.fastq.gz,10869
ERR14393677_1.fastq.gz,6884
ERR14393678_1.fastq.gz,663
ERR14393679_1.fastq.gz,42142
ERR14393680_1.fastq.gz,53518
ERR14393681_1.fastq.gz,1447
ERR14393700_1.fastq.gz,26691
ERR14393701_1.fastq.gz,49894
ERR14393702_1.fastq.gz,1386
ERR14393709_1.fastq.gz,18376
ERR14393710_1.fastq.gz,10715
ERR14393711_1.fastq.gz,1319
ERR14393724_1.fastq.gz,30777
ERR14393725_1.fastq.gz,49761
ERR14393726_1.fastq.gz,2101
ERR14393727_1.fastq.gz,24698
ERR14393728_1.fastq.gz,23785
ERR14393729_1.fastq.gz,700
ERR14393730_1.fastq.gz,15705
ERR14393731_1.fastq.gz,46808
ERR14393732_1.fastq.gz,748
ERR14393751_1.fastq.gz,37841
ERR14393752_1.fastq.gz,47397
ERR14393753_1.fastq.gz,1776
ERR14393760_1.fastq.gz,27739
ERR14393761_1.fastq.gz,24902
ERR14393762_1.fastq.gz,444
ERR14393763_1.fastq.gz,30381
ERR14393764_1.fastq.gz,44211
ERR14393765_1.fastq.gz,1084
ERR14393766_1.fastq.gz,54283
ERR14393767_1.fastq.gz,47641
ERR14393768_1.fastq.gz,1133
ERR14393772_1.fastq.gz,54663
ERR14393773_1.fastq.gz,78617
ERR14393774_1.fastq.gz,4230
ERR14393775_1.fastq.gz,29859
ERR14393776_1.fastq.gz,47239
ERR14393777_1.fastq.gz,1590
ERR14393787_1.fastq.gz,42170
ERR14393788_1.fastq.gz,50531
ERR14393789_1.fastq.gz,960
ERR14393790_1.fastq.gz,48965
ERR14393791_1.fastq.gz,50017
ERR14393792_1.fastq.gz,1825
ERR14393793_1.fastq.gz,33119
ERR14393794_1.fastq.gz,55576
ERR14393795_1.fastq.gz,2202
ERR14393796_1.fastq.gz,55435
ERR14393797_1.fastq.gz,54524
ERR14393798_1.fastq.gz,2101
ERR14393799_1.fastq.gz,47334
ERR14393800_1.fastq.gz,38584
ERR14393801_1.fastq.gz,1678
ERR14393808_1.fastq.gz,37580
ERR14393809_1.fastq.gz,39476
ERR14393810_1.fastq.gz,1470
ERR14393814_1.fastq.gz,68315
ERR14393815_1.fastq.gz,66319
ERR14393816_1.fastq.gz,3083
ERR14393820_1.fastq.gz,53476
ERR14393821_1.fastq.gz,49914
ERR14393822_1.fastq.gz,2228
ERR14393835_1.fastq.gz,44608
ERR14393836_1.fastq.gz,52513
ERR14393837_1.fastq.gz,2121
ERR14393838_1.fastq.gz,46065
ERR14393839_1.fastq.gz,19367
ERR14393840_1.fastq.gz,1707
ERR14393841_1.fastq.gz,30314
ERR14393842_1.fastq.gz,55821
ERR14393843_1.fastq.gz,2473
ERR14393856_1.fastq.gz,32631
ERR14393857_1.fastq.gz,31085
ERR14393858_1.fastq.gz,1217
ERR14393859_1.fastq.gz,41481
ERR14393860_1.fastq.gz,37192
ERR14393861_1.fastq.gz,1391
ERR14393865_1.fastq.gz,68399
ERR14393866_1.fastq.gz,58719
ERR14393867_1.fastq.gz,1448
ERR14393868_1.fastq.gz,60346
ERR14393869_1.fastq.gz,57651
ERR14393870_1.fastq.gz,2276
ERR14393874_1.fastq.gz,35753
ERR14393875_1.fastq.gz,37419
ERR14393876_1.fastq.gz,1183
ERR14393877_1.fastq.gz,49450
ERR14393878_1.fastq.gz,42376
ERR14393879_1.fastq.gz,1404
ERR14393883_1.fastq.gz,58489
ERR14393884_1.fastq.gz,44089
ERR14393885_1.fastq.gz,2021
ERR14393886_1.fastq.gz,45693
ERR14393887_1.fastq.gz,40141
ERR14393888_1.fastq.gz,2032
ERR14393892_1.fastq.gz,32695
ERR14393893_1.fastq.gz,33908
ERR14393894_1.fastq.gz,1082
ERR14393895_1.fastq.gz,36872
ERR14393896_1.fastq.gz,31415
ERR14393897_1.fastq.gz,1849
ERR14393898_1.fastq.gz,35301
ERR14393899_1.fastq.gz,48478
ERR14393900_1.fastq.gz,2411
ERR14393916_1.fastq.gz,38567
ERR14393917_1.fastq.gz,39959
ERR14393918_1.fastq.gz,1588
ERR14393925_1.fastq.gz,33042
ERR14393926_1.fastq.gz,28185
ERR14393927_1.fastq.gz,1054
ERR14393928_1.fastq.gz,43502
ERR14393929_1.fastq.gz,29833
ERR14393930_1.fastq.gz,1175
ERR14393934_1.fastq.gz,49163
ERR14393935_1.fastq.gz,39340
ERR14393936_1.fastq.gz,1785
ERR14393937_1.fastq.gz,49195
ERR14393938_1.fastq.gz,46432
ERR14393939_1.fastq.gz,1652
ERR14393940_1.fastq.gz,40667
ERR14393941_1.fastq.gz,40651
ERR14393942_1.fastq.gz,1049
ERR14393946_1.fastq.gz,26497
ERR14393947_1.fastq.gz,29669
ERR14393948_1.fastq.gz,817
ERR14393949_1.fastq.gz,30820
ERR14393950_1.fastq.gz,34941
ERR14393951_1.fastq.gz,1450
ERR14393952_1.fastq.gz,30086
ERR14393953_1.fastq.gz,7396
ERR14393954_1.fastq.gz,1990
ERR14393991_1.fastq.gz,39534
ERR14393992_1.fastq.gz,55999
ERR14393993_1.fastq.gz,653
ERR14394000_1.fastq.gz,55427
ERR14394001_1.fastq.gz,57725
ERR14394002_1.fastq.gz,2201
ERR14394003_1.fastq.gz,33753
ERR14394004_1.fastq.gz,45202
ERR14394005_1.fastq.gz,2275
ERR14394012_1.fastq.gz,12671
ERR14394013_1.fastq.gz,53731
ERR14394014_1.fastq.gz,1628
ERR14394015_1.fastq.gz,13861
ERR14394016_1.fastq.gz,36472
ERR14394017_1.fastq.gz,1398
ERR14394021_1.fastq.gz,50096
ERR14394022_1.fastq.gz,45177
ERR14394023_1.fastq.gz,1065
ERR14394033_1.fastq.gz,32933
ERR14394034_1.fastq.gz,48475
ERR14394035_1.fastq.gz,1029
ERR14394042_1.fastq.gz,35717
ERR14394043_1.fastq.gz,3139
ERR14394044_1.fastq.gz,1015
ERR14394045_1.fastq.gz,49647
ERR14394046_1.fastq.gz,44181
ERR14394047_1.fastq.gz,1089
ERR14394060_1.fastq.gz,36787
ERR14394061_1.fastq.gz,19814
ERR14394062_1.fastq.gz,1042
ERR14394063_1.fastq.gz,50778
ERR14394064_1.fastq.gz,58564
ERR14394065_1.fastq.gz,1383
ERR14394066_1.fastq.gz,53351
ERR14394067_1.fastq.gz,61381
ERR14394068_1.fastq.gz,1674
ERR14394078_1.fastq.gz,37634
ERR14394079_1.fastq.gz,39964
ERR14394080_1.fastq.gz,993
ERR14394081_1.fastq.gz,38509
ERR14394082_1.fastq.gz,35623
ERR14394083_1.fastq.gz,833
ERR14394123_1.fastq.gz,27965
ERR14394124_1.fastq.gz,31759
ERR14394125_1.fastq.gz,195
ERR14394129_1.fastq.gz,27316
ERR14394130_1.fastq.gz,31122
ERR14394131_1.fastq.gz,643
ERR14394138_1.fastq.gz,36251
ERR14394139_1.fastq.gz,5487
ERR14394140_1.fastq.gz,1260
ERR14394144_1.fastq.gz,12933
ERR14394145_1.fastq.gz,4595
ERR14394146_1.fastq.gz,1709
ERR14394147_1.fastq.gz,35969
ERR14394148_1.fastq.gz,57193
ERR14394149_1.fastq.gz,1329
ERR14394165_1.fastq.gz,34838
ERR14394166_1.fastq.gz,41949
ERR14394167_1.fastq.gz,320
ERR14394168_1.fastq.gz,10171
ERR14394169_1.fastq.gz,41626
ERR14394170_1.fastq.gz,1588
ERR14394171_1.fastq.gz,23659
ERR14394172_1.fastq.gz,36407
ERR14394173_1.fastq.gz,1576
ERR14394195_1.fastq.gz,17891
ERR14394196_1.fastq.gz,37707
ERR14394197_1.fastq.gz,1499
ERR14394210_1.fastq.gz,72940
ERR14394211_1.fastq.gz,53846
ERR14394212_1.fastq.gz,920
ERR14394231_1.fastq.gz,63430
ERR14394232_1.fastq.gz,51350
ERR14394233_1.fastq.gz,1443
ERR14394240_1.fastq.gz,17643
ERR14394241_1.fastq.gz,48063
ERR14394242_1.fastq.gz,1304
ERR14394258_1.fastq.gz,66736
ERR14394259_1.fastq.gz,47832
ERR14394260_1.fastq.gz,1919
ERR14394273_1.fastq.gz,48761
ERR14394274_1.fastq.gz,45057
ERR14394275_1.fastq.gz,2090
ERR14394276_1.fastq.gz,35635
ERR14394277_1.fastq.gz,48302
ERR14394278_1.fastq.gz,1629
ERR14394279_1.fastq.gz,16310
ERR14394280_1.fastq.gz,32765
ERR14394281_1.fastq.gz,934
ERR14394282_1.fastq.gz,87747
ERR14394283_1.fastq.gz,51752
ERR14394284_1.fastq.gz,2017
ERR14394285_1.fastq.gz,38162
ERR14394286_1.fastq.gz,39754
ERR14394287_1.fastq.gz,88
ERR14394288_1.fastq.gz,66248
ERR14394289_1.fastq.gz,39246
ERR14394290_1.fastq.gz,108
ERR14394294_1.fastq.gz,39819
ERR14394295_1.fastq.gz,34630
ERR14394296_1.fastq.gz,1774
ERR14394297_1.fastq.gz,44739
ERR14394298_1.fastq.gz,34818
ERR14394299_1.fastq.gz,1188
ERR14394303_1.fastq.gz,4717
ERR14394304_1.fastq.gz,23457
ERR14394305_1.fastq.gz,91
ERR14394315_1.fastq.gz,85217
ERR14394316_1.fastq.gz,65037
ERR14394317_1.fastq.gz,1858
ERR14394327_1.fastq.gz,52520
ERR14394328_1.fastq.gz,38819
ERR14394329_1.fastq.gz,2194
ERR14394330_1.fastq.gz,47201
ERR14394331_1.fastq.gz,44360
ERR14394332_1.fastq.gz,304
ERR14394333_1.fastq.gz,51150
ERR14394334_1.fastq.gz,37619
ERR14394335_1.fastq.gz,603
ERR14394336_1.fastq.gz,63470
ERR14394337_1.fastq.gz,39193
ERR14394338_1.fastq.gz,789
ERR14394339_1.fastq.gz,67308
ERR14394340_1.fastq.gz,40344
ERR14394341_1.fastq.gz,775
ERR14394348_1.fastq.gz,61786
ERR14394349_1.fastq.gz,38256
ERR14394350_1.fastq.gz,825
ERR14394357_1.fastq.gz,51345
ERR14394358_1.fastq.gz,42471
ERR14394359_1.fastq.gz,1150
ERR14394360_1.fastq.gz,34780
ERR14394361_1.fastq.gz,46982
ERR14394362_1.fastq.gz,1365
ERR14394372_1.fastq.gz,44493
ERR14394373_1.fastq.gz,29099
ERR14394374_1.fastq.gz,343
ERR14394381_1.fastq.gz,17187
ERR14394382_1.fastq.gz,30818
ERR14394383_1.fastq.gz,696
ERR14394384_1.fastq.gz,37948
ERR14394385_1.fastq.gz,43947
ERR14394386_1.fastq.gz,1743
ERR14394390_1.fastq.gz,20177
ERR14394391_1.fastq.gz,34065
ERR14394392_1.fastq.gz,238
ERR14394393_1.fastq.gz,33115
ERR14394394_1.fastq.gz,28421
ERR14394395_1.fastq.gz,1336
ERR14394396_1.fastq.gz,39918
ERR14394397_1.fastq.gz,33651
ERR14394398_1.fastq.gz,693
ERR14394399_1.fastq.gz,16771
ERR14394400_1.fastq.gz,41509
ERR14394401_1.fastq.gz,1525
ERR14394402_1.fastq.gz,62320
ERR14394403_1.fastq.gz,43124
ERR14394404_1.fastq.gz,1415
ERR14394405_1.fastq.gz,46483
ERR14394406_1.fastq.gz,52176
ERR14394407_1.fastq.gz,1453
ERR14394408_1.fastq.gz,19177
ERR14394409_1.fastq.gz,45746
ERR14394410_1.fastq.gz,1196
ERR14394414_1.fastq.gz,23620
ERR14394415_1.fastq.gz,41542
ERR14394416_1.fastq.gz,896
ERR14394423_1.fastq.gz,15946
ERR14394424_1.fastq.gz,40107
ERR14394425_1.fastq.gz,1676
ERR14394426_1.fastq.gz,55389
ERR14394427_1.fastq.gz,45849
ERR14394428_1.fastq.gz,1955
ERR14394429_1.fastq.gz,35064
ERR14394430_1.fastq.gz,10167
ERR14394431_1.fastq.gz,1927
ERR14394441_1.fastq.gz,8744
ERR14394442_1.fastq.gz,36008
ERR14394443_1.fastq.gz,792
ERR14394450_1.fastq.gz,29625
ERR14394451_1.fastq.gz,37851
ERR14394452_1.fastq.gz,1135
ERR14394453_1.fastq.gz,17054
ERR14394454_1.fastq.gz,35788
ERR14394455_1.fastq.gz,448
ERR14394462_1.fastq.gz,46628
ERR14394463_1.fastq.gz,35998
ERR14394464_1.fastq.gz,460
ERR14394465_1.fastq.gz,65797
ERR14394466_1.fastq.gz,57636
ERR14394467_1.fastq.gz,632
ERR14394468_1.fastq.gz,14697
ERR14394469_1.fastq.gz,36169
ERR14394470_1.fastq.gz,300
ERR14394477_1.fastq.gz,6328
ERR14394478_1.fastq.gz,18815
ERR14394479_1.fastq.gz,21
ERR14394480_1.fastq.gz,5375
ERR14394481_1.fastq.gz,7600
ERR14394482_1.fastq.gz,914
ERR14394486_1.fastq.gz,60548
ERR14394487_1.fastq.gz,49774
ERR14394488_1.fastq.gz,545
ERR14394492_1.fastq.gz,10939
ERR14394493_1.fastq.gz,33875
ERR14394494_1.fastq.gz,520
ERR14394498_1.fastq.gz,17044
ERR14394499_1.fastq.gz,33176
ERR14394500_1.fastq.gz,1588
ERR14394501_1.fastq.gz,11234
ERR14394502_1.fastq.gz,34753
ERR14394503_1.fastq.gz,723
ERR14394504_1.fastq.gz,6466
ERR14394505_1.fastq.gz,5681
ERR14394506_1.fastq.gz,1033
ERR14394510_1.fastq.gz,65978
ERR14394511_1.fastq.gz,49968
ERR14394512_1.fastq.gz,1987
ERR14394513_1.fastq.gz,73192
ERR14394514_1.fastq.gz,42058
ERR14394515_1.fastq.gz,1207
ERR14394516_1.fastq.gz,15933
ERR14394517_1.fastq.gz,36124
ERR14394518_1.fastq.gz,484
ERR14394522_1.fastq.gz,58744
ERR14394523_1.fastq.gz,42040
ERR14394524_1.fastq.gz,1567
ERR14394525_1.fastq.gz,6156
ERR14394526_1.fastq.gz,7311
ERR14394527_1.fastq.gz,364
ERR14394528_1.fastq.gz,10774
ERR14394529_1.fastq.gz,28445
ERR14394530_1.fastq.gz,449
ERR14394531_1.fastq.gz,96442
ERR14394532_1.fastq.gz,60984
ERR14394533_1.fastq.gz,2168
ERR14394534_1.fastq.gz,66280
ERR14394535_1.fastq.gz,41166
ERR14394536_1.fastq.gz,1317
ERR14394537_1.fastq.gz,44064
ERR14394538_1.fastq.gz,49097
ERR14394539_1.fastq.gz,915
ERR14394546_1.fastq.gz,45364
ERR14394547_1.fastq.gz,30767
ERR14394548_1.fastq.gz,1298
ERR14394549_1.fastq.gz,8388
ERR14394550_1.fastq.gz,3260
ERR14394551_1.fastq.gz,296
ERR14394555_1.fastq.gz,36649
ERR14394556_1.fastq.gz,19487
ERR14394557_1.fastq.gz,1264
ERR14394558_1.fastq.gz,36671
ERR14394559_1.fastq.gz,44939
ERR14394560_1.fastq.gz,1433
ERR14394561_1.fastq.gz,34884
ERR14394562_1.fastq.gz,46064
ERR14394563_1.fastq.gz,684
ERR14394567_1.fastq.gz,35715
ERR14394568_1.fastq.gz,37046
ERR14394569_1.fastq.gz,754
ERR14394570_1.fastq.gz,30146
ERR14394571_1.fastq.gz,33693
ERR14394572_1.fastq.gz,996
ERR14394573_1.fastq.gz,6512
ERR14394574_1.fastq.gz,3222
ERR14394575_1.fastq.gz,656
ERR14394576_1.fastq.gz,19413
ERR14394577_1.fastq.gz,38488
ERR14394578_1.fastq.gz,583
ERR14394579_1.fastq.gz,59588
ERR14394580_1.fastq.gz,39213
ERR14394581_1.fastq.gz,1898
ERR14394582_1.fastq.gz,81470
ERR14394583_1.fastq.gz,55439
ERR14394584_1.fastq.gz,1696
ERR14394591_1.fastq.gz,50555
ERR14394592_1.fastq.gz,36475
ERR14394593_1.fastq.gz,1727
ERR14394594_1.fastq.gz,10884
ERR14394595_1.fastq.gz,6920
ERR14394596_1.fastq.gz,660
ERR14394597_1.fastq.gz,64709
ERR14394598_1.fastq.gz,49622
ERR14394599_1.fastq.gz,1414
ERR14394600_1.fastq.gz,58671
ERR14394601_1.fastq.gz,40109
ERR14394602_1.fastq.gz,1037
ERR14394603_1.fastq.gz,69083
ERR14394604_1.fastq.gz,48358
ERR14394605_1.fastq.gz,1457
ERR14394606_1.fastq.gz,34442
ERR14394607_1.fastq.gz,38393
ERR14394608_1.fastq.gz,105
ERR14394618_1.fastq.gz,10703
ERR14394619_1.fastq.gz,9887
ERR14394620_1.fastq.gz,191
ERR14394621_1.fastq.gz,64228
ERR14394622_1.fastq.gz,49519
ERR14394623_1.fastq.gz,1320
ERR14394624_1.fastq.gz,66378
ERR14394625_1.fastq.gz,34489
ERR14394626_1.fastq.gz,1127
ERR14394630_1.fastq.gz,33970
ERR14394631_1.fastq.gz,39674
ERR14394632_1.fastq.gz,733
ERR14394633_1.fastq.gz,37606
ERR14394634_1.fastq.gz,30234
ERR14394635_1.fastq.gz,972
ERR14394639_1.fastq.gz,38098
ERR14394640_1.fastq.gz,21692
ERR14394641_1.fastq.gz,1002
ERR14394645_1.fastq.gz,44922
ERR14394646_1.fastq.gz,35110
ERR14394647_1.fastq.gz,1628
ERR14394648_1.fastq.gz,29668
ERR14394649_1.fastq.gz,33562
ERR14394650_1.fastq.gz,1258
ERR14394651_1.fastq.gz,12944
ERR14394652_1.fastq.gz,41498
ERR14394653_1.fastq.gz,1049
ERR14394660_1.fastq.gz,40897
ERR14394661_1.fastq.gz,26943
ERR14394662_1.fastq.gz,1297
ERR14394663_1.fastq.gz,7432
ERR14394664_1.fastq.gz,32193
ERR14394665_1.fastq.gz,499
ERR14394666_1.fastq.gz,17521
ERR14394667_1.fastq.gz,25395
ERR14394668_1.fastq.gz,1033
ERR14394669_1.fastq.gz,49229
ERR14394670_1.fastq.gz,52503
ERR14394671_1.fastq.gz,1991
ERR14394672_1.fastq.gz,35431
ERR14394673_1.fastq.gz,25277
ERR14394674_1.fastq.gz,726
ERR14394678_1.fastq.gz,6841
ERR14394679_1.fastq.gz,10637
ERR14394680_1.fastq.gz,665
ERR14394681_1.fastq.gz,41031
ERR14394682_1.fastq.gz,26267
ERR14394683_1.fastq.gz,1075
ERR14394684_1.fastq.gz,26209
ERR14394685_1.fastq.gz,29077
ERR14394686_1.fastq.gz,1268
ERR14394687_1.fastq.gz,13241
ERR14394688_1.fastq.gz,32797
ERR14394689_1.fastq.gz,1029
ERR14394690_1.fastq.gz,37836
ERR14394691_1.fastq.gz,37481
ERR14394692_1.fastq.gz,1343
ERR14394693_1.fastq.gz,29401
ERR14394694_1.fastq.gz,35555
ERR14394695_1.fastq.gz,1387
ERR14394696_1.fastq.gz,45390
ERR14394697_1.fastq.gz,31158
ERR14394698_1.fastq.gz,270
ERR14394699_1.fastq.gz,15745
ERR14394700_1.fastq.gz,27238
ERR14394701_1.fastq.gz,603
ERR14394708_1.fastq.gz,17093
ERR14394709_1.fastq.gz,29694
ERR14394710_1.fastq.gz,1043
ERR14394711_1.fastq.gz,7098
ERR14394712_1.fastq.gz,18541
ERR14394713_1.fastq.gz,1144
ERR14394717_1.fastq.gz,36826
ERR14394718_1.fastq.gz,24914
ERR14394719_1.fastq.gz,431
ERR14394720_1.fastq.gz,17367
ERR14394721_1.fastq.gz,32576
ERR14394722_1.fastq.gz,106
ERR14394723_1.fastq.gz,39012
ERR14394724_1.fastq.gz,26288
ERR14394725_1.fastq.gz,756
ERR14394726_1.fastq.gz,21800
ERR14394727_1.fastq.gz,22273
ERR14394728_1.fastq.gz,495
ERR14394729_1.fastq.gz,30412
ERR14394730_1.fastq.gz,23958
ERR14394731_1.fastq.gz,921
ERR14394732_1.fastq.gz,23406
ERR14394733_1.fastq.gz,17301
ERR14394734_1.fastq.gz,456
ERR14394735_1.fastq.gz,27146
ERR14394736_1.fastq.gz,22698
ERR14394737_1.fastq.gz,961
ERR14394738_1.fastq.gz,15033
ERR14394739_1.fastq.gz,11483
ERR14394740_1.fastq.gz,392
ERR14394741_1.fastq.gz,27728
ERR14394742_1.fastq.gz,20861
ERR14394743_1.fastq.gz,16
ERR14394744_1.fastq.gz,37173
ERR14394745_1.fastq.gz,24467
ERR14394746_1.fastq.gz,1052
ERR14394747_1.fastq.gz,38671
ERR14394748_1.fastq.gz,36807
ERR14394749_1.fastq.gz,1013
ERR14394750_1.fastq.gz,52840
ERR14394751_1.fastq.gz,44339
ERR14394752_1.fastq.gz,1558
ERR14394753_1.fastq.gz,36861
ERR14394754_1.fastq.gz,28428
ERR14394755_1.fastq.gz,972
ERR14394756_1.fastq.gz,40863
ERR14394757_1.fastq.gz,29214
ERR14394758_1.fastq.gz,757
ERR14394759_1.fastq.gz,33844
ERR14394760_1.fastq.gz,27650
ERR14394761_1.fastq.gz,1224
ERR14394762_1.fastq.gz,24842
ERR14394763_1.fastq.gz,20293
ERR14394764_1.fastq.gz,632
ERR14394765_1.fastq.gz,27109
ERR14394766_1.fastq.gz,35197
ERR14394767_1.fastq.gz,910
ERR14394768_1.fastq.gz,38900
ERR14394769_1.fastq.gz,22265
ERR14394770_1.fastq.gz,410
ERR14394771_1.fastq.gz,42024
ERR14394772_1.fastq.gz,35953
ERR14394773_1.fastq.gz,1185
ERR14394774_1.fastq.gz,38307
ERR14394775_1.fastq.gz,34303
ERR14394776_1.fastq.gz,963
ERR14394780_1.fastq.gz,30256
ERR14394781_1.fastq.gz,27727
ERR14394782_1.fastq.gz,759
ERR14394783_1.fastq.gz,29823
ERR14394784_1.fastq.gz,33867
ERR14394785_1.fastq.gz,1057
ERR14394786_1.fastq.gz,28438
ERR14394787_1.fastq.gz,30548
ERR14394788_1.fastq.gz,1050
ERR14394789_1.fastq.gz,22528
ERR14394790_1.fastq.gz,17966
ERR14394791_1.fastq.gz,977
ERR14394792_1.fastq.gz,25797
ERR14394793_1.fastq.gz,18147
ERR14394794_1.fastq.gz,457
ERR14394795_1.fastq.gz,47961
ERR14394796_1.fastq.gz,45048
ERR14394797_1.fastq.gz,1242
ERR14394798_1.fastq.gz,37890
ERR14394799_1.fastq.gz,33518
ERR14394800_1.fastq.gz,796
ERR14394801_1.fastq.gz,30039
ERR14394802_1.fastq.gz,29123
ERR14394803_1.fastq.gz,846
ERR14394804_1.fastq.gz,33885
ERR14394805_1.fastq.gz,24929
ERR14394806_1.fastq.gz,774
ERR14394807_1.fastq.gz,27207
ERR14394808_1.fastq.gz,25447
ERR14394809_1.fastq.gz,860
ERR14394810_1.fastq.gz,23442
ERR14394811_1.fastq.gz,20961
ERR14394812_1.fastq.gz,164
ERR14394813_1.fastq.gz,21969
ERR14394814_1.fastq.gz,20891
ERR14394815_1.fastq.gz,379
ERR14394816_1.fastq.gz,36395
ERR14394817_1.fastq.gz,23347
ERR14394818_1.fastq.gz,763
ERR14394819_1.fastq.gz,31216
ERR14394820_1.fastq.gz,25957
ERR14394821_1.fastq.gz,220
ERR14394825_1.fastq.gz,36707
ERR14394826_1.fastq.gz,33438
ERR14394827_1.fastq.gz,736
ERR14394828_1.fastq.gz,30709
ERR14394829_1.fastq.gz,24102
ERR14394830_1.fastq.gz,591
ERR14394831_1.fastq.gz,33095
ERR14394832_1.fastq.gz,37915
ERR14394833_1.fastq.gz,772
ERR14394834_1.fastq.gz,17295
ERR14394835_1.fastq.gz,15028
ERR14394836_1.fastq.gz,226
ERR14394837_1.fastq.gz,19109
ERR14394838_1.fastq.gz,21032
ERR14394839_1.fastq.gz,544
ERR14394843_1.fastq.gz,34281
ERR14394844_1.fastq.gz,29524
ERR14394845_1.fastq.gz,469
ERR14394846_1.fastq.gz,44984
ERR14394847_1.fastq.gz,40664
ERR14394848_1.fastq.gz,1628
ERR14394849_1.fastq.gz,42555
ERR14394850_1.fastq.gz,36650
ERR14394851_1.fastq.gz,1008
ERR14394855_1.fastq.gz,21848
ERR14394856_1.fastq.gz,24458
ERR14394857_1.fastq.gz,573
ERR14394858_1.fastq.gz,23650
ERR14394859_1.fastq.gz,21879
ERR14394860_1.fastq.gz,395
ERR14394861_1.fastq.gz,23291
ERR14394862_1.fastq.gz,26941
ERR14394863_1.fastq.gz,999
ERR14394864_1.fastq.gz,37780
ERR14394865_1.fastq.gz,28606
ERR14394866_1.fastq.gz,1126
ERR14394873_1.fastq.gz,31956
ERR14394874_1.fastq.gz,29809
ERR14394875_1.fastq.gz,741
ERR14394876_1.fastq.gz,26005
ERR14394877_1.fastq.gz,29534
ERR14394878_1.fastq.gz,336
ERR14394879_1.fastq.gz,24969
ERR14394880_1.fastq.gz,24508
ERR14394881_1.fastq.gz,479
ERR14394885_1.fastq.gz,36319
ERR14394886_1.fastq.gz,30148
ERR14394887_1.fastq.gz,901
ERR14394906_1.fastq.gz,35345
ERR14394907_1.fastq.gz,33824
ERR14394908_1.fastq.gz,901
ERR14394909_1.fastq.gz,31867
ERR14394910_1.fastq.gz,36598
ERR14394911_1.fastq.gz,926
ERR14394918_1.fastq.gz,23086
ERR14394919_1.fastq.gz,20904
ERR14394920_1.fastq.gz,720
ERR14394921_1.fastq.gz,22801
ERR14394922_1.fastq.gz,23935
ERR14394923_1.fastq.gz,485
ERR14394927_1.fastq.gz,45854
ERR14394928_1.fastq.gz,37360
ERR14394929_1.fastq.gz,863
ERR14394930_1.fastq.gz,35125
ERR14394931_1.fastq.gz,30133
ERR14394932_1.fastq.gz,650
ERR14394936_1.fastq.gz,26484
ERR14394937_1.fastq.gz,28742
ERR14394938_1.fastq.gz,277
ERR14394942_1.fastq.gz,25601
ERR14394943_1.fastq.gz,23912
ERR14394944_1.fastq.gz,568
ERR14394951_1.fastq.gz,36816
ERR14394952_1.fastq.gz,32548
ERR14394953_1.fastq.gz,941
ERR14394960_1.fastq.gz,21442
ERR14394961_1.fastq.gz,28388
ERR14394962_1.fastq.gz,742
ERR14394963_1.fastq.gz,17212
ERR14394964_1.fastq.gz,13876
ERR14394965_1.fastq.gz,948
ERR14394969_1.fastq.gz,10619
ERR14394970_1.fastq.gz,19023
ERR14394971_1.fastq.gz,313
ERR14394972_1.fastq.gz,34532
ERR14394973_1.fastq.gz,35005
ERR14394974_1.fastq.gz,1097
ERR14394981_1.fastq.gz,30264
ERR14394982_1.fastq.gz,29098
ERR14394983_1.fastq.gz,548
ERR14394984_1.fastq.gz,23882
ERR14394985_1.fastq.gz,24609
ERR14394986_1.fastq.gz,456
ERR14394993_1.fastq.gz,26570
ERR14394994_1.fastq.gz,21898
ERR14394995_1.fastq.gz,790
ERR14394996_1.fastq.gz,23168
ERR14394997_1.fastq.gz,18912
ERR14394998_1.fastq.gz,801
ERR14394999_1.fastq.gz,24352
ERR14395000_1.fastq.gz,22276
ERR14395001_1.fastq.gz,759
ERR14395008_1.fastq.gz,33741
ERR14395009_1.fastq.gz,33919
ERR14395010_1.fastq.gz,1042
ERR14395011_1.fastq.gz,32750
ERR14395012_1.fastq.gz,31738
ERR14395013_1.fastq.gz,718
ERR14395014_1.fastq.gz,47154
ERR14395015_1.fastq.gz,48724
ERR14395016_1.fastq.gz,2079
ERR14395020_1.fastq.gz,33534
ERR14395021_1.fastq.gz,27334
ERR14395022_1.fastq.gz,791
ERR14395026_1.fastq.gz,21231
ERR14395027_1.fastq.gz,19113
ERR14395028_1.fastq.gz,637
ERR14395029_1.fastq.gz,24773
ERR14395030_1.fastq.gz,13864
ERR14395031_1.fastq.gz,798
ERR14395032_1.fastq.gz,33434
ERR14395033_1.fastq.gz,33555
ERR14395034_1.fastq.gz,1119
ERR14395038_1.fastq.gz,37399
ERR14395039_1.fastq.gz,30434
ERR14395040_1.fastq.gz,590
ERR14395041_1.fastq.gz,30720
ERR14395042_1.fastq.gz,24288
ERR14395043_1.fastq.gz,1053
ERR14395053_1.fastq.gz,25888
ERR14395054_1.fastq.gz,16378
ERR14395055_1.fastq.gz,325
ERR14395059_1.fastq.gz,30497
ERR14395060_1.fastq.gz,29920
ERR14395061_1.fastq.gz,909
ERR14395062_1.fastq.gz,29092
ERR14395063_1.fastq.gz,26087
ERR14395064_1.fastq.gz,770
ERR14395065_1.fastq.gz,36015
ERR14395066_1.fastq.gz,33842
ERR14395067_1.fastq.gz,900
ERR14395068_1.fastq.gz,19220
ERR14395069_1.fastq.gz,26205
ERR14395070_1.fastq.gz,507
ERR14395071_1.fastq.gz,16888
ERR14395072_1.fastq.gz,17897
ERR14395073_1.fastq.gz,684
ERR14395074_1.fastq.gz,34276
ERR14395075_1.fastq.gz,35770
ERR14395076_1.fastq.gz,883
ERR14395077_1.fastq.gz,33843
ERR14395078_1.fastq.gz,32617
ERR14395079_1.fastq.gz,673
ERR14395080_1.fastq.gz,36400
ERR14395081_1.fastq.gz,33625
ERR14395082_1.fastq.gz,1266
ERR14395083_1.fastq.gz,32652
ERR14395084_1.fastq.gz,33309
ERR14395085_1.fastq.gz,1109
ERR14395086_1.fastq.gz,22655
ERR14395087_1.fastq.gz,28542
ERR14395088_1.fastq.gz,729
ERR14395089_1.fastq.gz,30555
ERR14395090_1.fastq.gz,24332
ERR14395091_1.fastq.gz,1026
ERR14395092_1.fastq.gz,17337
ERR14395093_1.fastq.gz,22291
ERR14395094_1.fastq.gz,557
ERR14395101_1.fastq.gz,39087
ERR14395102_1.fastq.gz,39036
ERR14395103_1.fastq.gz,1375
ERR14395104_1.fastq.gz,37452
ERR14395105_1.fastq.gz,35932
ERR14395106_1.fastq.gz,1199
ERR14395110_1.fastq.gz,22497
ERR14395111_1.fastq.gz,19408
ERR14395112_1.fastq.gz,497
ERR14395113_1.fastq.gz,19915
ERR14395114_1.fastq.gz,24138
ERR14395115_1.fastq.gz,690
ERR14395116_1.fastq.gz,17129
ERR14395117_1.fastq.gz,18499
ERR14395118_1.fastq.gz,405
ERR14395119_1.fastq.gz,32181
ERR14395120_1.fastq.gz,34182
ERR14395121_1.fastq.gz,1200
ERR14395125_1.fastq.gz,30552
ERR14395126_1.fastq.gz,29625
ERR14395127_1.fastq.gz,1193
ERR14395128_1.fastq.gz,34759
ERR14395129_1.fastq.gz,29025
ERR14395130_1.fastq.gz,1017
ERR14395131_1.fastq.gz,30033
ERR14395132_1.fastq.gz,31155
ERR14395133_1.fastq.gz,895
ERR14395134_1.fastq.gz,19356
ERR14395135_1.fastq.gz,32859
ERR14395136_1.fastq.gz,913
ERR14395137_1.fastq.gz,20897
ERR14395138_1.fastq.gz,23742
ERR14395139_1.fastq.gz,643
ERR14395140_1.fastq.gz,16752
ERR14395141_1.fastq.gz,23694
ERR14395142_1.fastq.gz,631
ERR14395143_1.fastq.gz,35476
ERR14395144_1.fastq.gz,34937
ERR14395145_1.fastq.gz,1062
ERR14395146_1.fastq.gz,32604
ERR14395147_1.fastq.gz,34797
ERR14395148_1.fastq.gz,1052
ERR14395149_1.fastq.gz,32178
ERR14395150_1.fastq.gz,30081
ERR14395151_1.fastq.gz,791
ERR14395152_1.fastq.gz,29908
ERR14395153_1.fastq.gz,32864
ERR14395154_1.fastq.gz,716
ERR14395155_1.fastq.gz,25626
ERR14395156_1.fastq.gz,38582
ERR14395157_1.fastq.gz,812
ERR14395158_1.fastq.gz,20241
ERR14395159_1.fastq.gz,22538
ERR14395160_1.fastq.gz,327
ERR14395161_1.fastq.gz,24328
ERR14395162_1.fastq.gz,24436
ERR14395163_1.fastq.gz,385
ERR14395164_1.fastq.gz,18225
ERR14395165_1.fastq.gz,27439
ERR14395166_1.fastq.gz,579
ERR14395167_1.fastq.gz,28762
ERR14395168_1.fastq.gz,25369
ERR14395169_1.fastq.gz,327
ERR14395170_1.fastq.gz,34322
ERR14395171_1.fastq.gz,30848
ERR14395172_1.fastq.gz,481
ERR14395173_1.fastq.gz,24363
ERR14395174_1.fastq.gz,24233
ERR14395175_1.fastq.gz,449
ERR14395176_1.fastq.gz,23210
ERR14395177_1.fastq.gz,33486
ERR14395178_1.fastq.gz,724
ERR14395188_1.fastq.gz,13398
ERR14395189_1.fastq.gz,12973
ERR14395190_1.fastq.gz,16
ERR14395194_1.fastq.gz,38111
ERR14395195_1.fastq.gz,34477
ERR14395196_1.fastq.gz,737
ERR14395197_1.fastq.gz,30794
ERR14395198_1.fastq.gz,28279
ERR14395199_1.fastq.gz,74
ERR14395200_1.fastq.gz,19483
ERR14395201_1.fastq.gz,25164
ERR14395202_1.fastq.gz,264
ERR14395206_1.fastq.gz,14408
ERR14395207_1.fastq.gz,18756
ERR14395208_1.fastq.gz,476
ERR14395212_1.fastq.gz,15392
ERR14395213_1.fastq.gz,14624
ERR14395214_1.fastq.gz,28
ERR14395215_1.fastq.gz,37355
ERR14395216_1.fastq.gz,37885
ERR14395217_1.fastq.gz,905
ERR14395218_1.fastq.gz,35903
ERR14395219_1.fastq.gz,33796
ERR14395220_1.fastq.gz,1276
ERR14395221_1.fastq.gz,25153
ERR14395222_1.fastq.gz,23391
ERR14395223_1.fastq.gz,483
ERR14395224_1.fastq.gz,20727
ERR14395225_1.fastq.gz,25835
ERR14395226_1.fastq.gz,604
ERR14395227_1.fastq.gz,28031
ERR14395228_1.fastq.gz,23728
ERR14395229_1.fastq.gz,899
ERR14395230_1.fastq.gz,17611
ERR14395231_1.fastq.gz,22679
ERR14395232_1.fastq.gz,754
ERR14395233_1.fastq.gz,11754
ERR14395234_1.fastq.gz,12295
ERR14395235_1.fastq.gz,56
ERR14395236_1.fastq.gz,32732
ERR14395237_1.fastq.gz,39296
ERR14395238_1.fastq.gz,822
ERR14395245_1.fastq.gz,21093
ERR14395246_1.fastq.gz,32286
ERR14395247_1.fastq.gz,623
ERR14395248_1.fastq.gz,19306
ERR14395249_1.fastq.gz,19546
ERR14395250_1.fastq.gz,422
ERR14395254_1.fastq.gz,13749
ERR14395255_1.fastq.gz,18995
ERR14395256_1.fastq.gz,638
ERR14395263_1.fastq.gz,14168
ERR14395264_1.fastq.gz,12914
ERR14395265_1.fastq.gz,495
ERR14395272_1.fastq.gz,9010
ERR14395273_1.fastq.gz,9237
ERR14395274_1.fastq.gz,493
ERR14395275_1.fastq.gz,28858
ERR14395276_1.fastq.gz,23740
ERR14395277_1.fastq.gz,551
ERR14395278_1.fastq.gz,25784
ERR14395279_1.fastq.gz,24190
ERR14395280_1.fastq.gz,669
ERR14395284_1.fastq.gz,25701
ERR14395285_1.fastq.gz,22974
ERR14395286_1.fastq.gz,735
ERR14395287_1.fastq.gz,28472
ERR14395288_1.fastq.gz,23857
ERR14395289_1.fastq.gz,592
ERR14395290_1.fastq.gz,27178
ERR14395291_1.fastq.gz,24590
ERR14395292_1.fastq.gz,792
ERR14395293_1.fastq.gz,22974
ERR14395294_1.fastq.gz,20685
ERR14395295_1.fastq.gz,630
ERR14395296_1.fastq.gz,12795
ERR14395297_1.fastq.gz,14523
ERR14395298_1.fastq.gz,679
ERR14395302_1.fastq.gz,29611
ERR14395303_1.fastq.gz,27379
ERR14395304_1.fastq.gz,529
ERR14395308_1.fastq.gz,28372
ERR14395309_1.fastq.gz,23012
ERR14395310_1.fastq.gz,210
ERR14395311_1.fastq.gz,30429
ERR14395312_1.fastq.gz,28331
ERR14395313_1.fastq.gz,796
ERR14395314_1.fastq.gz,24964
ERR14395315_1.fastq.gz,24817
ERR14395316_1.fastq.gz,646
ERR14395317_1.fastq.gz,9677
ERR14395318_1.fastq.gz,12442
ERR14395319_1.fastq.gz,692
ERR14395320_1.fastq.gz,21216
ERR14395321_1.fastq.gz,18562
ERR14395322_1.fastq.gz,573
ERR14395323_1.fastq.gz,21980
ERR14395324_1.fastq.gz,24050
ERR14395325_1.fastq.gz,625
ERR14395326_1.fastq.gz,28220
ERR14395327_1.fastq.gz,24820
ERR14395328_1.fastq.gz,471
ERR14395332_1.fastq.gz,12976
ERR14395333_1.fastq.gz,11858
ERR14395334_1.fastq.gz,227
ERR14395335_1.fastq.gz,29928
ERR14395336_1.fastq.gz,26760
ERR14395337_1.fastq.gz,823
ERR14395338_1.fastq.gz,26695
ERR14395339_1.fastq.gz,25145
ERR14395340_1.fastq.gz,376
ERR14395341_1.fastq.gz,26230
ERR14395342_1.fastq.gz,26816
ERR14395343_1.fastq.gz,647
ERR14395344_1.fastq.gz,26288
ERR14395345_1.fastq.gz,26624
ERR14395346_1.fastq.gz,524
ERR14395347_1.fastq.gz,23446
ERR14395348_1.fastq.gz,21445
ERR14395349_1.fastq.gz,133
ERR14395350_1.fastq.gz,29975
ERR14395351_1.fastq.gz,25546
ERR14395352_1.fastq.gz,652
ERR14395353_1.fastq.gz,17348
ERR14395354_1.fastq.gz,18773
ERR14395355_1.fastq.gz,360
ERR14395356_1.fastq.gz,10602
ERR14395357_1.fastq.gz,8785
ERR14395358_1.fastq.gz,124
ERR14395359_1.fastq.gz,25283
ERR14395360_1.fastq.gz,21596
ERR14395361_1.fastq.gz,560
ERR14395362_1.fastq.gz,24670
ERR14395363_1.fastq.gz,26585
ERR14395364_1.fastq.gz,800
ERR14395365_1.fastq.gz,35736
ERR14395366_1.fastq.gz,34200
ERR14395367_1.fastq.gz,1007
ERR14395368_1.fastq.gz,31689
ERR14395369_1.fastq.gz,31131
ERR14395370_1.fastq.gz,738
ERR14395371_1.fastq.gz,27670
ERR14395372_1.fastq.gz,26095
ERR14395373_1.fastq.gz,497
ERR14395374_1.fastq.gz,18630
ERR14395375_1.fastq.gz,19668
ERR14395376_1.fastq.gz,72
ERR14395377_1.fastq.gz,20342
ERR14395378_1.fastq.gz,23690
ERR14395379_1.fastq.gz,463
ERR14395380_1.fastq.gz,10394
ERR14395381_1.fastq.gz,12219
ERR14395382_1.fastq.gz,231
ERR14395383_1.fastq.gz,30546
ERR14395384_1.fastq.gz,25428
ERR14395385_1.fastq.gz,377
ERR14395386_1.fastq.gz,24981
ERR14395387_1.fastq.gz,23747
ERR14395388_1.fastq.gz,565
ERR14395389_1.fastq.gz,26765
ERR14395390_1.fastq.gz,27521
ERR14395391_1.fastq.gz,738
ERR14395392_1.fastq.gz,27592
ERR14395393_1.fastq.gz,26502
ERR14395394_1.fastq.gz,498
ERR14395395_1.fastq.gz,22535
ERR14395396_1.fastq.gz,27130
ERR14395397_1.fastq.gz,555
ERR14395398_1.fastq.gz,15940
ERR14395399_1.fastq.gz,26429
ERR14395400_1.fastq.gz,366
ERR14395401_1.fastq.gz,23459
ERR14395402_1.fastq.gz,24934
ERR14395403_1.fastq.gz,602
ERR14395404_1.fastq.gz,9150
ERR14395405_1.fastq.gz,14877
ERR14395406_1.fastq.gz,368
ERR14395497_1.fastq.gz,17734
ERR14395498_1.fastq.gz,15760
ERR14395499_1.fastq.gz,565
ERR14395515_1.fastq.gz,33388
ERR14395516_1.fastq.gz,37162
ERR14395517_1.fastq.gz,1034
ERR14395539_1.fastq.gz,21771
ERR14395540_1.fastq.gz,22563
ERR14395541_1.fastq.gz,610
ERR14395548_1.fastq.gz,31935
ERR14395549_1.fastq.gz,28488
ERR14395550_1.fastq.gz,1336
ERR14395554_1.fastq.gz,36108
ERR14395555_1.fastq.gz,34484
ERR14395556_1.fastq.gz,1242
ERR14395560_1.fastq.gz,23879
ERR14395561_1.fastq.gz,34281
ERR14395562_1.fastq.gz,1352
ERR14395563_1.fastq.gz,21041
ERR14395564_1.fastq.gz,27681
ERR14395565_1.fastq.gz,708
ERR14395566_1.fastq.gz,22443
ERR14395567_1.fastq.gz,25743
ERR14395568_1.fastq.gz,831
ERR14395581_1.fastq.gz,33105
ERR14395582_1.fastq.gz,34909
ERR14395583_1.fastq.gz,962
ERR14395587_1.fastq.gz,22435
ERR14395588_1.fastq.gz,20685
ERR14395589_1.fastq.gz,793
ERR14395599_1.fastq.gz,30204
ERR14395600_1.fastq.gz,24604
ERR14395601_1.fastq.gz,691
ERR14395605_1.fastq.gz,21292
ERR14395606_1.fastq.gz,31972
ERR14395607_1.fastq.gz,524
ERR14395617_1.fastq.gz,27175
ERR14395618_1.fastq.gz,28376
ERR14395619_1.fastq.gz,756
ERR14395620_1.fastq.gz,37301
ERR14395621_1.fastq.gz,35787
ERR14395622_1.fastq.gz,1163
ERR14395623_1.fastq.gz,31453
ERR14395624_1.fastq.gz,31156
ERR14395625_1.fastq.gz,536
ERR14395629_1.fastq.gz,20037
ERR14395630_1.fastq.gz,19385
ERR14395631_1.fastq.gz,700
ERR14395632_1.fastq.gz,23456
ERR14395633_1.fastq.gz,15061
ERR14395634_1.fastq.gz,739
ERR14395659_1.fastq.gz,16674
ERR14395660_1.fastq.gz,23530
ERR14395661_1.fastq.gz,228
ERR14395662_1.fastq.gz,31323
ERR14395663_1.fastq.gz,26012
ERR14395664_1.fastq.gz,32
ERR14395665_1.fastq.gz,13923
ERR14395666_1.fastq.gz,16470
ERR14395667_1.fastq.gz,210
ERR14395680_1.fastq.gz,18443
ERR14395681_1.fastq.gz,17596
ERR14395682_1.fastq.gz,652
ERR14395692_1.fastq.gz,20628
ERR14395693_1.fastq.gz,17897
ERR14395694_1.fastq.gz,529
ERR14395695_1.fastq.gz,23852
ERR14395696_1.fastq.gz,21383
ERR14395697_1.fastq.gz,631
ERR14395716_1.fastq.gz,36006
ERR14395717_1.fastq.gz,25335
ERR14395718_1.fastq.gz,1123
ERR14395734_1.fastq.gz,35304
ERR14395735_1.fastq.gz,29948
ERR14395736_1.fastq.gz,764
ERR14395740_1.fastq.gz,26585
ERR14395741_1.fastq.gz,19622
ERR14395742_1.fastq.gz,901
ERR14395758_1.fastq.gz,34772
ERR14395759_1.fastq.gz,23819
ERR14395760_1.fastq.gz,1347
ERR14395773_1.fastq.gz,36625
ERR14395774_1.fastq.gz,29644
ERR14395775_1.fastq.gz,853
ERR14395785_1.fastq.gz,28718
ERR14395786_1.fastq.gz,17950
ERR14395787_1.fastq.gz,1314
ERR14395806_1.fastq.gz,15953
ERR14395807_1.fastq.gz,17726
ERR14395808_1.fastq.gz,554
ERR14395824_1.fastq.gz,25326
ERR14395825_1.fastq.gz,26864
ERR14395826_1.fastq.gz,410
ERR14395827_1.fastq.gz,18910
ERR14395828_1.fastq.gz,18701
ERR14395829_1.fastq.gz,653
ERR14395830_1.fastq.gz,23707
ERR14395831_1.fastq.gz,25288
ERR14395832_1.fastq.gz,1106
ERR14395863_1.fastq.gz,29707
ERR14395864_1.fastq.gz,26510
ERR14395865_1.fastq.gz,1511
ERR14396007_1.fastq.gz,33572
ERR14396008_1.fastq.gz,13751
ERR14396009_1.fastq.gz,1133
ERR14396010_1.fastq.gz,25563
ERR14396011_1.fastq.gz,7784
ERR14396012_1.fastq.gz,863
ERR14396172_1.fastq.gz,22311
ERR14396173_1.fastq.gz,19174
ERR14396174_1.fastq.gz,1850
ERR14396493_1.fastq.gz,21175
ERR14396494_1.fastq.gz,27015
ERR14396495_1.fastq.gz,902
ERR14396568_1.fastq.gz,9504
ERR14396569_1.fastq.gz,43736
ERR14396570_1.fastq.gz,1065
ERR14396574_1.fastq.gz,17075
ERR14396575_1.fastq.gz,27486
ERR14396576_1.fastq.gz,678
ERR14396586_1.fastq.gz,50417
ERR14396587_1.fastq.gz,30164
ERR14396588_1.fastq.gz,1087
ERR14396598_1.fastq.gz,5481
ERR14396599_1.fastq.gz,29780
ERR14396600_1.fastq.gz,583
ERR14396622_1.fastq.gz,42584
ERR14396623_1.fastq.gz,57827
ERR14396624_1.fastq.gz,1316
ERR14396625_1.fastq.gz,35607
ERR14396626_1.fastq.gz,57540
ERR14396627_1.fastq.gz,1250
ERR14396670_1.fastq.gz,22702
ERR14396671_1.fastq.gz,49230
ERR14396672_1.fastq.gz,486
ERR14396685_1.fastq.gz,14775
ERR14396686_1.fastq.gz,41770
ERR14396687_1.fastq.gz,754
ERR14396709_1.fastq.gz,31692
ERR14396710_1.fastq.gz,30226
ERR14396711_1.fastq.gz,779
ERR14397105_1.fastq.gz,54156
ERR14397106_1.fastq.gz,48168
ERR14397107_1.fastq.gz,1323
ERR14397219_1.fastq.gz,56923
ERR14397220_1.fastq.gz,43715
ERR14397221_1.fastq.gz,1018
ERR14397252_1.fastq.gz,43899
ERR14397253_1.fastq.gz,41152
ERR14397254_1.fastq.gz,1051
ERR14397276_1.fastq.gz,56968
ERR14397277_1.fastq.gz,41827
ERR14397278_1.fastq.gz,1033
ERR14397279_1.fastq.gz,46725
ERR14397280_1.fastq.gz,23421
ERR14397281_1.fastq.gz,828
ERR14397318_1.fastq.gz,56912
ERR14397319_1.fastq.gz,43277
ERR14397320_1.fastq.gz,1032
ERR14397321_1.fastq.gz,60427
ERR14397322_1.fastq.gz,40825
ERR14397323_1.fastq.gz,938
ERR14397339_1.fastq.gz,46139
ERR14397340_1.fastq.gz,26149
ERR14397341_1.fastq.gz,571
ERR14397348_1.fastq.gz,64566
ERR14397349_1.fastq.gz,51696
ERR14397350_1.fastq.gz,1011
ERR14397474_1.fastq.gz,54602
ERR14397475_1.fastq.gz,46333
ERR14397476_1.fastq.gz,757
ERR14397489_1.fastq.gz,56516
ERR14397490_1.fastq.gz,47929
ERR14397491_1.fastq.gz,1028
ERR14397492_1.fastq.gz,43602
ERR14397493_1.fastq.gz,33614
ERR14397494_1.fastq.gz,707
ERR14397540_1.fastq.gz,44559
ERR14397541_1.fastq.gz,49949
ERR14397542_1.fastq.gz,847
ERR14397546_1.fastq.gz,56160
ERR14397547_1.fastq.gz,43362
ERR14397548_1.fastq.gz,766
ERR14397570_1.fastq.gz,51605
ERR14397571_1.fastq.gz,34119
ERR14397572_1.fastq.gz,734
ERR14397663_1.fastq.gz,57296
ERR14397664_1.fastq.gz,52385
ERR14397665_1.fastq.gz,1201
ERR14397975_1.fastq.gz,41980
ERR14397976_1.fastq.gz,34576
ERR14397977_1.fastq.gz,890
ERR14397990_1.fastq.gz,61156
ERR14397991_1.fastq.gz,54973
ERR14397992_1.fastq.gz,1527
ERR15625306_1.fastq.gz,13349952
ERR15625307_1.fastq.gz,9465156
ERR15625309_1.fastq.gz,11012430
ERR15625310_1.fastq.gz,12979165
ERR15625311_1.fastq.gz,14982320
ERR15625312_1.fastq.gz,11466623
ERR15625314_1.fastq.gz,15658787
ERR15625315_1.fastq.gz,14558768
ERR15625316_1.fastq.gz,18413027
ERR15625317_1.fastq.gz,16929216
ERR15625319_1.fastq.gz,15931176
ERR15625320_1.fastq.gz,14132681
ERR15625325_1.fastq.gz,17759967
ERR15625330_1.fastq.gz,5825007
ERR15625331_1.fastq.gz,10500786
ERR15625332_1.fastq.gz,11040932
ERR15625339_1.fastq.gz,13137213
ERR15625340_1.fastq.gz,15961922
ERR15625341_1.fastq.gz,18313927
ERR15625344_1.fastq.gz,7737959
ERR15625345_1.fastq.gz,9981052
ERR15625347_1.fastq.gz,16642714
ERR15625348_1.fastq.gz,5798079
ERR15625350_1.fastq.gz,7157232
ERR15625351_1.fastq.gz,13373543
ERR15625352_1.fastq.gz,10878629
ERR15625357_1.fastq.gz,13302509
ERR15625358_1.fastq.gz,12904030
ERR15625361_1.fastq.gz,3720083
ERR15625362_1.fastq.gz,14344311
ERR15625364_1.fastq.gz,12365816
ERR15625365_1.fastq.gz,17860240
ERR15625537_1.fastq.gz,36350617
ERR15625541_1.fastq.gz,32296242
ERR15625542_1.fastq.gz,16174142
ERR15625543_1.fastq.gz,30072127
ERR15625544_1.fastq.gz,16841614
ERR15625545_1.fastq.gz,31239826
ERR15625546_1.fastq.gz,17377863
ERR15625547_1.fastq.gz,42260411
ERR15625548_1.fastq.gz,46087602
ERR15625550_1.fastq.gz,16664280
ERR15625551_1.fastq.gz,15358426
ERR15625553_1.fastq.gz,22312046
ERR15625555_1.fastq.gz,11678740
ERR15625556_1.fastq.gz,38130851
ERR15625558_1.fastq.gz,17929460
ERR15625559_1.fastq.gz,18823944
ERR15625561_1.fastq.gz,14949221
ERR15625562_1.fastq.gz,16772677
ERR15625563_1.fastq.gz,16075986
ERR15625564_1.fastq.gz,17891624
ERR15625565_1.fastq.gz,31564074
ERR15625566_1.fastq.gz,36835827
ERR15625567_1.fastq.gz,21518768
ERR15625568_1.fastq.gz,17470750
ERR15625569_1.fastq.gz,18081992
ERR15625570_1.fastq.gz,18106322
ERR15625571_1.fastq.gz,28889658
ERR15625572_1.fastq.gz,13879172
ERR15625574_1.fastq.gz,43614627
ERR15625575_1.fastq.gz,19389880
ERR15625576_1.fastq.gz,15286025
ERR15625577_1.fastq.gz,10470946
ERR15625809_1.fastq.gz,12893326
ERR15625811_1.fastq.gz,13224720
ERR15625813_1.fastq.gz,11588768
ERR15625816_1.fastq.gz,11530557
ERR15625817_1.fastq.gz,10934157
ERR15625819_1.fastq.gz,11178498
ERR15625820_1.fastq.gz,10629689
ERR15625821_1.fastq.gz,10972359
ERR15625824_1.fastq.gz,14155372
ERR15625825_1.fastq.gz,13375428
ERR15625826_1.fastq.gz,12929940
ERR15625827_1.fastq.gz,11908996
ERR15625829_1.fastq.gz,13286822
ERR15625831_1.fastq.gz,13832863
ERR15625832_1.fastq.gz,12635598
ERR15625834_1.fastq.gz,13665471
ERR15625849_1.fastq.gz,13329148
ERR15625852_1.fastq.gz,14746227
ERR15625856_1.fastq.gz,8920280
ERR15625858_1.fastq.gz,16182873
ERR15625859_1.fastq.gz,15174288
ERR15625878_1.fastq.gz,15321010
ERR15625879_1.fastq.gz,13547448
ERR15625882_1.fastq.gz,12730864
ERR15625884_1.fastq.gz,13385198
ERR15625886_1.fastq.gz,17538801
ERR15625888_1.fastq.gz,11918235
ERR15625890_1.fastq.gz,13581729
ERR15625891_1.fastq.gz,14925241
ERR15625893_1.fastq.gz,12741669
ERR15625896_1.fastq.gz,11405428
ERR15625905_1.fastq.gz,18030120
ERR15625914_1.fastq.gz,9228636
ERR15625922_1.fastq.gz,10673727
ERR15625923_1.fastq.gz,14607922
ERR15625925_1.fastq.gz,11892549
ERR15625926_1.fastq.gz,13874399
ERR15625928_1.fastq.gz,13658064
ERR15625929_1.fastq.gz,12724002
ERR15625931_1.fastq.gz,14209615
ERR15625937_1.fastq.gz,14545263
ERR15625949_1.fastq.gz,15077247
ERR15625952_1.fastq.gz,16770449
ERR15625954_1.fastq.gz,13444103
ERR15625963_1.fastq.gz,13907818
ERR15625981_1.fastq.gz,9560119
ERR15625986_1.fastq.gz,14461415
ERR15625988_1.fastq.gz,11020378
ERR15625994_1.fastq.gz,14331259
ERR15625998_1.fastq.gz,12152436
ERR15626000_1.fastq.gz,13088696
ERR15626006_1.fastq.gz,14661028
ERR15626007_1.fastq.gz,16323365
ERR15626008_1.fastq.gz,16963538
ERR15626011_1.fastq.gz,15541629
ERR15626012_1.fastq.gz,11710489
ERR15626014_1.fastq.gz,12729909
ERR15626019_1.fastq.gz,13164911
ERR15626020_1.fastq.gz,15433787
ERR15626027_1.fastq.gz,23819009
ERR15626033_1.fastq.gz,13671251
ERR15626035_1.fastq.gz,14129454
ERR15626036_1.fastq.gz,11019281
ERR15626038_1.fastq.gz,15058211
ERR15626039_1.fastq.gz,12988713
ERR15626042_1.fastq.gz,15002353
ERR15626067_1.fastq.gz,13668508
ERR15626069_1.fastq.gz,13729418
ERR15626072_1.fastq.gz,13206473
ERR15626075_1.fastq.gz,12902713
ERR15626076_1.fastq.gz,11880822
ERR15626081_1.fastq.gz,17211525
ERR15626084_1.fastq.gz,14540846
ERR15626085_1.fastq.gz,12829777
ERR15626088_1.fastq.gz,12256634
ERR15626089_1.fastq.gz,15483938
ERR15626091_1.fastq.gz,12219563
ERR15626094_1.fastq.gz,10743167
ERR15626095_1.fastq.gz,15251188
ERR15626097_1.fastq.gz,13632448
ERR15626106_1.fastq.gz,13385952
ERR15626107_1.fastq.gz,17452028
ERR15626357_1.fastq.gz,14003458
ERR15626358_1.fastq.gz,32996859
ERR15626359_1.fastq.gz,27424736
ERR15626360_1.fastq.gz,14932348
ERR15626361_1.fastq.gz,13284725
ERR15626362_1.fastq.gz,17064979
ERR15626364_1.fastq.gz,15935632
ERR15626365_1.fastq.gz,15142297
ERR15626366_1.fastq.gz,16599675
ERR15626367_1.fastq.gz,20342387
ERR15626368_1.fastq.gz,14712679
ERR15626369_1.fastq.gz,15789581
ERR15626371_1.fastq.gz,18962373
ERR15626373_1.fastq.gz,17452841
ERR15626377_1.fastq.gz,17656287
ERR15626380_1.fastq.gz,13013276
ERR15626381_1.fastq.gz,15117651
ERR15626385_1.fastq.gz,11922644
ERR15626386_1.fastq.gz,9334259
ERR15626387_1.fastq.gz,0
ERR15626388_1.fastq.gz,12078205
ERR15626389_1.fastq.gz,13987846
ERR15626390_1.fastq.gz,16248925
ERR15626391_1.fastq.gz,13307189
ERR15626392_1.fastq.gz,14011335
ERR15626394_1.fastq.gz,13933811
ERR15626395_1.fastq.gz,13363035
ERR15626397_1.fastq.gz,13941762
ERR15626398_1.fastq.gz,11333018
ERR15626399_1.fastq.gz,11042242
ERR15626401_1.fastq.gz,12870659
ERR15626405_1.fastq.gz,12128979
ERR15626406_1.fastq.gz,12618699
ERR15626407_1.fastq.gz,10470078
ERR15626409_1.fastq.gz,16218005
ERR15626410_1.fastq.gz,13701320
ERR15626412_1.fastq.gz,14223751
ERR15626415_1.fastq.gz,15789235
ERR15626416_1.fastq.gz,9643458
ERR15626417_1.fastq.gz,12109400
ERR15626418_1.fastq.gz,11468766
ERR15626419_1.fastq.gz,11601531
ERR15626420_1.fastq.gz,10830380
ERR15626424_1.fastq.gz,10903005
ERR15626425_1.fastq.gz,11638888
ERR15626426_1.fastq.gz,11811897
ERR15626427_1.fastq.gz,14542057
ERR15626429_1.fastq.gz,12928580
ERR15626430_1.fastq.gz,12261070
ERR15626436_1.fastq.gz,11826134
ERR15626437_1.fastq.gz,16181299
ERR15626438_1.fastq.gz,16233720
ERR15626439_1.fastq.gz,15402392
ERR15626440_1.fastq.gz,12991848
ERR15626441_1.fastq.gz,14023360
ERR15626442_1.fastq.gz,10082177
ERR15626444_1.fastq.gz,13270741
ERR15626445_1.fastq.gz,15223081
ERR15626449_1.fastq.gz,12545669
ERR15626451_1.fastq.gz,16681840
ERR15626452_1.fastq.gz,17260795
ERR15626453_1.fastq.gz,23098155
ERR15626454_1.fastq.gz,14414424
ERR15626455_1.fastq.gz,11623497
ERR15626457_1.fastq.gz,12396083
ERR15626458_1.fastq.gz,12280434
ERR15626459_1.fastq.gz,15385202
ERR15626460_1.fastq.gz,12254673
ERR15626461_1.fastq.gz,18890299
ERR15626463_1.fastq.gz,11924268
ERR15626465_1.fastq.gz,15561344
ERR15626467_1.fastq.gz,10724546
ERR15626470_1.fastq.gz,19661638
ERR15626471_1.fastq.gz,13701463
ERR15626472_1.fastq.gz,10575541
ERR15626473_1.fastq.gz,13655734
ERR15626474_1.fastq.gz,13061343
ERR15626475_1.fastq.gz,7978812
ERR15626476_1.fastq.gz,11557496
ERR15626477_1.fastq.gz,14594614
ERR15626478_1.fastq.gz,15745310
ERR15626480_1.fastq.gz,13304480
ERR15626482_1.fastq.gz,11097910
ERR15626484_1.fastq.gz,13853468
ERR15626485_1.fastq.gz,14963704
ERR15626486_1.fastq.gz,11064132
ERR15626487_1.fastq.gz,14792603
ERR15626488_1.fastq.gz,16587852
ERR15626491_1.fastq.gz,14483037
ERR15626492_1.fastq.gz,15201186
ERR15626493_1.fastq.gz,12589198
ERR15626496_1.fastq.gz,11965996
ERR15626497_1.fastq.gz,16414973
ERR15626498_1.fastq.gz,12829655
ERR15626499_1.fastq.gz,15649661
ERR15626500_1.fastq.gz,17679951
ERR15626501_1.fastq.gz,12090912
ERR15626502_1.fastq.gz,16159221
ERR15626503_1.fastq.gz,13179509
ERR15626505_1.fastq.gz,15237802
ERR15626506_1.fastq.gz,14274835
ERR15626508_1.fastq.gz,15813674
ERR15626509_1.fastq.gz,17624763
ERR15626510_1.fastq.gz,11453382
ERR15626511_1.fastq.gz,11897111
ERR15626512_1.fastq.gz,15483066
ERR15626514_1.fastq.gz,8396369
ERR15626516_1.fastq.gz,11007603
ERR15626517_1.fastq.gz,13342453
ERR15626518_1.fastq.gz,16042972
ERR15626520_1.fastq.gz,26600391
ERR15626521_1.fastq.gz,10611793
ERR15626522_1.fastq.gz,9104047
ERR15626523_1.fastq.gz,25632012
ERR15626524_1.fastq.gz,8836939
ERR15626525_1.fastq.gz,20230673
ERR15626526_1.fastq.gz,29669574
ERR15626527_1.fastq.gz,10096682
ERR15626528_1.fastq.gz,9738315
ERR15626529_1.fastq.gz,11048772
ERR15626530_1.fastq.gz,21025746
ERR15626532_1.fastq.gz,27302471
ERR15626533_1.fastq.gz,10295351
ERR15626534_1.fastq.gz,5846416
ERR15626535_1.fastq.gz,20158714
ERR15626536_1.fastq.gz,25921722
ERR15626537_1.fastq.gz,7260074
ERR15626538_1.fastq.gz,21649171
ERR15626539_1.fastq.gz,30491749
ERR15626540_1.fastq.gz,7800259
ERR15626541_1.fastq.gz,17277701
ERR15626542_1.fastq.gz,21690630
ERR15626543_1.fastq.gz,27116992
ERR15626545_1.fastq.gz,18770650
ERR15626546_1.fastq.gz,13242773
ERR15626547_1.fastq.gz,7843801
ERR15626549_1.fastq.gz,7769546
ERR15626552_1.fastq.gz,23598695
ERR15626555_1.fastq.gz,11909430
ERR15626556_1.fastq.gz,25075221
ERR15626557_1.fastq.gz,11305482
ERR15626558_1.fastq.gz,5164517
ERR15626559_1.fastq.gz,8752903
ERR15626560_1.fastq.gz,8840907
ERR15626561_1.fastq.gz,19374244
ERR15626562_1.fastq.gz,10468829
ERR15626563_1.fastq.gz,23426595
ERR15626564_1.fastq.gz,31272342
ERR15626565_1.fastq.gz,31420596
ERR15626566_1.fastq.gz,29317433
ERR15626567_1.fastq.gz,10397513
ERR15626568_1.fastq.gz,9825900
ERR15626569_1.fastq.gz,16410925
ERR15626570_1.fastq.gz,11168593
ERR15626572_1.fastq.gz,10243031
ERR15626573_1.fastq.gz,25812198
ERR15626574_1.fastq.gz,10065647
ERR15626576_1.fastq.gz,11391054
ERR15626577_1.fastq.gz,8261586
ERR15626578_1.fastq.gz,13941540
ERR15626579_1.fastq.gz,14898345
ERR15626580_1.fastq.gz,13598576
ERR15626581_1.fastq.gz,14996180
ERR15626582_1.fastq.gz,15093041
ERR15626583_1.fastq.gz,8946446
ERR15626585_1.fastq.gz,13562480
ERR15626588_1.fastq.gz,14845111
ERR15626590_1.fastq.gz,14278703
ERR15626591_1.fastq.gz,18208716
ERR15626592_1.fastq.gz,16477181
ERR15626593_1.fastq.gz,6566931
ERR15626594_1.fastq.gz,9895597
ERR15626595_1.fastq.gz,15166484
ERR15626596_1.fastq.gz,13621401
ERR15626598_1.fastq.gz,16035810
ERR15626599_1.fastq.gz,14064845
ERR15626600_1.fastq.gz,12653739
ERR15626602_1.fastq.gz,14753304
ERR15626603_1.fastq.gz,19198342
ERR15626604_1.fastq.gz,14368285
ERR15626605_1.fastq.gz,16988732
ERR15626606_1.fastq.gz,13755485
ERR15626607_1.fastq.gz,5636992
ERR15626608_1.fastq.gz,11647696
ERR15626609_1.fastq.gz,11888645
ERR15626610_1.fastq.gz,6709526
ERR15626611_1.fastq.gz,13165107
ERR15626612_1.fastq.gz,14511253
ERR15626613_1.fastq.gz,16277669
ERR15626614_1.fastq.gz,7213907
ERR15626615_1.fastq.gz,14275095
ERR15626617_1.fastq.gz,10554385
ERR15626618_1.fastq.gz,9324983
ERR15626621_1.fastq.gz,9887276
ERR15626622_1.fastq.gz,11468293
ERR15626623_1.fastq.gz,8436009
ERR15626624_1.fastq.gz,9458640
ERR15626625_1.fastq.gz,14941270
ERR15626627_1.fastq.gz,8902118
ERR15626629_1.fastq.gz,12760991
ERR15626632_1.fastq.gz,9747503
ERR15626633_1.fastq.gz,10715157
ERR15626634_1.fastq.gz,13397176
ERR15626635_1.fastq.gz,22711404
ERR15626636_1.fastq.gz,16466774
ERR15626638_1.fastq.gz,12458843
ERR15626641_1.fastq.gz,12115166
ERR15626643_1.fastq.gz,11574235
ERR15626644_1.fastq.gz,9280863
ERR15626645_1.fastq.gz,10267880
ERR15626648_1.fastq.gz,9404396
ERR15626657_1.fastq.gz,10172005
ERR15626659_1.fastq.gz,10677947
ERR15626667_1.fastq.gz,11855597
ERR15626672_1.fastq.gz,10843164
ERR15626689_1.fastq.gz,17159518
ERR15626691_1.fastq.gz,15871876
ERR15626692_1.fastq.gz,15786895
ERR15626693_1.fastq.gz,15217824
ERR15626695_1.fastq.gz,19968999
ERR15626699_1.fastq.gz,11012530
ERR15626709_1.fastq.gz,14332662
ERR15626715_1.fastq.gz,17159942
ERR15626725_1.fastq.gz,15628869
ERR15626732_1.fastq.gz,16406757
ERR15626747_1.fastq.gz,16847606
ERR15626754_1.fastq.gz,14629796
ERR15626756_1.fastq.gz,7907135
ERR15626757_1.fastq.gz,9498460
ERR15626758_1.fastq.gz,11310762
ERR15626770_1.fastq.gz,18039355
ERR15626772_1.fastq.gz,18672497
ERR15626774_1.fastq.gz,18133709
ERR15626779_1.fastq.gz,20138808
ERR15626845_1.fastq.gz,13503955
ERR15626846_1.fastq.gz,8978116
ERR15626853_1.fastq.gz,14838257
ERR15626855_1.fastq.gz,13127704
ERR15626857_1.fastq.gz,12472252
ERR15626858_1.fastq.gz,7524954
ERR15626859_1.fastq.gz,13489836
ERR15626863_1.fastq.gz,15279637
ERR15626864_1.fastq.gz,8301707
ERR15626869_1.fastq.gz,18178107
ERR15626873_1.fastq.gz,18348632
ERR15626879_1.fastq.gz,12531142
ERR15626881_1.fastq.gz,15619552
ERR15626882_1.fastq.gz,15393270
ERR15626883_1.fastq.gz,14391177
ERR15626888_1.fastq.gz,16030797
ERR15626889_1.fastq.gz,8241051
ERR15626893_1.fastq.gz,16928676
ERR15626895_1.fastq.gz,9851428
ERR15626896_1.fastq.gz,13126165
ERR15626897_1.fastq.gz,14598189
ERR15626898_1.fastq.gz,9612382
ERR15626901_1.fastq.gz,11840465
ERR15626902_1.fastq.gz,7843928
ERR15626904_1.fastq.gz,11104648
ERR15626906_1.fastq.gz,12360518
ERR15626908_1.fastq.gz,7005152
ERR15626910_1.fastq.gz,10075062
ERR15626918_1.fastq.gz,17163222
ERR15626928_1.fastq.gz,11901687
ERR15626931_1.fastq.gz,14146763
ERR15626932_1.fastq.gz,19232745
ERR15626933_1.fastq.gz,15039110
ERR15626935_1.fastq.gz,15064569
ERR15626936_1.fastq.gz,16251841
ERR15626938_1.fastq.gz,17251347
ERR15626939_1.fastq.gz,10562734
ERR15626940_1.fastq.gz,14956210
ERR15626941_1.fastq.gz,16413424
ERR15626944_1.fastq.gz,14380954
ERR15626948_1.fastq.gz,15267573
ERR15626949_1.fastq.gz,11783647
ERR15626950_1.fastq.gz,11105675
ERR15626951_1.fastq.gz,11482884
ERR15626953_1.fastq.gz,12211120
ERR15626954_1.fastq.gz,18204125
ERR15626955_1.fastq.gz,17465692
ERR15626957_1.fastq.gz,12793900
ERR15626959_1.fastq.gz,16198791
ERR15626962_1.fastq.gz,15379526
ERR15626963_1.fastq.gz,12960512
ERR15626964_1.fastq.gz,13087904
ERR15626967_1.fastq.gz,15710157
ERR15626971_1.fastq.gz,16124174
ERR15626978_1.fastq.gz,9234424
ERR15626979_1.fastq.gz,12717027
ERR15626982_1.fastq.gz,16944973
ERR15626983_1.fastq.gz,13093999
ERR15626984_1.fastq.gz,15880807
ERR15626988_1.fastq.gz,8447810
ERR15626989_1.fastq.gz,12681056
ERR15626990_1.fastq.gz,10153279
ERR15626991_1.fastq.gz,13018192
ERR15626994_1.fastq.gz,12073464
ERR15626995_1.fastq.gz,14719523
ERR15626996_1.fastq.gz,14006937
ERR15626998_1.fastq.gz,16261414
ERR15626999_1.fastq.gz,17569545
ERR15627000_1.fastq.gz,12518698
ERR15627001_1.fastq.gz,11768452
ERR15627002_1.fastq.gz,14541052
ERR15627003_1.fastq.gz,16708635
ERR15627004_1.fastq.gz,16219397
ERR15627005_1.fastq.gz,11568468
ERR15627006_1.fastq.gz,17790628
ERR15627007_1.fastq.gz,12953718
ERR15627008_1.fastq.gz,11612698
ERR15627009_1.fastq.gz,12405766
ERR15627010_1.fastq.gz,12250565
ERR15627011_1.fastq.gz,10281339
ERR15627014_1.fastq.gz,8758099
ERR15627018_1.fastq.gz,15642664
ERR15627020_1.fastq.gz,11417372
ERR15627022_1.fastq.gz,13531916
ERR15627023_1.fastq.gz,9323585
ERR15627024_1.fastq.gz,7741267
ERR15627025_1.fastq.gz,14467062
ERR15627027_1.fastq.gz,12953358
ERR15627028_1.fastq.gz,10226496
ERR15627032_1.fastq.gz,26414892
ERR15627033_1.fastq.gz,15577021
ERR15627036_1.fastq.gz,14727382
ERR15627096_1.fastq.gz,15403712
ERR15627099_1.fastq.gz,21063285
ERR15627102_1.fastq.gz,15327129
ERR15627103_1.fastq.gz,19363057
ERR15627106_1.fastq.gz,13541402
ERR15627109_1.fastq.gz,13398994
ERR15627111_1.fastq.gz,18090513
ERR15627112_1.fastq.gz,12870603
ERR15627113_1.fastq.gz,10569288
ERR15627114_1.fastq.gz,13670366
ERR15627115_1.fastq.gz,14945736
ERR15627116_1.fastq.gz,15037461
ERR15627118_1.fastq.gz,15707031
ERR15627120_1.fastq.gz,15694642
ERR15627121_1.fastq.gz,15478213
ERR15627122_1.fastq.gz,11298005
ERR15627123_1.fastq.gz,17833699
ERR15627124_1.fastq.gz,11256518
ERR15627125_1.fastq.gz,14554212
ERR15627126_1.fastq.gz,13855803
ERR15627130_1.fastq.gz,12381285
ERR15627131_1.fastq.gz,16308148
ERR15627132_1.fastq.gz,16902027
ERR15627133_1.fastq.gz,13569924
ERR15627134_1.fastq.gz,16030626
ERR15627135_1.fastq.gz,13469549
ERR15627136_1.fastq.gz,16076645
ERR15627137_1.fastq.gz,15243466
ERR15627138_1.fastq.gz,18235742
ERR15627140_1.fastq.gz,16261117
ERR15627141_1.fastq.gz,17119221
ERR15627143_1.fastq.gz,12725162
ERR15627144_1.fastq.gz,13295489
ERR15627145_1.fastq.gz,9494053
ERR15627148_1.fastq.gz,18085978
ERR15627149_1.fastq.gz,14291305
ERR15627150_1.fastq.gz,15667196
ERR15627151_1.fastq.gz,11233979
ERR15627156_1.fastq.gz,15718875
ERR15627157_1.fastq.gz,14308839
ERR15627158_1.fastq.gz,14186264
ERR15627159_1.fastq.gz,13309964
ERR15627160_1.fastq.gz,10739600
ERR15627161_1.fastq.gz,14871723
ERR15627163_1.fastq.gz,17910766
ERR15627164_1.fastq.gz,14722521
ERR15627165_1.fastq.gz,17485921
ERR15627166_1.fastq.gz,14677019
ERR15627167_1.fastq.gz,13123171
ERR15627169_1.fastq.gz,13437250
ERR15627171_1.fastq.gz,17692485
ERR15627173_1.fastq.gz,12558954
ERR15627176_1.fastq.gz,14190958
ERR15627177_1.fastq.gz,10881168
ERR15627178_1.fastq.gz,15375077
ERR15627181_1.fastq.gz,17193383
ERR15627182_1.fastq.gz,19412141
ERR15627183_1.fastq.gz,17205651
ERR15627184_1.fastq.gz,0
ERR15627185_1.fastq.gz,12419977
ERR15627186_1.fastq.gz,12369669
ERR15627188_1.fastq.gz,14927105
ERR15627189_1.fastq.gz,12862572
ERR15627190_1.fastq.gz,11781727
ERR15627191_1.fastq.gz,12052828
ERR15627192_1.fastq.gz,9728637
ERR15627194_1.fastq.gz,14117433
ERR15627198_1.fastq.gz,14064603
ERR15627199_1.fastq.gz,13112763
ERR15627200_1.fastq.gz,14514642
ERR15627201_1.fastq.gz,16613603
ERR15627202_1.fastq.gz,10076384
ERR15627204_1.fastq.gz,17450874
ERR15627205_1.fastq.gz,11256845
ERR15627257_1.fastq.gz,5083483
ERR15627269_1.fastq.gz,11652978
ERR15627272_1.fastq.gz,13498729
ERR15627273_1.fastq.gz,16909778
ERR15627275_1.fastq.gz,7617396
ERR15627276_1.fastq.gz,16526602
ERR15627277_1.fastq.gz,11161154
ERR15627280_1.fastq.gz,12222628
ERR15627282_1.fastq.gz,13436800
ERR15627283_1.fastq.gz,15471451
ERR15627288_1.fastq.gz,10206441
ERR15627289_1.fastq.gz,9806569
ERR15627290_1.fastq.gz,14941410
ERR15627292_1.fastq.gz,14003847
ERR15627293_1.fastq.gz,9469935
ERR15627303_1.fastq.gz,12459317
ERR15627304_1.fastq.gz,17706238
ERR15627305_1.fastq.gz,15234102
ERR15627306_1.fastq.gz,17660595
ERR15627307_1.fastq.gz,13399023
ERR15627310_1.fastq.gz,10522720
ERR15627311_1.fastq.gz,16010868
ERR15627312_1.fastq.gz,11445593
ERR15627315_1.fastq.gz,13634084
ERR15627317_1.fastq.gz,17432798
ERR15627320_1.fastq.gz,12105974
ERR15627323_1.fastq.gz,12389604
ERR15627325_1.fastq.gz,17392057
ERR15627328_1.fastq.gz,16444304
ERR15627329_1.fastq.gz,14417433
ERR15627330_1.fastq.gz,12412240
ERR15627331_1.fastq.gz,16003631
ERR15627332_1.fastq.gz,19705867
ERR15627333_1.fastq.gz,18139854
ERR15627334_1.fastq.gz,6284234
ERR15627335_1.fastq.gz,12458104
ERR15627336_1.fastq.gz,18848234
ERR15627339_1.fastq.gz,13776408
ERR15627341_1.fastq.gz,12608049
ERR15627342_1.fastq.gz,18588580
ERR15627343_1.fastq.gz,13863475
ERR15627344_1.fastq.gz,21290926
ERR15627345_1.fastq.gz,18200577
ERR15627346_1.fastq.gz,10299085
ERR15627349_1.fastq.gz,11107757
ERR15627350_1.fastq.gz,11760101
ERR15627352_1.fastq.gz,15587744
ERR15627354_1.fastq.gz,19865962
ERR15627355_1.fastq.gz,12325891
ERR15627356_1.fastq.gz,11558657
ERR15627357_1.fastq.gz,17396259
ERR15627358_1.fastq.gz,15361845
ERR15627359_1.fastq.gz,12993783
ERR15627360_1.fastq.gz,7835620
ERR15627361_1.fastq.gz,13717445
ERR15627362_1.fastq.gz,10479381
ERR15627363_1.fastq.gz,12169174
ERR15627364_1.fastq.gz,14722903
ERR15627365_1.fastq.gz,11398481
ERR15627366_1.fastq.gz,14612824
ERR15627368_1.fastq.gz,11514632
ERR15627369_1.fastq.gz,13203618
ERR15627370_1.fastq.gz,17409707
ERR15627371_1.fastq.gz,15985711
ERR15627372_1.fastq.gz,13110397
ERR15627373_1.fastq.gz,17399923
ERR15627375_1.fastq.gz,16820893
ERR15627376_1.fastq.gz,13413728
ERR15627378_1.fastq.gz,14842303
ERR15627380_1.fastq.gz,13111560
ERR15627381_1.fastq.gz,14804434
ERR15627382_1.fastq.gz,15862603
ERR15627383_1.fastq.gz,16767564
ERR15627384_1.fastq.gz,14156768
ERR15627385_1.fastq.gz,16397797
ERR15627386_1.fastq.gz,11354356
ERR15627387_1.fastq.gz,12798721
ERR15627388_1.fastq.gz,12580991
ERR15627389_1.fastq.gz,16264153
ERR15627390_1.fastq.gz,14488844
ERR15627391_1.fastq.gz,13801557
ERR15627392_1.fastq.gz,13413163
ERR15627394_1.fastq.gz,14755147
ERR15627395_1.fastq.gz,14758816
ERR15627397_1.fastq.gz,13859462
ERR15627398_1.fastq.gz,16430868
ERR15627399_1.fastq.gz,13427468
ERR15627400_1.fastq.gz,15555356
ERR15627401_1.fastq.gz,12818994
ERR15627402_1.fastq.gz,12867190
ERR15627403_1.fastq.gz,15530055
ERR15627404_1.fastq.gz,17174929
ERR15627405_1.fastq.gz,11602914
ERR15627407_1.fastq.gz,16531785
ERR15627408_1.fastq.gz,15749412
ERR15627409_1.fastq.gz,15912073
ERR15627410_1.fastq.gz,14538246
ERR15627411_1.fastq.gz,17089265
ERR15627412_1.fastq.gz,17930834
ERR15627414_1.fastq.gz,18597838
ERR15627415_1.fastq.gz,14228661
ERR15627416_1.fastq.gz,13921582
ERR15627418_1.fastq.gz,21053964
ERR15627419_1.fastq.gz,9975745
ERR15627421_1.fastq.gz,12893295
ERR15627423_1.fastq.gz,16255379
ERR15627424_1.fastq.gz,14595290
ERR15627425_1.fastq.gz,12938295
ERR15627426_1.fastq.gz,14884969
ERR15627427_1.fastq.gz,14824784
ERR15627428_1.fastq.gz,14347628
ERR15627429_1.fastq.gz,16208654
ERR15627430_1.fastq.gz,16761856
ERR15627432_1.fastq.gz,9650232
ERR15627433_1.fastq.gz,13274859
ERR15627434_1.fastq.gz,14429531
ERR15627435_1.fastq.gz,13109389
