sample,sample_accession,library_name,experiment_accession,run_accession
RCN12084,SAMEA120051022,RCN12084_WGS,ERX15022423,ERR15625352
RCN12115,SAMEA120051034,RCN12115_WGS,ERX15022435,ERR15625364
RCN12693,SAMEA120051213,RCN12693_WGS,ERX15022614,ERR15625543
RCN12722,SAMEA120051226,RCN12722_WGS,ERX15022627,ERR15625556
RCN12041,SAMEA120050987,RCN12041_WGS,ERX15022388,ERR15625317
RCN12072,SAMEA120051011,RCN12072_WGS,ERX15022412,ERR15625341
RCN12075,SAMEA120051014,RCN12075_WGS,ERX15022415,ERR15625344
RCN12076,SAMEA120051015,RCN12076_WGS,ERX15022416,ERR15625345
RCN12080,SAMEA120051018,RCN12080_WGS,ERX15022419,ERR15625348
RCN12103,SAMEA120051028,RCN12103_WGS,ERX15022429,ERR15625358
RCN12111,SAMEA120051031,RCN12111_WGS,ERX15022432,ERR15625361
RCN12676,SAMEA120051207,RCN12676_WGS,ERX15022608,ERR15625537
RCN12058,SAMEA120051000,RCN12058_WGS,ERX15022401,ERR15625330
RCN12079,SAMEA120051017,RCN12079_WGS,ERX15022418,ERR15625347
RCN12083,SAMEA120051021,RCN12083_WGS,ERX15022422,ERR15625351
RCN12100,SAMEA120051027,RCN12100_WGS,ERX15022428,ERR15625357
RCN12059,SAMEA120051001,RCN12059_WGS,ERX15022402,ERR15625331
RCN12688,SAMEA120051211,RCN12688_WGS,ERX15022612,ERR15625541
RCN12698,SAMEA120051216,RCN12698_WGS,ERX15022617,ERR15625546
RCN12700,SAMEA120051217,RCN12700_WGS,ERX15022618,ERR15625547
RCN12704,SAMEA120051218,RCN12704_WGS,ERX15022619,ERR15625548
RCN12031,SAMEA120050980,RCN12031_WGS,ERX15022381,ERR15625310
RCN12710,SAMEA120051220,RCN12710_WGS,ERX15022621,ERR15625550
RCN12712,SAMEA120051221,RCN12712_WGS,ERX15022622,ERR15625551
RCN12026,SAMEA120050977,RCN12026_WGS,ERX15022378,ERR15625307
RCN12028,SAMEA120050979,RCN12028_WGS,ERX15022380,ERR15625309
RCN12032,SAMEA120050981,RCN12032_WGS,ERX15022382,ERR15625311
RCN12033,SAMEA120050982,RCN12033_WGS,ERX15022383,ERR15625312
RCN12044,SAMEA120050990,RCN12044_WGS,ERX15022391,ERR15625320
RCN12071,SAMEA120051010,RCN12071_WGS,ERX15022411,ERR15625340
RCN12082,SAMEA120051020,RCN12082_WGS,ERX15022421,ERR15625350
RCN12116,SAMEA120051035,RCN12116_WGS,ERX15022436,ERR15625365
RCN12696,SAMEA120051215,RCN12696_WGS,ERX15022616,ERR15625545
RCN12720,SAMEA120051225,RCN12720_WGS,ERX15022626,ERR15625555
RCN12725,SAMEA120051228,RCN12725_WGS,ERX15022629,ERR15625558
RCN12036,SAMEA120050985,RCN12036_WGS,ERX15022386,ERR15625315
RCN12043,SAMEA120050989,RCN12043_WGS,ERX15022390,ERR15625319
RCN12070,SAMEA120051009,RCN12070_WGS,ERX15022410,ERR15625339
RCN12716,SAMEA120051223,RCN12716_WGS,ERX15022624,ERR15625553
RCN12732,SAMEA120051231,RCN12732_WGS,ERX15022632,ERR15625561
RCN12035,SAMEA120050984,RCN12035_WGS,ERX15022385,ERR15625314
RCN12040,SAMEA120050986,RCN12040_WGS,ERX15022387,ERR15625316
RCN12051,SAMEA120050995,RCN12051_WGS,ERX15022396,ERR15625325
RCN12060,SAMEA120051002,RCN12060_WGS,ERX15022403,ERR15625332
RCN12694,SAMEA120051214,RCN12694_WGS,ERX15022615,ERR15625544
RCN12025,SAMEA120050976,RCN12025_WGS,ERX15022377,ERR15625306
RCN12112,SAMEA120051032,RCN12112_WGS,ERX15022433,ERR15625362
RCN12689,SAMEA120051212,RCN12689_WGS,ERX15022613,ERR15625542
RCN12726,SAMEA120051229,RCN12726_WGS,ERX15022630,ERR15625559
RCN12737,SAMEA120051235,RCN12737_WGS,ERX15022636,ERR15625565
RCN12751,SAMEA120051246,RCN12751_WGS,ERX15022647,ERR15625576
RCN13312,SAMEA120051528,RCN13312_WGS,ERX15022929,ERR15625858
RCN13346,SAMEA120051556,RCN13346_WGS,ERX15022957,ERR15625886
RCN13350,SAMEA120051560,RCN13350_WGS,ERX15022961,ERR15625890
RCN12733,SAMEA120051232,RCN12733_WGS,ERX15022633,ERR15625562
RCN12740,SAMEA120051237,RCN12740_WGS,ERX15022638,ERR15625567
RCN13270,SAMEA120051486,RCN13270_WGS,ERX15022887,ERR15625816
RCN13303,SAMEA120051519,RCN13303_WGS,ERX15022920,ERR15625849
RCN13342,SAMEA120051552,RCN13342_WGS,ERX15022953,ERR15625882
RCN13348,SAMEA120051558,RCN13348_WGS,ERX15022959,ERR15625888
RCN13364,SAMEA120051574,RCN13364_WGS,ERX15022976,ERR15625905
RCN13274,SAMEA120051490,RCN13274_WGS,ERX15022891,ERR15625820
RCN13278,SAMEA120051494,RCN13278_WGS,ERX15022895,ERR15625824
RCN13283,SAMEA120051499,RCN13283_WGS,ERX15022900,ERR15625829
RCN13285,SAMEA120051501,RCN13285_WGS,ERX15022902,ERR15625831
RCN13344,SAMEA120051554,RCN13344_WGS,ERX15022955,ERR15625884
RCN13382,SAMEA120051592,RCN13382_WGS,ERX15022993,ERR15625922
RCN13383,SAMEA120051593,RCN13383_WGS,ERX15022994,ERR15625923
RCN12738,SAMEA120051236,RCN12738_WGS,ERX15022637,ERR15625566
RCN12749,SAMEA120051244,RCN12749_WGS,ERX15022645,ERR15625574
RCN13265,SAMEA120051481,RCN13265_WGS,ERX15022882,ERR15625811
RCN13281,SAMEA120051497,RCN13281_WGS,ERX15022898,ERR15625827
RCN13313,SAMEA120051529,RCN13313_WGS,ERX15022930,ERR15625859
RCN12752,SAMEA120051247,RCN12752_WGS,ERX15022648,ERR15625577
RCN13279,SAMEA120051495,RCN13279_WGS,ERX15022896,ERR15625825
RCN12746,SAMEA120051242,RCN12746_WGS,ERX15022643,ERR15625572
RCN13271,SAMEA120051487,RCN13271_WGS,ERX15022888,ERR15625817
RCN13286,SAMEA120051502,RCN13286_WGS,ERX15022903,ERR15625832
RCN12734,SAMEA120051233,RCN12734_WGS,ERX15022634,ERR15625563
RCN12736,SAMEA120051234,RCN12736_WGS,ERX15022635,ERR15625564
RCN12741,SAMEA120051238,RCN12741_WGS,ERX15022639,ERR15625568
RCN12742,SAMEA120051239,RCN12742_WGS,ERX15022640,ERR15625569
RCN12744,SAMEA120051240,RCN12744_WGS,ERX15022641,ERR15625570
RCN12750,SAMEA120051245,RCN12750_WGS,ERX15022646,ERR15625575
RCN13267,SAMEA120051483,RCN13267_WGS,ERX15022884,ERR15625813
RCN13273,SAMEA120051489,RCN13273_WGS,ERX15022890,ERR15625819
RCN13275,SAMEA120051491,RCN13275_WGS,ERX15022892,ERR15625821
RCN13280,SAMEA120051496,RCN13280_WGS,ERX15022897,ERR15625826
RCN13288,SAMEA120051504,RCN13288_WGS,ERX15022905,ERR15625834
RCN13306,SAMEA120051522,RCN13306_WGS,ERX15022923,ERR15625852
RCN13339,SAMEA120051549,RCN13339_WGS,ERX15022950,ERR15625879
RCN13351,SAMEA120051561,RCN13351_WGS,ERX15022962,ERR15625891
RCN13353,SAMEA120051563,RCN13353_WGS,ERX15022964,ERR15625893
RCN13356,SAMEA120051566,RCN13356_WGS,ERX15022967,ERR15625896
RCN13374,SAMEA120051584,RCN13374_WGS,ERX15022985,ERR15625914
RCN12745,SAMEA120051241,RCN12745_WGS,ERX15022642,ERR15625571
RCN13263,SAMEA120051479,RCN13263_WGS,ERX15022880,ERR15625809
RCN13310,SAMEA120051526,RCN13310_WGS,ERX15022927,ERR15625856
RCN13338,SAMEA120051548,RCN13338_WGS,ERX15022949,ERR15625878
RCN13446,SAMEA120051651,RCN13446_WGS,ERX15023052,ERR15625981
RCN13479,SAMEA120051681,RCN13479_WGS,ERX15023082,ERR15626011
RCN13488,SAMEA120051690,RCN13488_WGS,ERX15023091,ERR15626020
RCN13580,SAMEA120051776,RCN13580_WGS,ERX15023177,ERR15626106
RCN13455,SAMEA120051658,RCN13455_WGS,ERX15023059,ERR15625988
RCN13474,SAMEA120051676,RCN13474_WGS,ERX15023077,ERR15626006
RCN13475,SAMEA120051677,RCN13475_WGS,ERX15023078,ERR15626007
RCN13482,SAMEA120051684,RCN13482_WGS,ERX15023085,ERR15626014
RCN13487,SAMEA120051689,RCN13487_WGS,ERX15023090,ERR15626019
RCN14197,SAMEA120052027,RCN14197_WGS,ERX15023428,ERR15626357
RCN14217,SAMEA120052029,RCN14217_WGS,ERX15023430,ERR15626359
RCN13386,SAMEA120051596,RCN13386_WGS,ERX15022997,ERR15625926
RCN13416,SAMEA120051624,RCN13416_WGS,ERX15023025,ERR15625954
RCN13427,SAMEA120051633,RCN13427_WGS,ERX15023034,ERR15625963
RCN13505,SAMEA120051706,RCN13505_WGS,ERX15023107,ERR15626036
RCN13549,SAMEA120051746,RCN13549_WGS,ERX15023147,ERR15626076
RCN13562,SAMEA120051759,RCN13562_WGS,ERX15023160,ERR15626089
RCN14210,SAMEA120052028,RCN14210_WGS,ERX15023429,ERR15626358
RCN13388,SAMEA120051598,RCN13388_WGS,ERX15022999,ERR15625928
RCN13452,SAMEA120051656,RCN13452_WGS,ERX15023057,ERR15625986
RCN13480,SAMEA120051682,RCN13480_WGS,ERX15023083,ERR15626012
RCN13512,SAMEA120051712,RCN13512_WGS,ERX15023113,ERR15626042
RCN13542,SAMEA120051739,RCN13542_WGS,ERX15023140,ERR15626069
RCN13568,SAMEA120051765,RCN13568_WGS,ERX15023166,ERR15626095
RCN13462,SAMEA120051664,RCN13462_WGS,ERX15023065,ERR15625994
RCN13466,SAMEA120051668,RCN13466_WGS,ERX15023069,ERR15625998
RCN13548,SAMEA120051745,RCN13548_WGS,ERX15023146,ERR15626075
RCN13389,SAMEA120051599,RCN13389_WGS,ERX15023000,ERR15625929
RCN13391,SAMEA120051601,RCN13391_WGS,ERX15023002,ERR15625931
RCN13476,SAMEA120051678,RCN13476_WGS,ERX15023079,ERR15626008
RCN13501,SAMEA120051703,RCN13501_WGS,ERX15023104,ERR15626033
RCN13540,SAMEA120051737,RCN13540_WGS,ERX15023138,ERR15626067
RCN13545,SAMEA120051742,RCN13545_WGS,ERX15023143,ERR15626072
RCN13557,SAMEA120051754,RCN13557_WGS,ERX15023155,ERR15626084
RCN13564,SAMEA120051761,RCN13564_WGS,ERX15023162,ERR15626091
RCN13567,SAMEA120051764,RCN13567_WGS,ERX15023165,ERR15626094
RCN13570,SAMEA120051767,RCN13570_WGS,ERX15023168,ERR15626097
RCN13385,SAMEA120051595,RCN13385_WGS,ERX15022996,ERR15625925
RCN13414,SAMEA120051622,RCN13414_WGS,ERX15023023,ERR15625952
RCN13495,SAMEA120051697,RCN13495_WGS,ERX15023098,ERR15626027
RCN13503,SAMEA120051705,RCN13503_WGS,ERX15023106,ERR15626035
RCN13508,SAMEA120051709,RCN13508_WGS,ERX15023110,ERR15626039
RCN13554,SAMEA120051751,RCN13554_WGS,ERX15023152,ERR15626081
RCN13468,SAMEA120051670,RCN13468_WGS,ERX15023071,ERR15626000
RCN13561,SAMEA120051758,RCN13561_WGS,ERX15023159,ERR15626088
RCN13581,SAMEA120051777,RCN13581_WGS,ERX15023178,ERR15626107
RCN13398,SAMEA120051607,RCN13398_WGS,ERX15023008,ERR15625937
RCN13507,SAMEA120051708,RCN13507_WGS,ERX15023109,ERR15626038
RCN13558,SAMEA120051755,RCN13558_WGS,ERX15023156,ERR15626085
RCN14220,SAMEA120052030,RCN14220_WGS,ERX15023431,ERR15626360
RCN14238,SAMEA120052037,RCN14238_WGS,ERX15023438,ERR15626367
RCN14251,SAMEA120052041,RCN14251_WGS,ERX15023442,ERR15626371
RCN14270,SAMEA120052050,RCN14270_WGS,ERX15023451,ERR15626380
RCN14304,SAMEA120052077,RCN14304_WGS,ERX15023478,ERR15626407
RCN14318,SAMEA120052086,RCN14318_WGS,ERX15023487,ERR15626416
RCN14580,SAMEA120052099,RCN14580_WGS,ERX15023500,ERR15626429
RCN14588,SAMEA120052107,RCN14588_WGS,ERX15023508,ERR15626437
RCN14317,SAMEA120052085,RCN14317_WGS,ERX15023486,ERR15626415
RCN14278,SAMEA120052056,RCN14278_WGS,ERX15023457,ERR15626386
RCN14281,SAMEA120052059,RCN14281_WGS,ERX15023460,ERR15626389
RCN14285,SAMEA120052061,RCN14285_WGS,ERX15023462,ERR15626391
RCN14294,SAMEA120052069,RCN14294_WGS,ERX15023470,ERR15626399
RCN14303,SAMEA120052076,RCN14303_WGS,ERX15023477,ERR15626406
RCN14319,SAMEA120052087,RCN14319_WGS,ERX15023488,ERR15626417
RCN14223,SAMEA120052032,RCN14223_WGS,ERX15023433,ERR15626362
RCN14574,SAMEA120052094,RCN14574_WGS,ERX15023495,ERR15626424
RCN14233,SAMEA120052035,RCN14233_WGS,ERX15023436,ERR15626365
RCN14577,SAMEA120052097,RCN14577_WGS,ERX15023498,ERR15626427
RCN14255,SAMEA120052043,RCN14255_WGS,ERX15023444,ERR15626373
RCN14288,SAMEA120052064,RCN14288_WGS,ERX15023465,ERR15626394
RCN14289,SAMEA120052065,RCN14289_WGS,ERX15023466,ERR15626395
RCN14293,SAMEA120052068,RCN14293_WGS,ERX15023469,ERR15626398
RCN14302,SAMEA120052075,RCN14302_WGS,ERX15023476,ERR15626405
RCN14312,SAMEA120052082,RCN14312_WGS,ERX15023483,ERR15626412
RCN14587,SAMEA120052106,RCN14587_WGS,ERX15023507,ERR15626436
RCN14590,SAMEA120052109,RCN14590_WGS,ERX15023510,ERR15626439
RCN14241,SAMEA120052039,RCN14241_WGS,ERX15023440,ERR15626369
RCN14280,SAMEA120052058,RCN14280_WGS,ERX15023459,ERR15626388
RCN14591,SAMEA120052110,RCN14591_WGS,ERX15023511,ERR15626440
RCN14284,SAMEA120052060,RCN14284_WGS,ERX15023461,ERR15626390
RCN14286,SAMEA120052062,RCN14286_WGS,ERX15023463,ERR15626392
RCN14320,SAMEA120052088,RCN14320_WGS,ERX15023489,ERR15626418
RCN14271,SAMEA120052051,RCN14271_WGS,ERX15023452,ERR15626381
RCN14309,SAMEA120052079,RCN14309_WGS,ERX15023480,ERR15626409
RCN14321,SAMEA120052089,RCN14321_WGS,ERX15023490,ERR15626419
RCN14222,SAMEA120052031,RCN14222_WGS,ERX15023432,ERR15626361
RCN14226,SAMEA120052034,RCN14226_WGS,ERX15023435,ERR15626364
RCN14239,SAMEA120052038,RCN14239_WGS,ERX15023439,ERR15626368
RCN14277,SAMEA120052055,RCN14277_WGS,ERX15023456,ERR15626385
RCN14292,SAMEA120052067,RCN14292_WGS,ERX15023468,ERR15626397
RCN14310,SAMEA120052080,RCN14310_WGS,ERX15023481,ERR15626410
RCN14324,SAMEA120052090,RCN14324_WGS,ERX15023491,ERR15626420
RCN14575,SAMEA120052095,RCN14575_WGS,ERX15023496,ERR15626425
RCN14576,SAMEA120052096,RCN14576_WGS,ERX15023497,ERR15626426
RCN14581,SAMEA120052100,RCN14581_WGS,ERX15023501,ERR15626430
RCN14234,SAMEA120052036,RCN14234_WGS,ERX15023437,ERR15626366
RCN14279,SAMEA120052057,RCN14279_WGS,ERX15023458,ERR15626387
RCN14265,SAMEA120052047,RCN14265_WGS,ERX15023448,ERR15626377
RCN14296,SAMEA120052071,RCN14296_WGS,ERX15023472,ERR15626401
RCN14589,SAMEA120052108,RCN14589_WGS,ERX15023509,ERR15626438
RCN14596,SAMEA120052115,RCN14596_WGS,ERX15023516,ERR15626445
RCN14625,SAMEA120052144,RCN14625_WGS,ERX15023545,ERR15626474
RCN14631,SAMEA120052150,RCN14631_WGS,ERX15023551,ERR15626480
RCN14604,SAMEA120052123,RCN14604_WGS,ERX15023524,ERR15626453
RCN14610,SAMEA120052129,RCN14610_WGS,ERX15023530,ERR15626459
RCN14623,SAMEA120052142,RCN14623_WGS,ERX15023543,ERR15626472
RCN14629,SAMEA120052148,RCN14629_WGS,ERX15023549,ERR15626478
RCN14638,SAMEA120052156,RCN14638_WGS,ERX15023557,ERR15626486
RCN14643,SAMEA120052161,RCN14643_WGS,ERX15023562,ERR15626491
RCN14653,SAMEA120052171,RCN14653_WGS,ERX15023572,ERR15626501
RCN14658,SAMEA120052176,RCN14658_WGS,ERX15023577,ERR15626506
RCN14621,SAMEA120052140,RCN14621_WGS,ERX15023541,ERR15626470
RCN14622,SAMEA120052141,RCN14622_WGS,ERX15023542,ERR15626471
RCN14639,SAMEA120052157,RCN14639_WGS,ERX15023558,ERR15626487
RCN14662,SAMEA120052180,RCN14662_WGS,ERX15023581,ERR15626510
RCN14644,SAMEA120052162,RCN14644_WGS,ERX15023563,ERR15626492
RCN14651,SAMEA120052169,RCN14651_WGS,ERX15023570,ERR15626499
RCN14605,SAMEA120052124,RCN14605_WGS,ERX15023525,ERR15626454
RCN14640,SAMEA120052158,RCN14640_WGS,ERX15023559,ERR15626488
RCN14649,SAMEA120052167,RCN14649_WGS,ERX15023568,ERR15626497
RCN14603,SAMEA120052122,RCN14603_WGS,ERX15023523,ERR15626452
RCN14609,SAMEA120052128,RCN14609_WGS,ERX15023529,ERR15626458
RCN14611,SAMEA120052130,RCN14611_WGS,ERX15023531,ERR15626460
RCN14627,SAMEA120052146,RCN14627_WGS,ERX15023547,ERR15626476
RCN14645,SAMEA120052163,RCN14645_WGS,ERX15023564,ERR15626493
RCN14661,SAMEA120052179,RCN14661_WGS,ERX15023580,ERR15626509
RCN14600,SAMEA120052119,RCN14600_WGS,ERX15023520,ERR15626449
RCN14602,SAMEA120052121,RCN14602_WGS,ERX15023522,ERR15626451
RCN14616,SAMEA120052135,RCN14616_WGS,ERX15023536,ERR15626465
RCN14624,SAMEA120052143,RCN14624_WGS,ERX15023544,ERR15626473
RCN14628,SAMEA120052147,RCN14628_WGS,ERX15023548,ERR15626477
RCN14648,SAMEA120052166,RCN14648_WGS,ERX15023567,ERR15626496
RCN14650,SAMEA120052168,RCN14650_WGS,ERX15023569,ERR15626498
RCN14655,SAMEA120052173,RCN14655_WGS,ERX15023574,ERR15626503
RCN14592,SAMEA120052111,RCN14592_WGS,ERX15023512,ERR15626441
RCN14594,SAMEA120052113,RCN14594_WGS,ERX15023513,ERR15626442
RCN14593,SAMEA120052112,RCN14593_WGS,ERX15023515,ERR15626444
RCN14612,SAMEA120052131,RCN14612_WGS,ERX15023532,ERR15626461
RCN14614,SAMEA120052133,RCN14614_WGS,ERX15023534,ERR15626463
RCN14626,SAMEA120052145,RCN14626_WGS,ERX15023546,ERR15626475
RCN14633,SAMEA120052152,RCN14633_WGS,ERX15023553,ERR15626482
RCN14635,SAMEA120052154,RCN14635_WGS,ERX15023555,ERR15626484
RCN14636,SAMEA120052155,RCN14636_WGS,ERX15023556,ERR15626485
RCN14654,SAMEA120052172,RCN14654_WGS,ERX15023573,ERR15626502
RCN14657,SAMEA120052175,RCN14657_WGS,ERX15023576,ERR15626505
RCN14660,SAMEA120052178,RCN14660_WGS,ERX15023579,ERR15626508
RCN14618,SAMEA120052137,RCN14618_WGS,ERX15023538,ERR15626467
RCN14606,SAMEA120052125,RCN14606_WGS,ERX15023526,ERR15626455
RCN14608,SAMEA120052127,RCN14608_WGS,ERX15023528,ERR15626457
RCN14652,SAMEA120052170,RCN14652_WGS,ERX15023571,ERR15626500
RCN14693,SAMEA120052202,RCN14693_WGS,ERX15023603,ERR15626532
RCN14713,SAMEA120052215,RCN14713_WGS,ERX15023616,ERR15626545
RCN14739,SAMEA120052235,RCN14739_WGS,ERX15023636,ERR15626565
RCN14740,SAMEA120052236,RCN14740_WGS,ERX15023637,ERR15626566
RCN14746,SAMEA120052239,RCN14746_WGS,ERX15023640,ERR15626569
RCN14664,SAMEA120052182,RCN14664_WGS,ERX15023583,ERR15626512
RCN14676,SAMEA120052190,RCN14676_WGS,ERX15023591,ERR15626520
RCN14680,SAMEA120052192,RCN14680_WGS,ERX15023593,ERR15626522
RCN14681,SAMEA120052193,RCN14681_WGS,ERX15023594,ERR15626523
RCN14682,SAMEA120052194,RCN14682_WGS,ERX15023595,ERR15626524
RCN14684,SAMEA120052196,RCN14684_WGS,ERX15023597,ERR15626526
RCN14697,SAMEA120052204,RCN14697_WGS,ERX15023605,ERR15626534
RCN14708,SAMEA120052212,RCN14708_WGS,ERX15023613,ERR15626542
RCN14715,SAMEA120052217,RCN14715_WGS,ERX15023618,ERR15626547
RCN14724,SAMEA120052225,RCN14724_WGS,ERX15023626,ERR15626555
RCN14700,SAMEA120052207,RCN14700_WGS,ERX15023608,ERR15626537
RCN14727,SAMEA120052227,RCN14727_WGS,ERX15023628,ERR15626557
RCN14730,SAMEA120052230,RCN14730_WGS,ERX15023631,ERR15626560
RCN14732,SAMEA120052232,RCN14732_WGS,ERX15023633,ERR15626562
RCN14748,SAMEA120052240,RCN14748_WGS,ERX15023641,ERR15626570
RCN14673,SAMEA120052187,RCN14673_WGS,ERX15023588,ERR15626517
RCN14691,SAMEA120052200,RCN14691_WGS,ERX15023600,ERR15626529
RCN14717,SAMEA120052219,RCN14717_WGS,ERX15023620,ERR15626549
RCN14721,SAMEA120052222,RCN14721_WGS,ERX15023623,ERR15626552
RCN14729,SAMEA120052229,RCN14729_WGS,ERX15023630,ERR15626559
RCN14674,SAMEA120052188,RCN14674_WGS,ERX15023589,ERR15626518
RCN14738,SAMEA120052234,RCN14738_WGS,ERX15023635,ERR15626564
RCN14666,SAMEA120052184,RCN14666_WGS,ERX15023585,ERR15626514
RCN14696,SAMEA120052203,RCN14696_WGS,ERX15023604,ERR15626533
RCN14714,SAMEA120052216,RCN14714_WGS,ERX15023617,ERR15626546
RCN14728,SAMEA120052228,RCN14728_WGS,ERX15023629,ERR15626558
RCN14733,SAMEA120052233,RCN14733_WGS,ERX15023634,ERR15626563
RCN14672,SAMEA120052186,RCN14672_WGS,ERX15023587,ERR15626516
RCN14685,SAMEA120052197,RCN14685_WGS,ERX15023598,ERR15626527
RCN14688,SAMEA120052198,RCN14688_WGS,ERX15023599,ERR15626528
RCN14699,SAMEA120052206,RCN14699_WGS,ERX15023607,ERR15626536
RCN14701,SAMEA120052208,RCN14701_WGS,ERX15023609,ERR15626538
RCN14706,SAMEA120052210,RCN14706_WGS,ERX15023611,ERR15626540
RCN14707,SAMEA120052211,RCN14707_WGS,ERX15023612,ERR15626541
RCN14725,SAMEA120052226,RCN14725_WGS,ERX15023627,ERR15626556
RCN14731,SAMEA120052231,RCN14731_WGS,ERX15023632,ERR15626561
RCN14741,SAMEA120052237,RCN14741_WGS,ERX15023638,ERR15626567
RCN14744,SAMEA120052238,RCN14744_WGS,ERX15023639,ERR15626568
RCN14689,SAMEA120052199,RCN14689_WGS,ERX15023601,ERR15626530
RCN14709,SAMEA120052213,RCN14709_WGS,ERX15023614,ERR15626543
RCN14677,SAMEA120052191,RCN14677_WGS,ERX15023592,ERR15626521
RCN14683,SAMEA120052195,RCN14683_WGS,ERX15023596,ERR15626525
RCN14663,SAMEA120052181,RCN14663_WGS,ERX15023582,ERR15626511
RCN14698,SAMEA120052205,RCN14698_WGS,ERX15023606,ERR15626535
RCN14705,SAMEA120052209,RCN14705_WGS,ERX15023610,ERR15626539
RCN14756,SAMEA120052246,RCN14756_WGS,ERX15023647,ERR15626576
RCN14762,SAMEA120052249,RCN14762_WGS,ERX15023650,ERR15626579
RCN14839,SAMEA120052278,RCN14839_WGS,ERX15023679,ERR15626608
RCN14919,SAMEA120052297,RCN14919_WGS,ERX15023698,ERR15626627
RCN14928,SAMEA120052305,RCN14928_WGS,ERX15023706,ERR15626635
RCN14835,SAMEA120052277,RCN14835_WGS,ERX15023678,ERR15626607
RCN14841,SAMEA120052280,RCN14841_WGS,ERX15023681,ERR15626610
RCN14927,SAMEA120052304,RCN14927_WGS,ERX15023705,ERR15626634
RCN14753,SAMEA120052243,RCN14753_WGS,ERX15023644,ERR15626573
RCN14752,SAMEA120052242,RCN14752_WGS,ERX15023643,ERR15626572
RCN14811,SAMEA120052269,RCN14811_WGS,ERX15023670,ERR15626599
RCN14770,SAMEA120052252,RCN14770_WGS,ERX15023653,ERR15626582
RCN14794,SAMEA120052260,RCN14794_WGS,ERX15023661,ERR15626590
RCN14814,SAMEA120052270,RCN14814_WGS,ERX15023671,ERR15626600
RCN14847,SAMEA120052282,RCN14847_WGS,ERX15023683,ERR15626612
RCN14850,SAMEA120052285,RCN14850_WGS,ERX15023686,ERR15626615
RCN14916,SAMEA120052294,RCN14916_WGS,ERX15023695,ERR15626624
RCN14918,SAMEA120052296,RCN14918_WGS,ERX15023696,ERR15626625
RCN14771,SAMEA120052253,RCN14771_WGS,ERX15023654,ERR15626583
RCN14777,SAMEA120052255,RCN14777_WGS,ERX15023656,ERR15626585
RCN14819,SAMEA120052274,RCN14819_WGS,ERX15023675,ERR15626604
RCN14827,SAMEA120052275,RCN14827_WGS,ERX15023676,ERR15626605
RCN14848,SAMEA120052283,RCN14848_WGS,ERX15023684,ERR15626613
RCN14921,SAMEA120052299,RCN14921_WGS,ERX15023700,ERR15626629
RCN14754,SAMEA120052244,RCN14754_WGS,ERX15023645,ERR15626574
RCN14760,SAMEA120052248,RCN14760_WGS,ERX15023649,ERR15626578
RCN14787,SAMEA120052259,RCN14787_WGS,ERX15023659,ERR15626588
RCN14799,SAMEA120052262,RCN14799_WGS,ERX15023663,ERR15626592
RCN14800,SAMEA120052263,RCN14800_WGS,ERX15023664,ERR15626593
RCN14840,SAMEA120052279,RCN14840_WGS,ERX15023680,ERR15626609
RCN14913,SAMEA120052292,RCN14913_WGS,ERX15023693,ERR15626622
RCN14795,SAMEA120052261,RCN14795_WGS,ERX15023662,ERR15626591
RCN14807,SAMEA120052266,RCN14807_WGS,ERX15023667,ERR15626596
RCN14834,SAMEA120052276,RCN14834_WGS,ERX15023677,ERR15626606
RCN14904,SAMEA120052287,RCN14904_WGS,ERX15023688,ERR15626617
RCN14925,SAMEA120052302,RCN14925_WGS,ERX15023703,ERR15626632
RCN14926,SAMEA120052303,RCN14926_WGS,ERX15023704,ERR15626633
RCN14757,SAMEA120052247,RCN14757_WGS,ERX15023648,ERR15626577
RCN14802,SAMEA120052264,RCN14802_WGS,ERX15023665,ERR15626594
RCN14803,SAMEA120052265,RCN14803_WGS,ERX15023666,ERR15626595
RCN14810,SAMEA120052268,RCN14810_WGS,ERX15023669,ERR15626598
RCN14843,SAMEA120052281,RCN14843_WGS,ERX15023682,ERR15626611
RCN14849,SAMEA120052284,RCN14849_WGS,ERX15023685,ERR15626614
RCN14906,SAMEA120052288,RCN14906_WGS,ERX15023689,ERR15626618
RCN14912,SAMEA120052291,RCN14912_WGS,ERX15023692,ERR15626621
RCN14915,SAMEA120052293,RCN14915_WGS,ERX15023694,ERR15626623
RCN14763,SAMEA120052250,RCN14763_WGS,ERX15023651,ERR15626580
RCN14766,SAMEA120052251,RCN14766_WGS,ERX15023652,ERR15626581
RCN14816,SAMEA120052272,RCN14816_WGS,ERX15023673,ERR15626602
RCN14818,SAMEA120052273,RCN14818_WGS,ERX15023674,ERR15626603
RCN15006,SAMEA120052365,RCN15006_WGS,ERX15023766,ERR15626695
RCN15037,SAMEA120052395,RCN15037_WGS,ERX15023796,ERR15626725
RCN15070,SAMEA120052424,RCN15070_WGS,ERX15023825,ERR15626754
RCN15184,SAMEA120052516,RCN15184_WGS,ERX15023917,ERR15626846
RCN15197,SAMEA120052529,RCN15197_WGS,ERX15023930,ERR15626859
RCN14938,SAMEA120052314,RCN14938_WGS,ERX15023715,ERR15626644
RCN15089,SAMEA120052443,RCN15089_WGS,ERX15023843,ERR15626772
RCN15090,SAMEA120052444,RCN15090_WGS,ERX15023845,ERR15626774
RCN15212,SAMEA120052543,RCN15212_WGS,ERX15023944,ERR15626873
RCN15236,SAMEA120052566,RCN15236_WGS,ERX15023967,ERR15626896
RCN15002,SAMEA120052361,RCN15002_WGS,ERX15023762,ERR15626691
RCN15235,SAMEA120052565,RCN15235_WGS,ERX15023966,ERR15626895
RCN14932,SAMEA120052308,RCN14932_WGS,ERX15023709,ERR15626638
RCN15063,SAMEA120052417,RCN15063_WGS,ERX15023818,ERR15626747
RCN15220,SAMEA120052551,RCN15220_WGS,ERX15023952,ERR15626881
RCN14937,SAMEA120052313,RCN14937_WGS,ERX15023714,ERR15626643
RCN14954,SAMEA120052329,RCN14954_WGS,ERX15023730,ERR15626659
RCN15027,SAMEA120052385,RCN15027_WGS,ERX15023786,ERR15626715
RCN15074,SAMEA120052428,RCN15074_WGS,ERX15023829,ERR15626758
RCN15193,SAMEA120052525,RCN15193_WGS,ERX15023926,ERR15626855
RCN15201,SAMEA120052533,RCN15201_WGS,ERX15023934,ERR15626863
RCN15202,SAMEA120052534,RCN15202_WGS,ERX15023935,ERR15626864
RCN15221,SAMEA120052552,RCN15221_WGS,ERX15023953,ERR15626882
RCN15227,SAMEA120052558,RCN15227_WGS,ERX15023959,ERR15626888
RCN14939,SAMEA120052315,RCN14939_WGS,ERX15023716,ERR15626645
RCN14969,SAMEA120052337,RCN14969_WGS,ERX15023738,ERR15626667
RCN15073,SAMEA120052427,RCN15073_WGS,ERX15023828,ERR15626757
RCN14929,SAMEA120052306,RCN14929_WGS,ERX15023707,ERR15626636
RCN14975,SAMEA120052342,RCN14975_WGS,ERX15023743,ERR15626672
RCN15000,SAMEA120052359,RCN15000_WGS,ERX15023760,ERR15626689
RCN15010,SAMEA120052369,RCN15010_WGS,ERX15023770,ERR15626699
RCN15020,SAMEA120052379,RCN15020_WGS,ERX15023780,ERR15626709
RCN15044,SAMEA120052402,RCN15044_WGS,ERX15023803,ERR15626732
RCN15195,SAMEA120052527,RCN15195_WGS,ERX15023928,ERR15626857
RCN15196,SAMEA120052528,RCN15196_WGS,ERX15023929,ERR15626858
RCN15218,SAMEA120052549,RCN15218_WGS,ERX15023950,ERR15626879
RCN15222,SAMEA120052553,RCN15222_WGS,ERX15023954,ERR15626883
RCN15228,SAMEA120052559,RCN15228_WGS,ERX15023960,ERR15626889
RCN15233,SAMEA120052563,RCN15233_WGS,ERX15023964,ERR15626893
RCN14935,SAMEA120052311,RCN14935_WGS,ERX15023712,ERR15626641
RCN14952,SAMEA120052327,RCN14952_WGS,ERX15023728,ERR15626657
RCN15003,SAMEA120052362,RCN15003_WGS,ERX15023763,ERR15626692
RCN15072,SAMEA120052426,RCN15072_WGS,ERX15023827,ERR15626756
RCN15208,SAMEA120052539,RCN15208_WGS,ERX15023940,ERR15626869
RCN15004,SAMEA120052363,RCN15004_WGS,ERX15023764,ERR15626693
RCN15191,SAMEA120052523,RCN15191_WGS,ERX15023924,ERR15626853
RCN15086,SAMEA120052440,RCN15086_WGS,ERX15023841,ERR15626770
RCN15095,SAMEA120052449,RCN15095_WGS,ERX15023850,ERR15626779
RCN15183,SAMEA120052515,RCN15183_WGS,ERX15023916,ERR15626845
RCN14941,SAMEA120052317,RCN14941_WGS,ERX15023719,ERR15626648
RCN15308,SAMEA120052634,RCN15308_WGS,ERX15024035,ERR15626964
RCN15334,SAMEA120052660,RCN15334_WGS,ERX15024061,ERR15626990
RCN15349,SAMEA120052672,RCN15349_WGS,ERX15024073,ERR15627002
RCN15245,SAMEA120052575,RCN15245_WGS,ERX15023975,ERR15626904
RCN15248,SAMEA120052578,RCN15248_WGS,ERX15023979,ERR15626908
RCN15274,SAMEA120052601,RCN15274_WGS,ERX15024002,ERR15626931
RCN15276,SAMEA120052603,RCN15276_WGS,ERX15024004,ERR15626933
RCN15293,SAMEA120052619,RCN15293_WGS,ERX15024020,ERR15626949
RCN15295,SAMEA120052621,RCN15295_WGS,ERX15024022,ERR15626951
RCN15322,SAMEA120052648,RCN15322_WGS,ERX15024049,ERR15626978
RCN15323,SAMEA120052649,RCN15323_WGS,ERX15024050,ERR15626979
RCN15325,SAMEA120052651,RCN15325_WGS,ERX15024053,ERR15626982
RCN15335,SAMEA120052661,RCN15335_WGS,ERX15024062,ERR15626991
RCN15342,SAMEA120052666,RCN15342_WGS,ERX15024067,ERR15626996
RCN15292,SAMEA120052618,RCN15292_WGS,ERX15024019,ERR15626948
RCN15278,SAMEA120052605,RCN15278_WGS,ERX15024006,ERR15626935
RCN15328,SAMEA120052654,RCN15328_WGS,ERX15024055,ERR15626984
RCN15250,SAMEA120052580,RCN15250_WGS,ERX15023981,ERR15626910
RCN15281,SAMEA120052608,RCN15281_WGS,ERX15024009,ERR15626938
RCN15294,SAMEA120052620,RCN15294_WGS,ERX15024021,ERR15626950
RCN15303,SAMEA120052629,RCN15303_WGS,ERX15024030,ERR15626959
RCN15332,SAMEA120052658,RCN15332_WGS,ERX15024059,ERR15626988
RCN15260,SAMEA120052588,RCN15260_WGS,ERX15023989,ERR15626918
RCN15279,SAMEA120052606,RCN15279_WGS,ERX15024007,ERR15626936
RCN15284,SAMEA120052611,RCN15284_WGS,ERX15024012,ERR15626941
RCN15297,SAMEA120052623,RCN15297_WGS,ERX15024024,ERR15626953
RCN15298,SAMEA120052624,RCN15298_WGS,ERX15024025,ERR15626954
RCN15301,SAMEA120052627,RCN15301_WGS,ERX15024028,ERR15626957
RCN15311,SAMEA120052637,RCN15311_WGS,ERX15024038,ERR15626967
RCN15333,SAMEA120052659,RCN15333_WGS,ERX15024060,ERR15626989
RCN15237,SAMEA120052567,RCN15237_WGS,ERX15023968,ERR15626897
RCN15271,SAMEA120052598,RCN15271_WGS,ERX15023999,ERR15626928
RCN15282,SAMEA120052609,RCN15282_WGS,ERX15024010,ERR15626939
RCN15341,SAMEA120052665,RCN15341_WGS,ERX15024066,ERR15626995
RCN15347,SAMEA120052670,RCN15347_WGS,ERX15024071,ERR15627000
RCN15241,SAMEA120052571,RCN15241_WGS,ERX15023972,ERR15626901
RCN15246,SAMEA120052576,RCN15246_WGS,ERX15023977,ERR15626906
RCN15283,SAMEA120052610,RCN15283_WGS,ERX15024011,ERR15626940
RCN15299,SAMEA120052625,RCN15299_WGS,ERX15024026,ERR15626955
RCN15275,SAMEA120052602,RCN15275_WGS,ERX15024003,ERR15626932
RCN15288,SAMEA120052614,RCN15288_WGS,ERX15024015,ERR15626944
RCN15306,SAMEA120052632,RCN15306_WGS,ERX15024033,ERR15626962
RCN15307,SAMEA120052633,RCN15307_WGS,ERX15024034,ERR15626963
RCN15327,SAMEA120052653,RCN15327_WGS,ERX15024054,ERR15626983
RCN15238,SAMEA120052568,RCN15238_WGS,ERX15023969,ERR15626898
RCN15242,SAMEA120052572,RCN15242_WGS,ERX15023973,ERR15626902
RCN15315,SAMEA120052641,RCN15315_WGS,ERX15024042,ERR15626971
RCN15345,SAMEA120052668,RCN15345_WGS,ERX15024069,ERR15626998
RCN15346,SAMEA120052669,RCN15346_WGS,ERX15024070,ERR15626999
RCN15348,SAMEA120052671,RCN15348_WGS,ERX15024072,ERR15627001
RCN15369,SAMEA120052690,RCN15369_WGS,ERX15024091,ERR15627020
RCN15374,SAMEA120052695,RCN15374_WGS,ERX15024096,ERR15627025
RCN15893,SAMEA120052784,RCN15893_WGS,ERX15024185,ERR15627114
RCN15904,SAMEA120052791,RCN15904_WGS,ERX15024192,ERR15627121
RCN15905,SAMEA120052792,RCN15905_WGS,ERX15024193,ERR15627122
RCN15942,SAMEA120052808,RCN15942_WGS,ERX15024209,ERR15627138
RCN15352,SAMEA120052675,RCN15352_WGS,ERX15024076,ERR15627005
RCN15362,SAMEA120052684,RCN15362_WGS,ERX15024085,ERR15627014
RCN15377,SAMEA120052698,RCN15377_WGS,ERX15024099,ERR15627028
RCN15381,SAMEA120052702,RCN15381_WGS,ERX15024103,ERR15627032
RCN15887,SAMEA120052781,RCN15887_WGS,ERX15024182,ERR15627111
RCN15888,SAMEA120052782,RCN15888_WGS,ERX15024183,ERR15627112
RCN15357,SAMEA120052680,RCN15357_WGS,ERX15024081,ERR15627010
RCN15358,SAMEA120052681,RCN15358_WGS,ERX15024082,ERR15627011
RCN15861,SAMEA120052772,RCN15861_WGS,ERX15024173,ERR15627102
RCN15877,SAMEA120052776,RCN15877_WGS,ERX15024177,ERR15627106
RCN15913,SAMEA120052796,RCN15913_WGS,ERX15024197,ERR15627126
RCN15350,SAMEA120052673,RCN15350_WGS,ERX15024074,ERR15627003
RCN15373,SAMEA120052694,RCN15373_WGS,ERX15024095,ERR15627024
RCN15376,SAMEA120052697,RCN15376_WGS,ERX15024098,ERR15627027
RCN15903,SAMEA120052790,RCN15903_WGS,ERX15024191,ERR15627120
RCN15908,SAMEA120052793,RCN15908_WGS,ERX15024194,ERR15627123
RCN15930,SAMEA120052803,RCN15930_WGS,ERX15024204,ERR15627133
RCN15937,SAMEA120052807,RCN15937_WGS,ERX15024208,ERR15627137
RCN15356,SAMEA120052679,RCN15356_WGS,ERX15024080,ERR15627009
RCN15353,SAMEA120052676,RCN15353_WGS,ERX15024077,ERR15627006
RCN15371,SAMEA120052692,RCN15371_WGS,ERX15024093,ERR15627022
RCN15885,SAMEA120052779,RCN15885_WGS,ERX15024180,ERR15627109
RCN15894,SAMEA120052785,RCN15894_WGS,ERX15024186,ERR15627115
RCN15895,SAMEA120052786,RCN15895_WGS,ERX15024187,ERR15627116
RCN15897,SAMEA120052788,RCN15897_WGS,ERX15024189,ERR15627118
RCN15911,SAMEA120052794,RCN15911_WGS,ERX15024195,ERR15627124
RCN15927,SAMEA120052801,RCN15927_WGS,ERX15024202,ERR15627131
RCN15932,SAMEA120052804,RCN15932_WGS,ERX15024205,ERR15627134
RCN15354,SAMEA120052677,RCN15354_WGS,ERX15024078,ERR15627007
RCN15387,SAMEA120052706,RCN15387_WGS,ERX15024107,ERR15627036
RCN15845,SAMEA120052769,RCN15845_WGS,ERX15024170,ERR15627099
RCN15912,SAMEA120052795,RCN15912_WGS,ERX15024196,ERR15627125
RCN15934,SAMEA120052805,RCN15934_WGS,ERX15024206,ERR15627135
RCN15936,SAMEA120052806,RCN15936_WGS,ERX15024207,ERR15627136
RCN15944,SAMEA120052810,RCN15944_WGS,ERX15024211,ERR15627140
RCN15351,SAMEA120052674,RCN15351_WGS,ERX15024075,ERR15627004
RCN15355,SAMEA120052678,RCN15355_WGS,ERX15024079,ERR15627008
RCN15366,SAMEA120052688,RCN15366_WGS,ERX15024089,ERR15627018
RCN15372,SAMEA120052693,RCN15372_WGS,ERX15024094,ERR15627023
RCN15829,SAMEA120052766,RCN15829_WGS,ERX15024167,ERR15627096
RCN15382,SAMEA120052703,RCN15382_WGS,ERX15024104,ERR15627033
RCN15869,SAMEA120052773,RCN15869_WGS,ERX15024174,ERR15627103
RCN15928,SAMEA120052802,RCN15928_WGS,ERX15024203,ERR15627132
RCN15926,SAMEA120052800,RCN15926_WGS,ERX15024201,ERR15627130
RCN15946,SAMEA120052811,RCN15946_WGS,ERX15024212,ERR15627141
RCN15967,SAMEA120052820,RCN15967_WGS,ERX15024221,ERR15627150
RCN15979,SAMEA120052828,RCN15979_WGS,ERX15024229,ERR15627158
RCN15990,SAMEA120052836,RCN15990_WGS,ERX15024237,ERR15627166
RCN16006,SAMEA120052848,RCN16006_WGS,ERX15024249,ERR15627178
RCN16019,SAMEA120052855,RCN16019_WGS,ERX15024256,ERR15627185
RCN16045,SAMEA120052870,RCN16045_WGS,ERX15024271,ERR15627200
RCN16047,SAMEA120052872,RCN16047_WGS,ERX15024273,ERR15627202
RCN15968,SAMEA120052821,RCN15968_WGS,ERX15024222,ERR15627151
RCN15975,SAMEA120052826,RCN15975_WGS,ERX15024227,ERR15627156
RCN15983,SAMEA120052831,RCN15983_WGS,ERX15024232,ERR15627161
RCN15989,SAMEA120052835,RCN15989_WGS,ERX15024236,ERR15627165
RCN15991,SAMEA120052837,RCN15991_WGS,ERX15024238,ERR15627167
RCN15999,SAMEA120052843,RCN15999_WGS,ERX15024244,ERR15627173
RCN16049,SAMEA120052874,RCN16049_WGS,ERX15024275,ERR15627204
RCN16050,SAMEA120052875,RCN16050_WGS,ERX15024276,ERR15627205
RCN15950,SAMEA120052814,RCN15950_WGS,ERX15024215,ERR15627144
RCN16012,SAMEA120052852,RCN16012_WGS,ERX15024253,ERR15627182
RCN16015,SAMEA120052854,RCN16015_WGS,ERX15024255,ERR15627184
RCN16022,SAMEA120052858,RCN16022_WGS,ERX15024259,ERR15627188
RCN15949,SAMEA120052813,RCN15949_WGS,ERX15024214,ERR15627143
RCN16020,SAMEA120052856,RCN16020_WGS,ERX15024257,ERR15627186
RCN16042,SAMEA120052868,RCN16042_WGS,ERX15024269,ERR15627198
RCN15961,SAMEA120052818,RCN15961_WGS,ERX15024219,ERR15627148
RCN15978,SAMEA120052827,RCN15978_WGS,ERX15024228,ERR15627157
RCN15995,SAMEA120052839,RCN15995_WGS,ERX15024240,ERR15627169
RCN16004,SAMEA120052846,RCN16004_WGS,ERX15024247,ERR15627176
RCN16005,SAMEA120052847,RCN16005_WGS,ERX15024248,ERR15627177
RCN16014,SAMEA120052853,RCN16014_WGS,ERX15024254,ERR15627183
RCN16023,SAMEA120052859,RCN16023_WGS,ERX15024260,ERR15627189
RCN16027,SAMEA120052861,RCN16027_WGS,ERX15024262,ERR15627191
RCN15958,SAMEA120052815,RCN15958_WGS,ERX15024216,ERR15627145
RCN15980,SAMEA120052829,RCN15980_WGS,ERX15024230,ERR15627159
RCN15988,SAMEA120052834,RCN15988_WGS,ERX15024235,ERR15627164
RCN15997,SAMEA120052841,RCN15997_WGS,ERX15024242,ERR15627171
RCN15966,SAMEA120052819,RCN15966_WGS,ERX15024220,ERR15627149
RCN15987,SAMEA120052833,RCN15987_WGS,ERX15024234,ERR15627163
RCN16011,SAMEA120052851,RCN16011_WGS,ERX15024252,ERR15627181
RCN16026,SAMEA120052860,RCN16026_WGS,ERX15024261,ERR15627190
RCN16043,SAMEA120052869,RCN16043_WGS,ERX15024270,ERR15627199
RCN15982,SAMEA120052830,RCN15982_WGS,ERX15024231,ERR15627160
RCN16046,SAMEA120052871,RCN16046_WGS,ERX15024272,ERR15627201
RCN16036,SAMEA120052864,RCN16036_WGS,ERX15024265,ERR15627194
RCN16029,SAMEA120052862,RCN16029_WGS,ERX15024263,ERR15627192
RCN18488,SAMEA120052942,RCN18488_WGS,ERX15024343,ERR15627272
RCN18489,SAMEA120052943,RCN18489_WGS,ERX15024344,ERR15627273
RCN18496,SAMEA120052948,RCN18496_WGS,ERX15024348,ERR15627277
RCN18560,SAMEA120052985,RCN18560_WGS,ERX15024386,ERR15627315
RCN18470,SAMEA120052927,RCN18470_WGS,ERX15024328,ERR15627257
RCN18493,SAMEA120052945,RCN18493_WGS,ERX15024346,ERR15627275
RCN18513,SAMEA120052960,RCN18513_WGS,ERX15024361,ERR15627290
RCN18550,SAMEA120052981,RCN18550_WGS,ERX15024382,ERR15627311
RCN18485,SAMEA120052940,RCN18485_WGS,ERX15024340,ERR15627269
RCN18494,SAMEA120052946,RCN18494_WGS,ERX15024347,ERR15627276
RCN18500,SAMEA120052950,RCN18500_WGS,ERX15024351,ERR15627280
RCN18503,SAMEA120052952,RCN18503_WGS,ERX15024353,ERR15627282
RCN18512,SAMEA120052959,RCN18512_WGS,ERX15024360,ERR15627289
RCN18519,SAMEA120052963,RCN18519_WGS,ERX15024364,ERR15627293
RCN18534,SAMEA120052973,RCN18534_WGS,ERX15024374,ERR15627303
RCN18540,SAMEA120052975,RCN18540_WGS,ERX15024376,ERR15627305
RCN18543,SAMEA120052977,RCN18543_WGS,ERX15024378,ERR15627307
RCN18504,SAMEA120052953,RCN18504_WGS,ERX15024354,ERR15627283
RCN18511,SAMEA120052958,RCN18511_WGS,ERX15024359,ERR15627288
RCN18518,SAMEA120052962,RCN18518_WGS,ERX15024363,ERR15627292
RCN18536,SAMEA120052974,RCN18536_WGS,ERX15024375,ERR15627304
RCN18542,SAMEA120052976,RCN18542_WGS,ERX15024377,ERR15627306
RCN18551,SAMEA120052982,RCN18551_WGS,ERX15024383,ERR15627312
RCN18549,SAMEA120052980,RCN18549_WGS,ERX15024381,ERR15627310
RCN18631,SAMEA120053025,RCN18631_WGS,ERX15024426,ERR15627355
RCN18586,SAMEA120052998,RCN18586_WGS,ERX15024399,ERR15627328
RCN18587,SAMEA120052999,RCN18587_WGS,ERX15024400,ERR15627329
RCN18591,SAMEA120053003,RCN18591_WGS,ERX15024404,ERR15627333
RCN18594,SAMEA120053005,RCN18594_WGS,ERX15024406,ERR15627335
RCN18622,SAMEA120053020,RCN18622_WGS,ERX15024421,ERR15627350
RCN18627,SAMEA120053022,RCN18627_WGS,ERX15024423,ERR15627352
RCN18633,SAMEA120053026,RCN18633_WGS,ERX15024427,ERR15627356
RCN18638,SAMEA120053031,RCN18638_WGS,ERX15024432,ERR15627361
RCN18647,SAMEA120053036,RCN18647_WGS,ERX15024437,ERR15627366
RCN18654,SAMEA120053039,RCN18654_WGS,ERX15024440,ERR15627369
RCN18660,SAMEA120053043,RCN18660_WGS,ERX15024444,ERR15627373
RCN18603,SAMEA120053006,RCN18603_WGS,ERX15024407,ERR15627336
RCN18664,SAMEA120053045,RCN18664_WGS,ERX15024446,ERR15627375
RCN18672,SAMEA120053052,RCN18672_WGS,ERX15024453,ERR15627382
RCN18675,SAMEA120053054,RCN18675_WGS,ERX15024455,ERR15627384
RCN18593,SAMEA120053004,RCN18593_WGS,ERX15024405,ERR15627334
RCN18667,SAMEA120053048,RCN18667_WGS,ERX15024449,ERR15627378
RCN18565,SAMEA120052987,RCN18565_WGS,ERX15024388,ERR15627317
RCN18581,SAMEA120052995,RCN18581_WGS,ERX15024396,ERR15627325
RCN18589,SAMEA120053001,RCN18589_WGS,ERX15024402,ERR15627331
RCN18607,SAMEA120053009,RCN18607_WGS,ERX15024410,ERR15627339
RCN18630,SAMEA120053024,RCN18630_WGS,ERX15024425,ERR15627354
RCN18634,SAMEA120053027,RCN18634_WGS,ERX15024428,ERR15627357
RCN18644,SAMEA120053034,RCN18644_WGS,ERX15024434,ERR15627363
RCN18651,SAMEA120053038,RCN18651_WGS,ERX15024439,ERR15627368
RCN18671,SAMEA120053051,RCN18671_WGS,ERX15024452,ERR15627381
RCN18590,SAMEA120053002,RCN18590_WGS,ERX15024403,ERR15627332
RCN18611,SAMEA120053011,RCN18611_WGS,ERX15024412,ERR15627341
RCN18655,SAMEA120053040,RCN18655_WGS,ERX15024441,ERR15627370
RCN18659,SAMEA120053042,RCN18659_WGS,ERX15024443,ERR15627372
RCN18665,SAMEA120053046,RCN18665_WGS,ERX15024447,ERR15627376
RCN18673,SAMEA120053053,RCN18673_WGS,ERX15024454,ERR15627383
RCN18612,SAMEA120053012,RCN18612_WGS,ERX15024413,ERR15627342
RCN18614,SAMEA120053014,RCN18614_WGS,ERX15024415,ERR15627344
RCN18618,SAMEA120053016,RCN18618_WGS,ERX15024417,ERR15627346
RCN18635,SAMEA120053028,RCN18635_WGS,ERX15024429,ERR15627358
RCN18639,SAMEA120053032,RCN18639_WGS,ERX15024433,ERR15627362
RCN18669,SAMEA120053050,RCN18669_WGS,ERX15024451,ERR15627380
RCN18572,SAMEA120052990,RCN18572_WGS,ERX15024391,ERR15627320
RCN18621,SAMEA120053019,RCN18621_WGS,ERX15024420,ERR15627349
RCN18636,SAMEA120053029,RCN18636_WGS,ERX15024430,ERR15627359
RCN18637,SAMEA120053030,RCN18637_WGS,ERX15024431,ERR15627360
RCN18641,SAMEA120053033,RCN18641_WGS,ERX15024435,ERR15627364
RCN18646,SAMEA120053035,RCN18646_WGS,ERX15024436,ERR15627365
RCN18575,SAMEA120052993,RCN18575_WGS,ERX15024394,ERR15627323
RCN18613,SAMEA120053013,RCN18613_WGS,ERX15024414,ERR15627343
RCN18658,SAMEA120053041,RCN18658_WGS,ERX15024442,ERR15627371
RCN18588,SAMEA120053000,RCN18588_WGS,ERX15024401,ERR15627330
RCN18615,SAMEA120053015,RCN18615_WGS,ERX15024416,ERR15627345
RCN18692,SAMEA120053068,RCN18692_WGS,ERX15024469,ERR15627398
RCN18705,SAMEA120053078,RCN18705_WGS,ERX15024479,ERR15627408
RCN18713,SAMEA120053084,RCN18713_WGS,ERX15024485,ERR15627414
RCN18737,SAMEA120053105,RCN18737_WGS,ERX15024506,ERR15627435
RCN18738,SAMEA120053106,RCN18738_WGS,ERX15024507,ERR15627436
RCN18685,SAMEA120053062,RCN18685_WGS,ERX15024463,ERR15627392
RCN18696,SAMEA120053071,RCN18696_WGS,ERX15024472,ERR15627401
RCN18700,SAMEA120053075,RCN18700_WGS,ERX15024476,ERR15627405
RCN18706,SAMEA120053079,RCN18706_WGS,ERX15024480,ERR15627409
RCN18709,SAMEA120053082,RCN18709_WGS,ERX15024483,ERR15627412
RCN18720,SAMEA120053091,RCN18720_WGS,ERX15024492,ERR15627421
RCN18729,SAMEA120053097,RCN18729_WGS,ERX15024498,ERR15627427
RCN18691,SAMEA120053067,RCN18691_WGS,ERX15024468,ERR15627397
RCN18736,SAMEA120053104,RCN18736_WGS,ERX15024505,ERR15627434
RCN18684,SAMEA120053061,RCN18684_WGS,ERX15024462,ERR15627391
RCN18693,SAMEA120053069,RCN18693_WGS,ERX15024470,ERR15627399
RCN18698,SAMEA120053073,RCN18698_WGS,ERX15024474,ERR15627403
RCN18725,SAMEA120053095,RCN18725_WGS,ERX15024496,ERR15627425
RCN18739,SAMEA120053107,RCN18739_WGS,ERX15024508,ERR15627437
RCN18740,SAMEA120053108,RCN18740_WGS,ERX15024509,ERR15627438
RCN18676,SAMEA120053055,RCN18676_WGS,ERX15024456,ERR15627385
RCN18688,SAMEA120053064,RCN18688_WGS,ERX15024465,ERR15627394
RCN18689,SAMEA120053065,RCN18689_WGS,ERX15024466,ERR15627395
RCN18704,SAMEA120053077,RCN18704_WGS,ERX15024478,ERR15627407
RCN18707,SAMEA120053080,RCN18707_WGS,ERX15024481,ERR15627410
RCN18680,SAMEA120053057,RCN18680_WGS,ERX15024458,ERR15627387
RCN18681,SAMEA120053058,RCN18681_WGS,ERX15024459,ERR15627388
RCN18682,SAMEA120053059,RCN18682_WGS,ERX15024460,ERR15627389
RCN18683,SAMEA120053060,RCN18683_WGS,ERX15024461,ERR15627390
RCN18699,SAMEA120053074,RCN18699_WGS,ERX15024475,ERR15627404
RCN18708,SAMEA120053081,RCN18708_WGS,ERX15024482,ERR15627411
RCN18724,SAMEA120053094,RCN18724_WGS,ERX15024495,ERR15627424
RCN18731,SAMEA120053099,RCN18731_WGS,ERX15024500,ERR15627429
RCN18734,SAMEA120053102,RCN18734_WGS,ERX15024503,ERR15627432
RCN18745,SAMEA120053112,RCN18745_WGS,ERX15024513,ERR15627442
RCN18697,SAMEA120053072,RCN18697_WGS,ERX15024473,ERR15627402
RCN18714,SAMEA120053085,RCN18714_WGS,ERX15024486,ERR15627415
RCN18715,SAMEA120053086,RCN18715_WGS,ERX15024487,ERR15627416
RCN18718,SAMEA120053089,RCN18718_WGS,ERX15024490,ERR15627419
RCN18723,SAMEA120053093,RCN18723_WGS,ERX15024494,ERR15627423
RCN18728,SAMEA120053096,RCN18728_WGS,ERX15024497,ERR15627426
RCN18730,SAMEA120053098,RCN18730_WGS,ERX15024499,ERR15627428
RCN18735,SAMEA120053103,RCN18735_WGS,ERX15024504,ERR15627433
RCN18744,SAMEA120053111,RCN18744_WGS,ERX15024512,ERR15627441
RCN18695,SAMEA120053070,RCN18695_WGS,ERX15024471,ERR15627400
RCN18717,SAMEA120053088,RCN18717_WGS,ERX15024489,ERR15627418
RCN18677,SAMEA120053056,RCN18677_WGS,ERX15024457,ERR15627386
RCN18732,SAMEA120053100,RCN18732_WGS,ERX15024501,ERR15627430
RCN18741,SAMEA120053109,RCN18741_WGS,ERX15024510,ERR15627439
RCN24787,SAMEA120053676,RCN24787_WGS,ERX15025077,ERR15628006
RCN24794,SAMEA120053683,RCN24794_WGS,ERX15025084,ERR15628013
RCN24802,SAMEA120053691,RCN24802_WGS,ERX15025092,ERR15628021
RCN24790,SAMEA120053679,RCN24790_WGS,ERX15025080,ERR15628009
RCN24800,SAMEA120053689,RCN24800_WGS,ERX15025090,ERR15628019
RCN24803,SAMEA120053692,RCN24803_WGS,ERX15025093,ERR15628022
RCN24808,SAMEA120053697,RCN24808_WGS,ERX15025098,ERR15628027
RCN24801,SAMEA120053690,RCN24801_WGS,ERX15025091,ERR15628020
RCN18749,SAMEA120053116,RCN18749_WGS,ERX15024517,ERR15627446
RCN24806,SAMEA120053695,RCN24806_WGS,ERX15025096,ERR15628025
RCN24792,SAMEA120053681,RCN24792_WGS,ERX15025082,ERR15628011
RCN24789,SAMEA120053678,RCN24789_WGS,ERX15025079,ERR15628008
RCN24795,SAMEA120053684,RCN24795_WGS,ERX15025085,ERR15628014
RCN24807,SAMEA120053696,RCN24807_WGS,ERX15025097,ERR15628026
RCN24809,SAMEA120053698,RCN24809_WGS,ERX15025099,ERR15628028
RCN18748,SAMEA120053115,RCN18748_WGS,ERX15024516,ERR15627445
RCN24791,SAMEA120053680,RCN24791_WGS,ERX15025081,ERR15628010
RCN24793,SAMEA120053682,RCN24793_WGS,ERX15025083,ERR15628012
RCN24796,SAMEA120053685,RCN24796_WGS,ERX15025086,ERR15628015
RCN24797,SAMEA120053686,RCN24797_WGS,ERX15025087,ERR15628016
RCN24788,SAMEA120053677,RCN24788_WGS,ERX15025078,ERR15628007
RCN24798,SAMEA120053687,RCN24798_WGS,ERX15025088,ERR15628017
RCN24799,SAMEA120053688,RCN24799_WGS,ERX15025089,ERR15628018
RCN24804,SAMEA120053693,RCN24804_WGS,ERX15025094,ERR15628023
RCN24816,SAMEA120053705,RCN24816_WGS,ERX15025106,ERR15628035
RCN24832,SAMEA120053721,RCN24832_WGS,ERX15025122,ERR15628051
RCN24857,SAMEA120053743,RCN24857_WGS,ERX15025144,ERR15628073
RCN24877,SAMEA120053762,RCN24877_WGS,ERX15025163,ERR15628092
RCN24884,SAMEA120053768,RCN24884_WGS,ERX15025169,ERR15628098
RCN24810,SAMEA120053699,RCN24810_WGS,ERX15025100,ERR15628029
RCN24812,SAMEA120053701,RCN24812_WGS,ERX15025102,ERR15628031
RCN24818,SAMEA120053707,RCN24818_WGS,ERX15025108,ERR15628037
RCN24862,SAMEA120053747,RCN24862_WGS,ERX15025148,ERR15628077
RCN24870,SAMEA120053755,RCN24870_WGS,ERX15025156,ERR15628085
RCN24871,SAMEA120053756,RCN24871_WGS,ERX15025157,ERR15628086
RCN24885,SAMEA120053769,RCN24885_WGS,ERX15025170,ERR15628099
RCN24889,SAMEA120053773,RCN24889_WGS,ERX15025174,ERR15628103
RCN24825,SAMEA120053714,RCN24825_WGS,ERX15025115,ERR15628044
RCN24834,SAMEA120053723,RCN24834_WGS,ERX15025124,ERR15628053
RCN24853,SAMEA120053739,RCN24853_WGS,ERX15025140,ERR15628069
RCN24811,SAMEA120053700,RCN24811_WGS,ERX15025101,ERR15628030
RCN24821,SAMEA120053710,RCN24821_WGS,ERX15025111,ERR15628040
RCN24851,SAMEA120053738,RCN24851_WGS,ERX15025139,ERR15628068
RCN24815,SAMEA120053704,RCN24815_WGS,ERX15025105,ERR15628034
RCN24824,SAMEA120053713,RCN24824_WGS,ERX15025114,ERR15628043
RCN24831,SAMEA120053720,RCN24831_WGS,ERX15025121,ERR15628050
RCN24842,SAMEA120053731,RCN24842_WGS,ERX15025132,ERR15628061
RCN24859,SAMEA120053744,RCN24859_WGS,ERX15025145,ERR15628074
RCN24867,SAMEA120053752,RCN24867_WGS,ERX15025153,ERR15628082
RCN24883,SAMEA120053767,RCN24883_WGS,ERX15025168,ERR15628097
RCN24819,SAMEA120053708,RCN24819_WGS,ERX15025109,ERR15628038
RCN24827,SAMEA120053716,RCN24827_WGS,ERX15025117,ERR15628046
RCN24833,SAMEA120053722,RCN24833_WGS,ERX15025123,ERR15628052
RCN24814,SAMEA120053703,RCN24814_WGS,ERX15025104,ERR15628033
RCN24828,SAMEA120053717,RCN24828_WGS,ERX15025118,ERR15628047
RCN24829,SAMEA120053718,RCN24829_WGS,ERX15025119,ERR15628048
RCN24838,SAMEA120053727,RCN24838_WGS,ERX15025128,ERR15628057
RCN24839,SAMEA120053728,RCN24839_WGS,ERX15025129,ERR15628058
RCN24860,SAMEA120053745,RCN24860_WGS,ERX15025146,ERR15628075
RCN24874,SAMEA120053759,RCN24874_WGS,ERX15025160,ERR15628089
RCN24878,SAMEA120053763,RCN24878_WGS,ERX15025164,ERR15628093
RCN24894,SAMEA120053778,RCN24894_WGS,ERX15025179,ERR15628108
RCN24822,SAMEA120053711,RCN24822_WGS,ERX15025112,ERR15628041
RCN24840,SAMEA120053729,RCN24840_WGS,ERX15025130,ERR15628059
RCN24864,SAMEA120053749,RCN24864_WGS,ERX15025150,ERR15628079
RCN24890,SAMEA120053774,RCN24890_WGS,ERX15025175,ERR15628104
RCN24892,SAMEA120053776,RCN24892_WGS,ERX15025177,ERR15628106
RCN24813,SAMEA120053702,RCN24813_WGS,ERX15025103,ERR15628032
RCN24817,SAMEA120053706,RCN24817_WGS,ERX15025107,ERR15628036
RCN24856,SAMEA120053742,RCN24856_WGS,ERX15025143,ERR15628072
RCN24888,SAMEA120053772,RCN24888_WGS,ERX15025173,ERR15628102
RCN24873,SAMEA120053758,RCN24873_WGS,ERX15025159,ERR15628088
RCN24823,SAMEA120053712,RCN24823_WGS,ERX15025113,ERR15628042
RCN24904,SAMEA120053786,RCN24904_WGS,ERX15025187,ERR15628116
RCN24906,SAMEA120053788,RCN24906_WGS,ERX15025189,ERR15628118
RCN24907,SAMEA120053789,RCN24907_WGS,ERX15025190,ERR15628119
RCN24912,SAMEA120053794,RCN24912_WGS,ERX15025195,ERR15628124
RCN24917,SAMEA120053799,RCN24917_WGS,ERX15025200,ERR15628129
RCN24927,SAMEA120053809,RCN24927_WGS,ERX15025210,ERR15628139
RCN24931,SAMEA120053813,RCN24931_WGS,ERX15025214,ERR15628143
RCN24947,SAMEA120053829,RCN24947_WGS,ERX15025230,ERR15628159
RCN24896,SAMEA120053780,RCN24896_WGS,ERX15025181,ERR15628110
RCN24916,SAMEA120053798,RCN24916_WGS,ERX15025199,ERR15628128
RCN24922,SAMEA120053804,RCN24922_WGS,ERX15025205,ERR15628134
RCN24925,SAMEA120053807,RCN24925_WGS,ERX15025208,ERR15628137
RCN24934,SAMEA120053816,RCN24934_WGS,ERX15025217,ERR15628146
RCN24944,SAMEA120053826,RCN24944_WGS,ERX15025227,ERR15628156
RCN24910,SAMEA120053792,RCN24910_WGS,ERX15025193,ERR15628122
RCN24935,SAMEA120053817,RCN24935_WGS,ERX15025218,ERR15628147
RCN24936,SAMEA120053818,RCN24936_WGS,ERX15025219,ERR15628148
RCN24959,SAMEA120053841,RCN24959_WGS,ERX15025242,ERR15628171
RCN24909,SAMEA120053791,RCN24909_WGS,ERX15025192,ERR15628121
RCN24913,SAMEA120053795,RCN24913_WGS,ERX15025196,ERR15628125
RCN24898,SAMEA120053782,RCN24898_WGS,ERX15025183,ERR15628112
RCN24918,SAMEA120053800,RCN24918_WGS,ERX15025201,ERR15628130
RCN24930,SAMEA120053812,RCN24930_WGS,ERX15025213,ERR15628142
RCN24940,SAMEA120053822,RCN24940_WGS,ERX15025223,ERR15628152
RCN24953,SAMEA120053835,RCN24953_WGS,ERX15025236,ERR15628165
RCN24900,SAMEA120053784,RCN24900_WGS,ERX15025185,ERR15628114
RCN24943,SAMEA120053825,RCN24943_WGS,ERX15025226,ERR15628155
RCN24946,SAMEA120053828,RCN24946_WGS,ERX15025229,ERR15628158
RCN24951,SAMEA120053833,RCN24951_WGS,ERX15025234,ERR15628163
RCN24954,SAMEA120053836,RCN24954_WGS,ERX15025237,ERR15628166
RCN24955,SAMEA120053837,RCN24955_WGS,ERX15025238,ERR15628167
RCN24960,SAMEA120053842,RCN24960_WGS,ERX15025243,ERR15628172
RCN24915,SAMEA120053797,RCN24915_WGS,ERX15025198,ERR15628127
RCN24928,SAMEA120053810,RCN24928_WGS,ERX15025211,ERR15628140
RCN24932,SAMEA120053814,RCN24932_WGS,ERX15025215,ERR15628144
RCN24933,SAMEA120053815,RCN24933_WGS,ERX15025216,ERR15628145
RCN24937,SAMEA120053819,RCN24937_WGS,ERX15025220,ERR15628149
RCN24938,SAMEA120053820,RCN24938_WGS,ERX15025221,ERR15628150
RCN24941,SAMEA120053823,RCN24941_WGS,ERX15025224,ERR15628153
RCN24942,SAMEA120053824,RCN24942_WGS,ERX15025225,ERR15628154
RCN24945,SAMEA120053827,RCN24945_WGS,ERX15025228,ERR15628157
RCN24911,SAMEA120053793,RCN24911_WGS,ERX15025194,ERR15628123
RCN24923,SAMEA120053805,RCN24923_WGS,ERX15025206,ERR15628135
RCN24926,SAMEA120053808,RCN24926_WGS,ERX15025209,ERR15628138
RCN24939,SAMEA120053821,RCN24939_WGS,ERX15025222,ERR15628151
RCN24957,SAMEA120053839,RCN24957_WGS,ERX15025240,ERR15628169
RCN24963,SAMEA120053844,RCN24963_WGS,ERX15025245,ERR15628174
RCN24914,SAMEA120053796,RCN24914_WGS,ERX15025197,ERR15628126
RCN24961,SAMEA120053843,RCN24961_WGS,ERX15025244,ERR15628173
RCN24895,SAMEA120053779,RCN24895_WGS,ERX15025180,ERR15628109
RCN24988,SAMEA120053868,RCN24988_WGS,ERX15025269,ERR15628198
RCN24998,SAMEA120053876,RCN24998_WGS,ERX15025277,ERR15628206
RCN25016,SAMEA120053891,RCN25016_WGS,ERX15025292,ERR15628221
RCN25018,SAMEA120053893,RCN25018_WGS,ERX15025294,ERR15628223
RCN25019,SAMEA120053894,RCN25019_WGS,ERX15025295,ERR15628224
RCN24964,SAMEA120053845,RCN24964_WGS,ERX15025246,ERR15628175
RCN24968,SAMEA120053849,RCN24968_WGS,ERX15025250,ERR15628179
RCN24972,SAMEA120053853,RCN24972_WGS,ERX15025254,ERR15628183
RCN24974,SAMEA120053855,RCN24974_WGS,ERX15025256,ERR15628185
RCN24978,SAMEA120053858,RCN24978_WGS,ERX15025259,ERR15628188
RCN24981,SAMEA120053861,RCN24981_WGS,ERX15025262,ERR15628191
RCN24982,SAMEA120053862,RCN24982_WGS,ERX15025263,ERR15628192
RCN24987,SAMEA120053867,RCN24987_WGS,ERX15025268,ERR15628197
RCN25005,SAMEA120053880,RCN25005_WGS,ERX15025281,ERR15628210
RCN25026,SAMEA120053901,RCN25026_WGS,ERX15025302,ERR15628231
RCN24983,SAMEA120053863,RCN24983_WGS,ERX15025264,ERR15628193
RCN24994,SAMEA120053872,RCN24994_WGS,ERX15025273,ERR15628202
RCN25020,SAMEA120053895,RCN25020_WGS,ERX15025296,ERR15628225
RCN25025,SAMEA120053900,RCN25025_WGS,ERX15025301,ERR15628230
RCN24996,SAMEA120053874,RCN24996_WGS,ERX15025275,ERR15628204
RCN25011,SAMEA120053886,RCN25011_WGS,ERX15025287,ERR15628216
RCN25015,SAMEA120053890,RCN25015_WGS,ERX15025291,ERR15628220
RCN24965,SAMEA120053846,RCN24965_WGS,ERX15025247,ERR15628176
RCN24985,SAMEA120053865,RCN24985_WGS,ERX15025266,ERR15628195
RCN25006,SAMEA120053881,RCN25006_WGS,ERX15025282,ERR15628211
RCN25007,SAMEA120053882,RCN25007_WGS,ERX15025283,ERR15628212
RCN25023,SAMEA120053898,RCN25023_WGS,ERX15025299,ERR15628228
RCN25027,SAMEA120053902,RCN25027_WGS,ERX15025303,ERR15628232
RCN24971,SAMEA120053852,RCN24971_WGS,ERX15025253,ERR15628182
RCN24989,SAMEA120053869,RCN24989_WGS,ERX15025270,ERR15628199
RCN24997,SAMEA120053875,RCN24997_WGS,ERX15025276,ERR15628205
RCN25008,SAMEA120053883,RCN25008_WGS,ERX15025284,ERR15628213
RCN25021,SAMEA120053896,RCN25021_WGS,ERX15025297,ERR15628226
RCN25028,SAMEA120053903,RCN25028_WGS,ERX15025304,ERR15628233
RCN24966,SAMEA120053847,RCN24966_WGS,ERX15025248,ERR15628177
RCN24986,SAMEA120053866,RCN24986_WGS,ERX15025267,ERR15628196
RCN24991,SAMEA120053870,RCN24991_WGS,ERX15025271,ERR15628200
RCN24995,SAMEA120053873,RCN24995_WGS,ERX15025274,ERR15628203
RCN25012,SAMEA120053887,RCN25012_WGS,ERX15025288,ERR15628217
RCN25014,SAMEA120053889,RCN25014_WGS,ERX15025290,ERR15628219
RCN25017,SAMEA120053892,RCN25017_WGS,ERX15025293,ERR15628222
RCN25024,SAMEA120053899,RCN25024_WGS,ERX15025300,ERR15628229
RCN25000,SAMEA120053877,RCN25000_WGS,ERX15025278,ERR15628207
RCN25003,SAMEA120053878,RCN25003_WGS,ERX15025279,ERR15628208
RCN25013,SAMEA120053888,RCN25013_WGS,ERX15025289,ERR15628218
RCN25022,SAMEA120053897,RCN25022_WGS,ERX15025298,ERR15628227
RCN24967,SAMEA120053848,RCN24967_WGS,ERX15025249,ERR15628178
RCN25009,SAMEA120053884,RCN25009_WGS,ERX15025285,ERR15628214
RCN25010,SAMEA120053885,RCN25010_WGS,ERX15025286,ERR15628215
RCN25029,SAMEA120053904,RCN25029_WGS,ERX15025305,ERR15628234
RCN25084,SAMEA120053924,RCN25084_WGS,ERX15025325,ERR15628254
RCN25119,SAMEA120053944,RCN25119_WGS,ERX15025345,ERR15628274
RCN25137,SAMEA120053951,RCN25137_WGS,ERX15025352,ERR15628281
RCN25162,SAMEA120053961,RCN25162_WGS,ERX15025362,ERR15628291
RCN25068,SAMEA120053917,RCN25068_WGS,ERX15025318,ERR15628247
RCN25103,SAMEA120053936,RCN25103_WGS,ERX15025337,ERR15628266
RCN25145,SAMEA120053954,RCN25145_WGS,ERX15025355,ERR15628284
RCN25179,SAMEA120053967,RCN25179_WGS,ERX15025368,ERR15628297
RCN25251,SAMEA120054038,RCN25251_WGS,ERX15025439,ERR15628368
RCN25319,SAMEA120054106,RCN25319_WGS,ERX15025507,ERR15628436
RCN25937,SAMEA120054221,RCN25937_WGS,ERX15025622,ERR15628551
RCN25061,SAMEA120053912,RCN25061_WGS,ERX15025313,ERR15628242
RCN25093,SAMEA120053931,RCN25093_WGS,ERX15025332,ERR15628261
RCN25118,SAMEA120053943,RCN25118_WGS,ERX15025344,ERR15628273
RCN25178,SAMEA120053966,RCN25178_WGS,ERX15025367,ERR15628296
RCN25079,SAMEA120053920,RCN25079_WGS,ERX15025321,ERR15628250
RCN25085,SAMEA120053925,RCN25085_WGS,ERX15025326,ERR15628255
RCN25946,SAMEA120054229,RCN25946_WGS,ERX15025630,ERR15628559
RCN25099,SAMEA120053934,RCN25099_WGS,ERX15025335,ERR15628264
RCN25105,SAMEA120053938,RCN25105_WGS,ERX15025339,ERR15628268
RCN25935,SAMEA120054219,RCN25935_WGS,ERX15025620,ERR15628549
RCN25104,SAMEA120053937,RCN25104_WGS,ERX15025338,ERR15628267
RCN25120,SAMEA120053945,RCN25120_WGS,ERX15025346,ERR15628275
RCN25153,SAMEA120053957,RCN25153_WGS,ERX15025358,ERR15628287
RCN25170,SAMEA120053963,RCN25170_WGS,ERX15025364,ERR15628293
RCN25252,SAMEA120054039,RCN25252_WGS,ERX15025440,ERR15628369
RCN25957,SAMEA120054238,RCN25957_WGS,ERX15025639,ERR15628568
RCN26582,SAMEA120054340,RCN26582_WGS,ERX15025741,ERR15628670
RCN26624,SAMEA120054361,RCN26624_WGS,ERX15025762,ERR15628691
RCN25097,SAMEA120053933,RCN25097_WGS,ERX15025334,ERR15628263
RCN25107,SAMEA120053939,RCN25107_WGS,ERX15025340,ERR15628269
RCN25125,SAMEA120053947,RCN25125_WGS,ERX15025348,ERR15628277
RCN25130,SAMEA120053949,RCN25130_WGS,ERX15025350,ERR15628279
RCN25158,SAMEA120053960,RCN25158_WGS,ERX15025361,ERR15628290
RCN25177,SAMEA120053965,RCN25177_WGS,ERX15025366,ERR15628295
RCN25908,SAMEA120054197,RCN25908_WGS,ERX15025598,ERR15628527
RCN26637,SAMEA120054365,RCN26637_WGS,ERX15025766,ERR15628695
RCN25076,SAMEA120053919,RCN25076_WGS,ERX15025320,ERR15628249
RCN25081,SAMEA120053922,RCN25081_WGS,ERX15025323,ERR15628252
RCN25091,SAMEA120053930,RCN25091_WGS,ERX15025331,ERR15628260
RCN25143,SAMEA120053953,RCN25143_WGS,ERX15025354,ERR15628283
RCN25190,SAMEA120053977,RCN25190_WGS,ERX15025378,ERR15628307
RCN25942,SAMEA120054225,RCN25942_WGS,ERX15025626,ERR15628555
RCN25994,SAMEA120054264,RCN25994_WGS,ERX15025665,ERR15628594
RCN25083,SAMEA120053923,RCN25083_WGS,ERX15025324,ERR15628253
RCN25108,SAMEA120053940,RCN25108_WGS,ERX15025341,ERR15628270
RCN25958,SAMEA120054239,RCN25958_WGS,ERX15025640,ERR15628569
RCN25976,SAMEA120054256,RCN25976_WGS,ERX15025657,ERR15628586
RCN25983,SAMEA120054259,RCN25983_WGS,ERX15025660,ERR15628589
RCN25129,SAMEA120053948,RCN25129_WGS,ERX15025349,ERR15628278
RCN26736,SAMEA120054409,RCN26736_WGS,ERX15025810,ERR15628739
RCN26767,SAMEA120054422,RCN26767_WGS,ERX15025823,ERR15628752
RCN26646,SAMEA120054369,RCN26646_WGS,ERX15025770,ERR15628699
RCN26647,SAMEA120054370,RCN26647_WGS,ERX15025771,ERR15628700
RCN26663,SAMEA120054380,RCN26663_WGS,ERX15025781,ERR15628710
RCN26673,SAMEA120054387,RCN26673_WGS,ERX15025788,ERR15628717
RCN26664,SAMEA120054381,RCN26664_WGS,ERX15025782,ERR15628711
RCN26728,SAMEA120054404,RCN26728_WGS,ERX15025805,ERR15628734
RCN26820,SAMEA120054434,RCN26820_WGS,ERX15025835,ERR15628764
RCN26765,SAMEA120054420,RCN26765_WGS,ERX15025821,ERR15628750
RCN26932,SAMEA120054468,RCN26932_WGS,ERX15025869,ERR15628798
RCN26735,SAMEA120054408,RCN26735_WGS,ERX15025809,ERR15628738
RCN26775,SAMEA120054423,RCN26775_WGS,ERX15025824,ERR15628753
RCN26938,SAMEA120054472,RCN26938_WGS,ERX15025873,ERR15628802
RCN26677,SAMEA120054389,RCN26677_WGS,ERX15025790,ERR15628719
