sample,country,ampseq_process,core_mutation_dhfr_51,core_mutation_dhfr_59,core_mutation_dhfr_108,core_mutation_dhfr_164,core_mutation_crt_72,core_mutation_crt_74,core_mutation_crt_75,core_mutation_crt_76,core_mutation_crt_326,core_mutation_crt_356,core_mutation_dhps_436,core_mutation_dhps_437,core_mutation_dhps_540,core_mutation_dhps_581,core_mutation_dhps_613,core_mutation_mdr1_86,core_mutation_mdr1_184,core_mutation_mdr1_1246,core_mutation_mdr2_484,core_mutation_fd_193,core_mutation_arps10_127,core_mutation_kelch13
RCN12025,VN,AmpSeqV1,I,R,N,L,C,I,E,T,S,T,S,G,N,G,A,N,F,D,I,Y,M,C580Y
RCN12026,VN,AmpSeqV1,I,R,N,L,C,I,E,T,S,T,S,G,N,G,A,N,F,D,I,Y,M,C580Y
RCN12028,VN,AmpSeqV1,I,R,N,L,C,I,E,T,S,T,S,G,N,G,A,N,F,D,I,Y,M,C580Y
RCN12031,VN,AmpSeqV1,I,R,N,L,C,I,E,T,S,T,S,G,N,G,A,N,F,D,I,Y,M,C580Y
RCN12032,VN,AmpSeqV1,I,R,N,I,C,I,E,T,S,T,A,G,E,A,A,N,Y,D,I,Y,M,C580Y
RCN12033,VN,AmpSeqV1,I,R,N,I,C,I,E,T,S,T,S,G,N,G,A,N,F,D,T,Y,M,C580Y
RCN12035,VN,AmpSeqV1,I,R,N,L,C,I,E,T,S,T,S,G,N,G,A,N,F,D,I,Y,M,C580Y
RCN12036,VN,AmpSeqV1,I,R,N,L,C,I,E,T,S,T,S,G,N,G,A,N,F,D,I,Y,M,C580Y
RCN12040,VN,AmpSeqV1,I,R,N,L,C,I,E,T,S,T,S,G,N,G,A,N,F,D,I,Y,M,C580Y
RCN12041,VN,AmpSeqV1,I,R,N,L,C,I,E,T,S,T,S,G,N,G,A,N,F,D,I,Y,M,C580Y
RCN12043,VN,AmpSeqV1,I,R,N,I,C,I,E,T,S,T,S,G,N,G,A,N,F,D,T,Y,M,C580Y
RCN12044,VN,AmpSeqV1,I,R,N,I,C,I,E,T,S,T,S,G,N,G,A,N,F,D,T,Y,M,C580Y
RCN12051,VN,AmpSeqV1,I,R,N,I,C,I,E,T,S,T,S,G,Y,A,A,N,Y,D,I,D,M,WT
RCN12058,VN,AmpSeqV1,I,R,N,L,C,I,E,T,S,T,S,G,N,G,A,N,F,D,I,Y,M,C580Y
RCN12059,VN,AmpSeqV1,I,R,N,L,C,I,E,T,S,T,S,G,N,G,A,N,F,D,I,Y,M,C580Y
RCN12060,VN,AmpSeqV1,N,R,N,I,C,I,D,T,N,I,S,G,K,A,A,N,Y,D,T,D,V,WT
RCN12070,VN,AmpSeqV1,I,R,N,I,C,I,E,T,S,T,S,G,E,A,A,N,Y,D,I,D,V,WT
RCN12071,VN,AmpSeqV1,I,R,N,L,C,I,E,T,S,T,S,G,N,G,A,N,F,D,I,Y,M,C580Y
RCN12072,VN,AmpSeqV1,I,R,N,L,C,I,E,T,S,T,S,G,N,G,A,N,F,D,I,Y,M,C580Y
RCN12075,VN,AmpSeqV1,I,R,N,I,C,I,E,T,S,T,A,G,K,A,A,N,F,D,I,Y,M,WT
RCN12076,VN,AmpSeqV1,N,R,N,I,C,I,D,T,N,I,S,G,K,A,A,N,Y,D,T,D,V,WT
RCN12080,VN,AmpSeqV1,I,R,N,I,C,I,E,T,S,T,A,G,K,A,A,N,F,D,I,Y,M,WT
RCN12082,VN,AmpSeqV1,N,R,N,I,C,I,D,T,N,I,S,G,K,A,A,N,Y,D,T,D,V,WT
RCN12083,VN,AmpSeqV1,I,R,N,L,C,I,E,T,S,T,S,G,N,G,A,N,F,D,I,Y,M,C580Y
RCN12084,VN,AmpSeqV1,I,R,N,L,C,I,E,T,S,T,S,G,N,G,A,N,F,D,I,Y,M,C580Y
RCN12100,VN,AmpSeqV1,I,R,N,L,C,I,E,T,S,T,S,G,N,G,A,N,F,D,I,Y,M,C580Y
RCN12103,VN,AmpSeqV1,I,R,N,L,C,I,E,T,S,T,S,G,N,G,A,N,F,D,I,Y,M,C580Y
RCN12111,VN,AmpSeqV1,I,R,N,L,C,I,E,T,S,T,S,G,N,G,A,N,F,D,I,Y,M,C580Y
RCN12112,VN,AmpSeqV1,I,R,N,L,C,I,E,T,S,T,S,G,N,G,A,N,F,D,I,Y,M,C580Y
RCN12115,VN,AmpSeqV1,I,R,N,L,C,I,E,T,S,T,S,G,N,G,A,N,F,D,I,Y,M,C580Y
RCN12116,VN,AmpSeqV1,I,R,N,L,C,I,E,T,S,T,S,G,N,G,A,N,F,D,I,Y,M,C580Y
RCN12676,VN,AmpSeqV2,I,R,N,L,C,I,E,T,S,T,S,G,N,G,A,N,F,D,I,Y,M,C580Y
RCN12688,VN,AmpSeqV2,I,R,N,I,C,I,D,T,N,I,S,G,E,A,A,N,Y,D,I,D,M,WT
RCN12689,VN,AmpSeqV2,I,R,N,I,C,I,D,T,N,I,S,G,E,A,A,N,Y,D,I,D,M,WT
RCN12693,VN,AmpSeqV2,I,R,N,I,C,I,D,T,N,I,S,G,E,A,A,N,Y,D,I,D,M,WT
RCN12694,VN,AmpSeqV2,I,R,N,I,C,I,D,T,N,I,S,G,E,A,A,N,Y,D,I,D,M,WT
RCN12696,VN,AmpSeqV2,I,R,N,I,C,I,D,T,N,I,S,G,E,A,A,N,Y,D,I,D,M,WT
RCN12698,VN,AmpSeqV2,I,R,N,I,C,I,D,T,N,I,S,G,E,A,A,N,Y,D,I,D,M,WT
RCN12700,VN,AmpSeqV2,I,R,N,I,C,I,D,T,N,I,S,G,E,A,A,N,Y,D,I,D,M,WT
RCN12704,VN,AmpSeqV2,I,R,N,I,C,I,D,T,N,I,S,G,E,A,A,N,Y,D,I,D,M,WT
RCN12710,VN,AmpSeqV2,I,R,N,I,C,I,E,T,S,T,A,G,K,A,A,N,Y,D,I,D,M,C580Y
RCN12712,VN,AmpSeqV2,I,R,N,L,C,I,E,T,S,T,S,G,N,G,A,N,F,D,I,Y,M,C580Y
RCN12716,VN,AmpSeqV2,I,R,N,I,C,I,E,T,S,T,S,G,N,G,A,N,F,D,T,Y,M,C580Y
RCN12720,VN,AmpSeqV2,I,R,N,L,C,I,E,T,S,T,S,G,N,G,A,N,F,D,I,Y,M,C580Y
RCN12722,VN,AmpSeqV2,I,R,N,L,C,I,E,T,S,T,S,G,N,G,A,N,F,D,I,Y,M,C580Y
RCN12725,VN,AmpSeqV2,I,R,N,I,C,I,E,T,S,T,S,G,N,G,A,N,F,D,T,Y,M,C580Y
RCN12726,VN,AmpSeqV2,I,R,N,L,C,I,E,T,S,T,S,G,N,G,A,N,F,D,I,Y,M,C580Y
RCN12732,VN,AmpSeqV2,I,R,N,L,C,I,E,T,S,T,S,G,N,G,A,N,F,D,I,Y,M,C580Y
RCN12733,VN,AmpSeqV2,I,R,N,L,C,I,E,T,S,T,S,G,N,G,A,N,F,D,I,Y,M,C580Y
RCN12734,VN,AmpSeqV2,I,R,N,L,C,I,E,T,S,T,S,G,N,G,A,N,F,D,I,Y,M,C580Y
RCN12736,VN,AmpSeqV2,I,R,N,L,C,I,E,T,S,T,S,G,N,G,A,N,F,D,I,Y,M,C580Y
RCN12737,VN,AmpSeqV2,I,R,N,L,C,I,E,T,S,T,S,G,N,G,A,N,F,D,I,Y,M,C580Y
RCN12738,VN,AmpSeqV2,I,R,N,L,C,I,E,T,S,T,S,G,N,G,A,N,F,D,I,Y,M,C580Y
RCN12740,VN,AmpSeqV2,I,R,N,L,C,I,E,T,S,T,S,G,N,G,A,N,F,D,I,Y,M,C580Y
RCN12741,VN,AmpSeqV2,I,R,N,L,C,I,E,T,S,T,S,G,N,G,A,N,F,D,I,Y,M,C580Y
RCN12742,VN,AmpSeqV2,I,R,N,L,C,I,E,T,S,T,S,G,N,G,A,N,F,D,I,Y,M,C580Y
RCN12744,VN,AmpSeqV2,I,R,N,L,C,I,E,T,S,T,S,G,N,G,A,N,F,D,I,Y,M,C580Y
RCN12745,VN,AmpSeqV2,I,R,N,L,C,I,E,T,S,T,S,G,N,G,A,N,F,D,I,Y,M,C580Y
RCN12746,VN,AmpSeqV2,I,R,N,L,C,I,E,T,S,T,S,G,N,G,A,N,F,D,I,Y,M,C580Y
RCN12749,VN,AmpSeqV2,I,R,N,L,C,I,E,T,S,T,S,G,N,G,A,N,F,D,I,Y,M,C580Y
RCN12750,VN,AmpSeqV2,I,R,N,I,C,I,D,T,N,I,S,G,E,A,A,N,Y,D,I,D,M,WT
RCN12751,VN,AmpSeqV2,I,R,N,I,C,I,D,T,N,I,S,G,E,A,A,N,Y,D,I,D,M,WT
RCN12752,VN,AmpSeqV2,I,R,N,I,C,I,D,T,N,I,S,G,E,A,A,N,Y,D,I,D,M,WT
RCN13267,LA,AmpSeqV1,N,R,N,L,C,I,E,T,N,I,S,A,K,A,A,N,Y,D,T,D,V,WT
RCN13271,LA,AmpSeqV1,N,R,N,I,C,I,E,T,N,I,S,A,K,A,A,N,Y,D,I,D,V,WT
RCN13273,LA,AmpSeqV1,N,R,N,I,C,I,E,T,N,I,S,A,K,A,A,N,Y,D,I,D,V,WT
RCN13274,LA,AmpSeqV1,N,R,N,I,C,I,D,T,N,I,S,A,K,A,A,N,Y,D,I,D,V,WT
RCN13275,LA,AmpSeqV1,N,R,N,I,C,I,E,T,N,I,S,A,K,A,A,N,Y,D,I,D,V,WT
RCN13278,LA,AmpSeqV1,N,R,N,I,C,I,E,T,N,I,S,A,K,A,A,N,Y,D,I,D,V,WT
RCN13279,LA,AmpSeqV1,N,R,N,I,C,I,D,T,N,I,S,A,K,A,A,N,Y,D,I,D,V,WT
RCN13280,LA,AmpSeqV1,N,R,N,I,C,I,E,T,N,I,S,A,K,A,A,N,Y,D,I,D,V,WT
RCN13281,LA,AmpSeqV1,N,R,N,I,C,I,E,T,N,I,S,A,K,A,A,N,Y,D,I,D,V,WT
RCN13285,LA,AmpSeqV1,N,R,N,L,C,I,E,T,N,I,S,A,K,A,A,N,Y,D,T,D,V,WT
RCN13286,LA,AmpSeqV1,N,R,N,I,C,I,E,T,N,I,S,A,K,A,A,N,Y,D,I,D,V,WT
RCN13288,LA,AmpSeqV1,N,R,N,I,C,I,E,T,N,I,S,A,K,A,A,N,Y,D,I,D,V,WT
RCN13303,LA,AmpSeqV1,N,R,N,I,C,I,D,T,N,I,S,A,K,A,A,N,Y,D,I,D,V,WT
RCN13306,LA,AmpSeqV1,N,R,N,I,C,I,D,T,N,I,S,A,K,A,A,N,Y,D,I,D,V,WT
RCN13310,LA,AmpSeqV1,N,R,N,I,C,I,D,T,N,I,S,A,K,A,A,N,Y,D,I,D,V,WT
RCN13312,LA,AmpSeqV1,N,C,S,I,C,I,E,T,N,I,S,G,Y,A,A,N,Y,D,T,D,V,WT
RCN13313,LA,AmpSeqV1,I,R,N,I,C,I,E,T,N,I,S,A,K,A,A,N,Y,D,T,D,V,WT
RCN13338,LA,AmpSeqV1,I,R,N,I,C,I,E,T,N,I,S,A,K,A,A,N,Y,D,T,D,V,WT
RCN13339,LA,AmpSeqV1,I,R,N,I,C,I,E,T,N,I,S,A,K,A,A,N,Y,D,T,D,V,WT
RCN13342,LA,AmpSeqV1,N,R,N,I,C,M,N,K,N,I,S,A,K,A,A,N,Y,D,T,D,V,WT
RCN13344,LA,AmpSeqV1,N,C,S,I,C,I,E,T,N,I,S,G,K,A,A,N,Y,D,T,D,V,WT
RCN13346,LA,AmpSeqV1,N,R,N,I,C,I,E,T,N,I,S,A,K,A,A,N,Y,D,T,D,V,WT
RCN13348,LA,AmpSeqV1,I,R,N,I,C,I,E,T,N,I,S,A,K,A,A,N,Y,D,T,D,V,WT
RCN13350,LA,AmpSeqV1,N,R,N,I,C,I,E,T,N,I,S,A,K,A,A,N,Y,D,T,D,V,WT
RCN13351,LA,AmpSeqV1,I,R,N,I,C,I,D,T,N,I,S,A,K,A,A,N,Y,D,T,D,V,WT
RCN13353,LA,AmpSeqV1,I,R,N,I,C,I,D,T,N,I,S,A,K,A,A,N,Y,D,T,D,V,WT
RCN13356,LA,AmpSeqV1,N,R,N,I,C,I,D,T,N,I,S,A,K,A,A,N,Y,D,I,D,V,WT
RCN13364,LA,AmpSeqV1,I,R,N,L,C,I,D,T,N,I,S,G,K,A,A,N,Y,D,I,Y,V,WT
RCN13374,LA,AmpSeqV1,I,R,N,I,C,I,E,T,S,T,S,G,E,G,A,N,Y,D,I,Y,M,C580Y
RCN13382,LA,AmpSeqV1,I,R,N,I,C,I,E,T,S,T,S,G,E,G,A,N,Y,D,I,Y,M,C580Y
RCN13383,LA,AmpSeqV1,N,R,N,I,C,I,E,T,N,I,S,G,K,A,A,N,Y,D,T,D,V,WT
RCN13385,LA,AmpSeqV1,N,R,N,I,C,I,E,T,N,I,S,A,K,A,A,N,Y,D,T,D,V,WT
RCN13386,LA,AmpSeqV1,I,R,N,I,C,M,N,K,N,I,S,A,K,A,A,N,Y,D,T,D,V,WT
RCN13388,LA,AmpSeqV1,I,R,N,I,C,I,E,T,S,T,A,G,E,A,A,N,Y,D,I,Y,M,C580Y
RCN13389,LA,AmpSeqV1,I,R,N,L,C,I,E,T,S,T,S,A,K,A,A,N,Y,D,T,Y,M,WT
RCN13391,LA,AmpSeqV1,I,R,N,I,C,I,E,T,S,T,A,G,E,A,A,N,Y,D,I,Y,M,C580Y
RCN13398,LA,AmpSeqV1,N,R,N,I,C,I,D,T,N,I,S,A,K,A,A,N,Y,D,I,D,V,WT
RCN13414,LA,AmpSeqV1,I,R,N,I,C,I,E,T,S,T,A,G,E,A,A,N,Y,D,I,Y,M,C580Y
RCN13416,LA,AmpSeqV1,I,R,N,I,C,I,E,T,S,T,A,G,E,A,A,N,Y,D,I,Y,M,C580Y
RCN13427,LA,AmpSeqV1,I,R,N,I,C,I,E,T,N,I,A,G,E,A,A,N,Y,D,T,D,M,WT
RCN13446,LA,AmpSeqV1,I,R,N,I,C,I,E,T,N,I,S,A,K,A,A,N,Y,D,T,D,V,WT
RCN13452,LA,AmpSeqV1,I,R,N,L,C,I,E,T,S,T,S,G,N,G,A,N,F,D,I,Y,M,C580Y
RCN13455,LA,AmpSeqV1,I,R,N,I,C,I,E,T,N,I,A,G,E,A,A,N,Y,D,I,D,V,WT
RCN13462,LA,AmpSeqV1,I,R,N,L,C,I,E,T,S,T,S,G,N,G,A,N,F,D,I,Y,M,C580Y
RCN13466,LA,AmpSeqV1,I,R,N,L,C,I,E,T,S,T,A,G,E,A,A,N,F,D,I,D,M,WT
RCN13468,LA,AmpSeqV1,I,R,N,L,C,I,E,T,S,T,S,G,K,A,A,N,Y,D,T,Y,M,WT
RCN13474,LA,AmpSeqV1,I,R,N,L,C,I,E,T,S,T,S,G,N,G,A,N,F,D,I,Y,M,C580Y
RCN13475,LA,AmpSeqV1,I,R,N,L,C,I,E,T,S,T,S,G,N,G,A,N,F,D,I,Y,M,C580Y
RCN13476,LA,AmpSeqV1,I,R,N,L,C,I,E,T,S,T,S,G,N,G,A,N,F,D,I,Y,M,C580Y
RCN13479,LA,AmpSeqV1,I,R,N,L,C,I,E,T,S,T,S,G,N,G,A,N,F,D,I,Y,M,C580Y
RCN13480,LA,AmpSeqV1,I,R,N,L,C,I,E,T,S,T,S,G,N,G,A,N,F,D,I,Y,M,C580Y
RCN13482,LA,AmpSeqV1,I,R,N,L,C,I,E,T,S,T,S,G,N,G,A,N,F,D,I,Y,M,C580Y
RCN13487,LA,AmpSeqV1,I,R,N,L,C,I,D,T,N,I,S,G,K,G,A,N,Y,D,I,D,M,WT
RCN13488,LA,AmpSeqV1,I,R,N,L,C,I,E,T,S,T,S,G,N,G,A,N,Y,D,T,D,V,WT
RCN13495,LA,AmpSeqV1,I,R,N,L,C,I,E,T,S,T,S,G,N,G,A,N,F,D,I,Y,M,C580Y
RCN13501,LA,AmpSeqV1,I,R,N,I,C,I,E,T,S,T,A,G,E,A,T,N,Y,D,I,D,V,C580Y
RCN13503,LA,AmpSeqV1,I,R,N,L,C,I,E,T,S,T,S,G,N,G,A,N,F,D,I,Y,M,C580Y
RCN13505,LA,AmpSeqV1,I,R,N,L,C,I,E,T,S,T,S,G,N,G,A,N,F,D,I,Y,M,C580Y
RCN13507,LA,AmpSeqV1,I,R,N,L,C,I,E,T,S,T,S,G,N,G,A,N,F,D,I,Y,M,C580Y
RCN13508,LA,AmpSeqV1,I,R,N,L,C,I,E,T,S,T,S,G,N,G,A,N,F,D,I,Y,M,C580Y
RCN13512,LA,AmpSeqV1,I,R,N,L,C,I,E,T,S,T,S,G,N,G,A,N,F,D,T,Y,M,C580Y
RCN13540,LA,AmpSeqV1,I,R,N,L,C,I,E,T,S,T,S,G,N,G,A,N,F,D,I,Y,M,C580Y
RCN13542,LA,AmpSeqV1,I,R,N,I,C,I,E,T,S,T,S,G,N,G,A,N,F,D,T,Y,M,C580Y
RCN13545,LA,AmpSeqV1,I,R,N,I,C,I,E,T,S,T,S,G,N,G,A,N,F,D,T,Y,M,C580Y
RCN13548,LA,AmpSeqV1,I,R,N,I,C,I,E,T,S,T,A,G,E,A,A,N,Y,D,I,Y,M,C580Y
RCN13549,LA,AmpSeqV1,I,R,N,I,C,I,D,T,N,I,A,G,E,A,A,N,Y,D,I,Y,M,WT
RCN13554,LA,AmpSeqV1,I,R,N,I,C,I,E,T,S,T,S,G,N,G,A,N,Y,D,I,Y,M,C580Y
RCN13557,LA,AmpSeqV1,I,R,N,I,C,I,E,T,S,T,S,G,N,G,A,N,F,D,T,Y,M,C580Y
RCN13558,LA,AmpSeqV1,I,R,N,L,C,I,E,T,S,T,S,G,N,G,A,N,F,D,I,Y,M,C580Y
RCN13561,LA,AmpSeqV1,I,R,N,I,C,I,E,T,S,T,S,G,N,G,A,N,F,D,T,Y,M,C580Y
RCN13562,LA,AmpSeqV1,I,R,N,I,C,I,E,T,S,T,S,G,N,G,A,N,F,D,T,Y,M,C580Y
RCN13564,LA,AmpSeqV1,I,R,N,I,C,I,E,T,S,T,A,G,E,A,A,N,F,D,I,D,M,R539T
RCN13567,LA,AmpSeqV1,I,R,N,L,C,I,E,T,S,T,S,G,N,G,A,N,F,D,I,Y,M,C580Y
RCN13568,LA,AmpSeqV1,I,R,N,I,C,I,D,T,N,I,A,G,E,A,"A,T",N,Y,D,I,Y,V,C580Y
RCN13570,LA,AmpSeqV1,I,R,N,I,C,I,E,T,S,T,S,G,N,G,A,N,F,D,T,Y,M,C580Y
RCN13581,LA,AmpSeqV1,I,R,N,I,C,I,E,T,S,T,S,G,N,G,A,N,F,D,T,Y,M,C580Y
RCN14197,VN,AmpSeqV2,I,R,N,L,C,I,E,T,S,T,S,G,N,G,A,N,F,D,I,Y,M,C580Y
RCN14210,VN,AmpSeqV2,I,R,N,L,C,I,E,T,S,T,S,G,N,G,A,N,F,D,I,Y,M,C580Y
RCN14217,VN,AmpSeqV2,I,R,N,I,C,I,E,T,S,T,S,G,K,A,A,N,F,D,T,Y,M,WT
RCN14220,VN,AmpSeqV2,I,R,N,L,C,I,E,T,S,T,S,G,N,G,A,N,F,D,I,Y,M,C580Y
RCN14222,VN,AmpSeqV2,I,R,N,L,C,I,E,T,S,T,S,G,N,G,A,N,F,D,I,Y,M,C580Y
RCN14223,VN,AmpSeqV2,I,R,N,L,C,I,E,T,S,T,S,G,N,G,A,N,F,D,I,Y,M,C580Y
RCN14226,VN,AmpSeqV2,I,R,N,L,C,I,E,T,S,T,S,G,N,G,A,N,F,D,I,Y,M,C580Y
RCN14233,VN,AmpSeqV2,I,R,N,L,C,I,E,T,S,T,S,G,N,G,A,N,F,D,I,Y,M,C580Y
RCN14234,VN,AmpSeqV2,I,R,N,I,C,I,D,T,N,I,S,G,E,A,A,N,Y,D,I,D,M,WT
RCN14238,VN,AmpSeqV2,I,R,N,I,C,I,E,T,S,T,A,G,K,A,A,N,Y,D,I,D,M,WT
RCN14239,VN,AmpSeqV2,N,R,N,I,C,I,D,T,N,I,S,G,K,A,A,N,Y,D,T,D,V,WT
RCN14241,VN,AmpSeqV2,I,R,N,L,C,I,E,T,S,T,S,G,N,G,A,N,F,D,I,Y,M,C580Y
RCN14251,VN,AmpSeqV2,I,R,N,I,C,I,E,T,N,I,S,A,K,A,A,N,Y,D,T,D,V,WT
RCN14255,VN,AmpSeqV2,N,R,N,I,C,I,D,T,N,I,S,A,K,A,A,N,Y,D,I,D,V,WT
RCN14265,VN,AmpSeqV2,I,R,N,L,C,I,E,T,S,T,S,G,N,G,A,N,F,D,I,Y,M,C580Y
RCN14270,VN,AmpSeqV2,I,R,N,L,C,I,E,T,S,T,S,G,N,G,A,N,F,D,I,Y,M,C580Y
RCN14271,VN,AmpSeqV2,I,R,N,L,C,I,E,T,S,T,S,G,N,G,A,N,F,D,I,Y,M,C580Y
RCN14277,VN,AmpSeqV2,I,R,N,L,C,I,E,T,S,T,S,G,N,G,A,N,F,D,I,Y,M,C580Y
RCN14278,VN,AmpSeqV2,I,R,N,L,C,I,E,T,S,T,S,G,N,G,A,N,F,D,I,Y,M,C580Y
RCN14279,VN,AmpSeqV2,I,R,N,L,C,I,E,T,S,T,S,G,N,G,A,N,F,D,I,Y,M,C580Y
RCN14280,VN,AmpSeqV2,I,R,N,L,C,I,E,T,S,T,S,G,N,G,A,N,F,D,I,Y,M,C580Y
RCN14281,VN,AmpSeqV2,I,R,N,L,C,I,E,T,S,T,S,G,N,G,A,N,F,D,I,Y,M,C580Y
RCN14284,VN,AmpSeqV2,I,R,N,L,C,I,E,T,S,T,S,G,N,G,A,N,F,D,I,Y,M,C580Y
RCN14285,VN,AmpSeqV2,I,R,N,L,C,I,E,T,S,T,S,G,N,G,A,N,F,D,I,Y,M,C580Y
RCN14286,VN,AmpSeqV2,I,R,N,L,C,I,E,T,S,T,S,G,N,G,A,N,F,D,I,Y,M,C580Y
RCN14288,VN,AmpSeqV2,I,R,N,L,C,I,E,T,S,T,S,G,N,G,A,N,F,D,I,Y,M,C580Y
RCN14289,VN,AmpSeqV2,I,R,N,L,C,I,E,T,S,T,S,G,N,G,A,N,F,D,I,Y,M,C580Y
RCN14292,VN,AmpSeqV2,I,R,N,L,C,I,E,T,S,T,S,G,N,G,A,N,F,D,I,Y,M,C580Y
RCN14293,VN,AmpSeqV2,I,R,N,L,C,I,E,T,S,T,S,G,N,G,A,N,F,D,I,Y,M,C580Y
RCN14294,VN,AmpSeqV2,I,R,N,L,C,I,E,T,S,T,S,G,N,G,A,N,F,D,I,Y,M,C580Y
RCN14296,VN,AmpSeqV2,I,R,N,L,C,I,E,T,S,T,S,G,N,G,A,N,F,D,I,Y,M,C580Y
RCN14302,VN,AmpSeqV2,I,R,N,L,C,I,E,T,S,T,S,G,N,G,A,N,F,D,I,Y,M,C580Y
RCN14303,VN,AmpSeqV2,I,R,N,L,C,I,E,T,S,T,S,G,N,G,A,N,F,D,I,Y,M,C580Y
RCN14304,VN,AmpSeqV2,I,R,N,L,C,I,E,T,S,T,S,G,N,G,A,N,F,D,I,Y,M,C580Y
RCN14309,VN,AmpSeqV2,I,R,N,L,C,I,E,T,S,T,S,G,N,G,A,N,F,D,I,Y,M,C580Y
RCN14310,VN,AmpSeqV2,I,R,N,L,C,I,E,T,S,T,S,G,N,G,A,N,F,D,I,Y,M,C580Y
RCN14312,VN,AmpSeqV2,I,R,N,L,C,I,E,T,S,T,S,G,N,G,A,N,F,D,I,Y,M,C580Y
RCN14317,VN,AmpSeqV2,I,R,N,L,C,I,E,T,S,T,S,G,N,G,A,N,F,D,I,Y,M,C580Y
RCN14318,VN,AmpSeqV2,I,R,N,L,C,I,E,T,S,T,S,G,N,G,A,N,F,D,I,Y,M,C580Y
RCN14319,VN,AmpSeqV2,I,R,N,L,C,I,E,T,S,T,S,G,N,G,A,N,F,D,I,Y,M,C580Y
RCN14320,VN,AmpSeqV2,I,R,N,L,C,I,E,T,S,T,S,G,N,G,A,N,F,D,I,Y,M,C580Y
RCN14321,VN,AmpSeqV2,I,R,N,L,C,I,E,T,S,T,S,G,N,G,A,N,F,D,I,Y,M,C580Y
RCN14324,VN,AmpSeqV2,I,R,N,L,C,I,E,T,S,T,S,G,N,G,A,N,F,D,I,Y,M,C580Y
RCN14574,VN,AmpSeqV2,I,R,N,I,C,M,N,K,N,I,S,G,K,A,A,N,Y,D,T,D,V,WT
RCN14575,VN,AmpSeqV2,I,R,N,L,C,I,E,T,S,T,S,G,N,G,A,N,F,D,I,Y,M,C580Y
RCN14576,VN,AmpSeqV2,I,R,N,L,C,I,E,T,S,T,S,G,N,G,A,N,F,D,I,Y,M,C580Y
RCN14577,VN,AmpSeqV2,I,R,N,L,C,I,E,T,S,T,S,G,N,G,A,N,F,D,I,Y,M,C580Y
RCN14580,VN,AmpSeqV2,I,R,N,I,C,I,E,T,N,I,S,G,N,G,A,N,F,D,T,Y,M,C580Y
RCN14581,VN,AmpSeqV2,I,R,N,L,C,I,E,T,S,T,S,G,N,G,A,N,F,D,I,Y,M,C580Y
RCN14587,VN,AmpSeqV2,I,R,N,L,C,I,E,T,S,T,S,G,N,G,A,N,F,D,I,Y,M,C580Y
RCN14588,VN,AmpSeqV2,I,R,N,L,C,I,E,T,S,T,S,G,N,G,A,N,F,D,I,Y,M,C580Y
RCN14589,VN,AmpSeqV2,I,R,N,L,C,I,E,T,S,T,S,G,N,G,A,N,F,D,I,Y,M,C580Y
RCN14590,VN,AmpSeqV2,I,R,N,L,C,I,E,T,S,T,S,G,N,G,A,N,F,D,I,Y,M,C580Y
RCN14591,VN,AmpSeqV2,I,R,N,L,C,I,E,T,S,T,S,G,N,G,A,N,F,D,I,Y,M,C580Y
RCN14592,VN,AmpSeqV2,I,R,N,L,C,I,E,T,S,T,S,G,N,G,A,N,F,D,I,Y,M,C580Y
RCN14593,VN,AmpSeqV2,I,R,N,L,C,I,E,T,S,T,S,G,N,G,A,N,F,D,I,Y,M,C580Y
RCN14594,VN,AmpSeqV2,I,R,N,L,C,I,E,T,S,T,S,G,N,G,A,N,F,D,I,Y,M,C580Y
RCN14596,VN,AmpSeqV2,I,R,N,L,C,I,E,T,S,T,S,G,N,G,A,N,F,D,I,Y,M,C580Y
RCN14600,VN,AmpSeqV2,I,R,N,L,C,I,E,T,S,T,S,G,N,G,A,N,F,D,I,Y,M,C580Y
RCN14602,VN,AmpSeqV2,I,R,N,L,C,I,E,T,S,T,S,G,N,G,A,N,F,D,I,Y,M,C580Y
RCN14603,VN,AmpSeqV2,I,R,N,L,C,I,E,T,S,T,S,G,N,G,A,N,F,D,I,Y,M,C580Y
RCN14604,VN,AmpSeqV2,I,R,N,L,C,I,E,T,S,T,S,G,N,G,A,N,F,D,I,Y,M,C580Y
RCN14605,VN,AmpSeqV2,I,R,N,I,C,I,E,T,S,T,S,G,N,G,A,N,F,D,T,Y,M,C580Y
RCN14606,VN,AmpSeqV2,I,R,N,L,C,I,E,T,S,T,S,G,N,G,A,N,F,D,I,Y,M,C580Y
RCN14608,VN,AmpSeqV2,I,R,N,L,C,I,E,T,S,T,S,G,N,G,A,N,F,D,I,Y,M,C580Y
RCN14609,VN,AmpSeqV2,I,R,N,L,C,I,E,T,S,T,S,G,N,G,A,N,F,D,I,Y,M,C580Y
RCN14610,VN,AmpSeqV2,I,R,N,L,C,I,E,T,S,T,S,G,N,G,A,N,F,D,I,Y,M,C580Y
RCN14611,VN,AmpSeqV2,I,R,N,L,C,I,E,T,S,T,S,G,N,G,A,N,F,D,I,Y,M,C580Y
RCN14612,VN,AmpSeqV2,I,R,N,L,C,I,E,T,S,T,S,G,N,G,A,N,F,D,I,Y,M,C580Y
RCN14614,VN,AmpSeqV2,I,R,N,L,C,I,E,T,S,T,S,G,N,G,A,N,F,D,I,Y,M,C580Y
RCN14616,VN,AmpSeqV2,I,R,N,L,C,I,E,T,S,T,S,G,N,G,A,N,F,D,I,Y,M,C580Y
RCN14618,VN,AmpSeqV2,I,R,N,L,C,I,E,T,S,T,S,G,N,G,A,N,F,D,I,Y,M,C580Y
RCN14621,VN,AmpSeqV2,I,R,N,L,C,I,E,T,S,T,S,G,N,G,A,N,F,D,I,Y,M,C580Y
RCN14622,VN,AmpSeqV2,I,R,N,L,C,I,E,T,S,T,S,G,N,G,A,N,F,D,I,Y,M,C580Y
RCN14623,VN,AmpSeqV2,I,R,N,L,C,I,E,T,S,T,S,G,N,G,A,N,F,D,I,Y,M,C580Y
RCN14624,VN,AmpSeqV2,I,R,N,L,C,I,E,T,S,T,S,G,N,G,A,N,F,D,I,Y,M,C580Y
RCN14625,VN,AmpSeqV2,I,R,N,L,C,I,E,T,S,T,S,G,N,G,A,N,F,D,I,Y,M,C580Y
RCN14626,VN,AmpSeqV2,I,R,N,L,C,I,E,T,S,T,S,G,N,G,A,N,F,D,I,Y,M,C580Y
RCN14627,VN,AmpSeqV2,I,R,N,L,C,I,E,T,S,T,S,G,N,G,A,N,F,D,I,Y,M,C580Y
RCN14628,VN,AmpSeqV2,I,R,N,L,C,I,E,T,S,T,S,G,N,G,A,N,F,D,I,Y,M,C580Y
RCN14629,VN,AmpSeqV2,I,R,N,L,C,I,E,T,S,T,S,G,N,G,A,N,F,D,I,Y,M,C580Y
RCN14631,VN,AmpSeqV2,I,R,N,L,C,I,E,T,S,T,S,G,N,G,A,N,F,D,I,Y,M,C580Y
RCN14633,VN,AmpSeqV2,I,R,N,L,C,I,E,T,S,T,S,G,N,G,A,N,F,D,I,Y,M,C580Y
RCN14635,VN,AmpSeqV2,I,R,N,L,C,I,E,T,S,T,S,G,N,G,A,N,F,D,I,Y,M,C580Y
RCN14636,VN,AmpSeqV2,I,R,N,L,C,I,E,T,S,T,S,G,N,G,A,N,F,D,I,Y,M,C580Y
RCN14639,VN,AmpSeqV2,I,R,N,L,C,I,E,T,S,T,S,G,N,G,A,N,F,D,I,Y,M,C580Y
RCN14640,VN,AmpSeqV2,I,R,N,L,C,I,E,T,S,T,S,G,N,G,A,N,F,D,I,Y,M,C580Y
RCN14643,VN,AmpSeqV2,I,R,N,L,C,I,E,T,S,T,S,G,N,G,A,N,F,D,I,Y,M,C580Y
RCN14644,VN,AmpSeqV2,I,R,N,L,C,I,E,T,S,T,S,G,N,G,A,N,F,D,I,Y,M,C580Y
RCN14645,VN,AmpSeqV2,I,R,N,L,C,I,E,T,S,T,S,G,N,G,A,N,F,D,I,Y,M,C580Y
RCN14648,VN,AmpSeqV2,I,R,N,L,C,I,E,T,S,T,S,G,N,G,A,N,F,D,I,Y,M,C580Y
RCN14649,VN,AmpSeqV2,I,R,N,L,C,I,E,T,S,T,S,G,N,G,A,N,F,D,I,Y,M,C580Y
RCN14650,VN,AmpSeqV2,I,R,N,L,C,I,E,T,S,T,S,G,N,G,A,N,F,D,I,Y,M,C580Y
RCN14651,VN,AmpSeqV2,I,R,N,I,C,I,E,T,S,T,S,G,N,G,A,N,F,D,T,Y,M,C580Y
RCN14652,VN,AmpSeqV2,I,R,N,L,C,I,E,T,S,T,S,G,N,G,A,N,F,D,I,Y,M,C580Y
RCN14653,VN,AmpSeqV2,I,R,N,L,C,I,E,T,S,T,S,G,N,G,A,N,F,D,I,Y,M,C580Y
RCN14654,VN,AmpSeqV2,I,R,N,L,C,I,E,T,S,T,S,G,N,G,A,N,F,D,I,Y,M,C580Y
RCN14655,VN,AmpSeqV2,I,R,N,L,C,I,E,T,S,T,S,G,N,G,A,N,F,D,I,Y,M,C580Y
RCN14657,VN,AmpSeqV2,I,R,N,L,C,I,E,T,S,T,S,G,N,G,A,N,F,D,I,Y,M,C580Y
RCN14658,VN,AmpSeqV2,I,R,N,L,C,I,E,T,S,T,S,G,N,G,A,N,F,D,I,Y,M,C580Y
RCN14660,VN,AmpSeqV2,I,R,N,L,C,I,E,T,S,T,S,G,N,G,A,N,F,D,I,Y,M,C580Y
RCN14661,VN,AmpSeqV2,I,R,N,L,C,I,E,T,S,T,S,G,N,G,A,N,F,D,I,Y,M,C580Y
RCN14662,VN,AmpSeqV2,I,R,N,L,C,I,E,T,S,T,S,G,N,G,A,N,F,D,I,Y,M,C580Y
RCN14663,VN,AmpSeqV2,I,R,N,L,C,I,E,T,S,T,S,G,N,G,A,N,F,D,I,Y,M,C580Y
RCN14664,VN,AmpSeqV2,I,R,N,L,C,I,E,T,S,T,S,G,N,G,A,N,F,D,I,Y,M,C580Y
RCN14666,VN,AmpSeqV2,I,R,N,I,C,I,E,T,N,I,S,G,E,A,A,N,Y,D,T,D,M,WT
RCN14672,VN,AmpSeqV2,I,R,N,I,C,I,E,T,S,T,A,G,K,A,A,N,F,D,I,Y,M,WT
RCN14673,VN,AmpSeqV2,I,R,N,I,C,I,E,T,S,T,A,G,K,A,A,N,F,D,I,Y,M,WT
RCN14674,VN,AmpSeqV2,I,R,N,L,C,I,E,T,S,T,S,G,N,G,A,N,F,D,I,Y,M,C580Y
RCN14676,VN,AmpSeqV2,I,R,N,L,C,I,E,T,S,T,S,G,N,G,A,N,F,D,I,Y,M,C580Y
RCN14677,VN,AmpSeqV2,I,R,N,I,C,I,E,T,S,T,A,G,K,A,A,N,F,D,I,Y,M,WT
RCN14680,VN,AmpSeqV2,I,R,N,I,C,I,D,T,N,I,A,G,E,A,A,N,Y,D,I,Y,M,WT
RCN14681,VN,AmpSeqV2,I,R,N,L,C,I,E,T,S,T,S,G,N,G,A,N,F,D,I,Y,M,C580Y
RCN14682,VN,AmpSeqV2,I,R,N,L,C,I,E,T,S,T,S,G,N,G,A,N,F,D,I,Y,M,C580Y
RCN14683,VN,AmpSeqV2,I,R,N,L,C,I,E,T,S,T,S,G,N,G,A,N,F,D,I,Y,M,C580Y
RCN14684,VN,AmpSeqV2,I,R,N,I,C,I,E,T,S,T,S,G,N,G,A,N,F,D,T,Y,M,C580Y
RCN14685,VN,AmpSeqV2,I,R,N,L,C,I,E,T,S,T,S,G,N,G,A,N,F,D,I,Y,M,C580Y
RCN14688,VN,AmpSeqV2,I,R,N,L,C,I,E,T,S,T,S,G,N,G,A,N,F,D,I,Y,M,C580Y
RCN14689,VN,AmpSeqV2,N,C,S,I,C,I,E,T,N,I,S,G,K,A,A,N,Y,D,T,D,V,WT
RCN14691,VN,AmpSeqV2,N,R,N,I,C,I,D,T,N,I,S,A,K,A,A,N,Y,D,T,D,V,WT
RCN14693,VN,AmpSeqV2,N,C,S,I,C,I,E,T,N,I,S,G,K,A,A,N,Y,D,T,D,V,WT
RCN14696,VN,AmpSeqV2,I,R,N,I,C,I,D,T,N,I,A,G,E,A,A,N,Y,D,I,D,V,WT
RCN14697,VN,AmpSeqV2,I,R,N,I,C,I,E,T,S,T,A,G,K,A,A,N,F,D,T,D,V,WT
RCN14698,VN,AmpSeqV2,I,R,N,L,C,I,E,T,S,T,S,G,N,G,A,N,F,D,I,Y,M,C580Y
RCN14699,VN,AmpSeqV2,I,R,N,L,C,I,E,T,S,T,S,G,N,G,A,N,F,D,I,Y,M,C580Y
RCN14700,VN,AmpSeqV2,I,R,N,L,C,I,E,T,S,T,S,G,N,G,A,N,F,D,I,Y,M,C580Y
RCN14701,VN,AmpSeqV2,I,R,N,L,C,I,E,T,S,T,S,G,N,G,A,N,F,D,I,Y,M,C580Y
RCN14705,VN,AmpSeqV2,I,R,N,L,C,I,E,T,S,T,S,G,N,G,A,N,F,D,I,Y,M,C580Y
RCN14706,VN,AmpSeqV2,I,R,N,L,C,I,E,T,S,T,S,G,N,G,A,N,F,D,I,Y,M,C580Y
RCN14707,VN,AmpSeqV2,I,R,N,L,C,I,E,T,S,T,S,G,N,G,A,N,F,D,I,Y,M,C580Y
RCN14708,VN,AmpSeqV2,I,R,N,L,C,I,E,T,S,T,S,G,N,G,A,N,F,D,I,Y,M,C580Y
RCN14709,VN,AmpSeqV2,I,R,N,L,C,I,E,T,S,T,S,G,N,G,A,N,F,D,I,Y,M,C580Y
RCN14713,VN,AmpSeqV2,I,R,N,L,C,I,E,T,S,T,S,G,N,G,A,N,F,D,I,Y,M,C580Y
RCN14714,VN,AmpSeqV2,I,R,N,L,C,I,E,T,S,T,S,G,N,G,A,N,F,D,I,Y,M,C580Y
RCN14715,VN,AmpSeqV2,I,R,N,L,C,I,E,T,S,T,S,G,N,G,A,N,F,D,I,Y,M,C580Y
RCN14717,VN,AmpSeqV2,I,R,N,L,C,I,E,T,S,T,S,G,N,G,A,N,F,D,I,Y,M,C580Y
RCN14721,VN,AmpSeqV2,I,R,N,L,C,I,E,T,S,T,S,G,N,G,A,N,F,D,I,Y,M,C580Y
RCN14724,VN,AmpSeqV2,I,R,N,I,C,I,D,T,N,I,S,G,E,A,A,N,Y,D,I,D,M,WT
RCN14725,VN,AmpSeqV2,I,R,N,I,C,I,D,T,N,I,S,G,E,A,A,N,Y,D,I,D,M,WT
RCN14727,VN,AmpSeqV2,I,R,N,I,C,I,D,T,N,I,S,G,E,A,A,N,Y,D,I,D,M,WT
RCN14728,VN,AmpSeqV2,I,R,N,I,C,I,D,T,N,I,S,G,E,A,A,N,Y,D,I,D,M,WT
RCN14729,VN,AmpSeqV2,I,R,N,I,C,I,D,T,N,I,S,G,E,A,A,N,Y,D,I,D,M,WT
RCN14730,VN,AmpSeqV2,I,R,N,I,C,I,D,T,N,I,S,G,E,A,A,N,Y,D,I,D,M,WT
RCN14731,VN,AmpSeqV2,I,R,N,I,C,I,D,T,N,I,S,G,E,A,A,N,Y,D,I,D,M,WT
RCN14732,VN,AmpSeqV2,I,R,N,I,C,I,D,T,N,I,S,G,E,A,A,N,Y,D,I,D,M,WT
RCN14733,VN,AmpSeqV2,I,R,N,I,C,I,D,T,N,I,S,G,E,A,A,N,Y,D,I,D,M,WT
RCN14738,VN,AmpSeqV2,I,R,N,L,C,I,E,T,S,T,S,G,N,G,A,N,F,D,I,Y,M,C580Y
RCN14739,VN,AmpSeqV2,I,R,N,I,C,I,E,T,S,T,A,G,K,A,A,N,F,D,I,Y,V,WT
RCN14740,VN,AmpSeqV2,I,R,N,I,C,I,E,T,S,T,A,G,K,A,A,N,F,D,I,Y,V,WT
RCN14741,VN,AmpSeqV2,I,R,N,L,C,I,E,T,S,T,S,G,N,G,A,N,F,D,I,Y,M,WT
RCN14744,VN,AmpSeqV2,I,R,N,L,C,I,E,T,S,T,S,G,N,G,A,N,F,D,I,Y,M,C580Y
RCN14746,VN,AmpSeqV2,I,R,N,L,C,I,E,T,S,T,S,G,N,G,A,N,F,D,I,Y,M,C580Y
RCN14748,VN,AmpSeqV2,I,R,N,L,C,I,E,T,S,T,S,G,N,G,A,N,F,D,I,Y,M,C580Y
RCN14752,VN,AmpSeqV2,I,R,N,L,C,I,E,T,S,T,S,G,N,G,A,N,F,D,I,Y,M,C580Y
RCN14753,VN,AmpSeqV2,I,R,N,L,C,I,E,T,S,T,S,G,N,G,A,N,F,D,I,Y,M,C580Y
RCN14754,VN,AmpSeqV2,I,R,N,L,C,I,E,T,S,T,S,G,N,G,A,N,F,D,I,Y,M,C580Y
RCN14756,VN,AmpSeqV2,I,R,N,L,C,I,E,T,S,T,S,G,N,G,A,N,F,D,I,Y,M,C580Y
RCN14757,VN,AmpSeqV2,I,R,N,L,C,I,E,T,S,T,S,G,N,G,A,N,F,D,I,Y,M,C580Y
RCN14760,VN,AmpSeqV2,I,R,N,L,C,I,E,T,S,T,S,G,N,G,A,N,F,D,I,Y,M,C580Y
RCN14762,VN,AmpSeqV2,I,R,N,L,C,I,E,T,S,T,S,G,N,G,A,N,F,D,I,Y,M,C580Y
RCN14763,VN,AmpSeqV2,I,R,N,L,C,I,E,T,S,T,S,G,N,G,A,N,F,D,I,Y,M,C580Y
RCN14766,VN,AmpSeqV2,I,R,N,L,C,I,E,T,S,T,S,G,N,G,A,N,F,D,I,Y,M,C580Y
RCN14770,VN,AmpSeqV2,I,R,N,L,C,I,E,T,S,T,S,G,N,G,A,N,F,D,I,Y,M,C580Y
RCN14771,VN,AmpSeqV2,I,R,N,L,C,I,E,T,S,T,S,G,N,G,A,N,F,D,I,Y,M,C580Y
RCN14777,VN,AmpSeqV2,I,R,N,L,C,I,E,T,S,T,S,G,N,G,A,N,F,D,I,Y,M,C580Y
RCN14787,VN,AmpSeqV2,I,R,N,L,C,I,E,T,S,T,S,G,N,G,A,N,F,D,I,Y,M,C580Y
RCN14794,VN,AmpSeqV2,I,R,N,L,C,I,E,T,S,T,S,G,N,G,A,N,F,D,I,Y,M,C580Y
RCN14795,VN,AmpSeqV2,I,R,N,L,C,I,E,T,S,T,S,G,N,G,A,N,F,D,I,Y,M,C580Y
RCN14799,VN,AmpSeqV2,I,R,N,L,C,I,E,T,S,T,S,G,N,G,A,N,F,D,I,Y,M,C580Y
RCN14800,VN,AmpSeqV2,I,R,N,L,C,I,E,T,S,T,S,G,N,G,A,N,F,D,I,Y,M,C580Y
RCN14802,VN,AmpSeqV2,I,R,N,L,C,I,E,T,S,T,S,G,N,G,A,N,F,D,I,Y,M,C580Y
RCN14803,VN,AmpSeqV2,I,R,N,L,C,I,E,T,S,T,S,G,N,G,A,N,F,D,I,Y,M,C580Y
RCN14807,VN,AmpSeqV2,I,R,N,L,C,I,E,T,S,T,S,G,N,G,A,N,F,D,I,Y,M,C580Y
RCN14810,VN,AmpSeqV2,I,R,N,L,C,I,E,T,S,T,S,G,N,G,A,N,F,D,I,Y,M,C580Y
RCN14811,VN,AmpSeqV2,I,R,N,L,C,I,E,T,S,T,S,G,N,G,A,N,F,D,I,Y,M,C580Y
RCN14814,VN,AmpSeqV2,I,R,N,L,C,I,E,T,S,T,S,G,N,G,A,N,F,D,I,Y,M,C580Y
RCN14816,VN,AmpSeqV2,I,R,N,L,C,I,E,T,S,T,S,G,N,G,A,N,F,D,I,Y,M,C580Y
RCN14818,VN,AmpSeqV2,I,R,N,L,C,I,E,T,S,T,S,G,N,G,A,N,F,D,I,Y,M,C580Y
RCN14819,VN,AmpSeqV2,I,R,N,L,C,I,E,T,S,T,S,G,N,G,A,N,F,D,I,Y,M,C580Y
RCN14827,VN,AmpSeqV2,I,R,N,L,C,I,E,T,S,T,S,G,N,G,A,N,F,D,I,Y,M,C580Y
RCN14834,VN,AmpSeqV2,I,R,N,L,C,I,E,T,S,T,S,G,N,G,A,N,F,D,I,Y,M,C580Y
RCN14835,VN,AmpSeqV2,I,R,N,L,C,I,E,T,S,T,S,G,N,G,A,N,F,D,I,Y,M,C580Y
RCN14839,VN,AmpSeqV2,I,R,N,L,C,I,E,T,S,T,S,G,N,G,A,N,F,D,I,Y,M,C580Y
RCN14840,VN,AmpSeqV2,I,R,N,L,C,I,E,T,S,T,S,G,N,G,A,N,F,D,I,Y,M,C580Y
RCN14843,VN,AmpSeqV2,I,R,N,L,C,I,E,T,S,T,S,G,N,G,A,N,F,D,I,Y,M,C580Y
RCN14847,VN,AmpSeqV2,I,R,N,L,C,I,E,T,S,T,S,G,N,G,A,N,F,D,I,Y,M,C580Y
RCN14848,VN,AmpSeqV2,I,R,N,L,C,I,E,T,S,T,S,G,N,G,A,N,F,D,I,Y,M,C580Y
RCN14849,VN,AmpSeqV2,I,R,N,L,C,I,E,T,S,T,S,G,N,G,A,N,F,D,I,Y,M,C580Y
RCN14850,VN,AmpSeqV2,I,R,N,L,C,I,E,T,S,T,S,G,N,G,A,N,F,D,I,Y,M,C580Y
RCN14904,LA,AmpSeqV2,I,R,N,I,C,I,E,T,S,T,A,G,E,A,A,N,Y,D,I,Y,M,C580Y
RCN14906,LA,AmpSeqV2,I,R,N,I,C,I,E,T,S,T,A,G,E,A,A,N,Y,D,I,Y,M,C580Y
RCN14912,LA,AmpSeqV2,I,R,N,I,C,I,E,T,S,T,A,G,E,A,A,N,Y,D,I,Y,M,C580Y
RCN14913,LA,AmpSeqV2,I,R,N,I,C,I,E,T,S,T,A,G,E,A,A,N,Y,D,I,Y,M,C580Y
RCN14915,LA,AmpSeqV2,I,R,N,I,C,I,E,T,S,T,A,G,E,A,A,N,Y,D,I,Y,M,C580Y
RCN14916,LA,AmpSeqV2,I,R,N,I,C,I,E,T,S,T,A,G,E,A,A,N,Y,D,I,Y,M,C580Y
RCN14918,LA,AmpSeqV2,N,R,N,I,C,I,E,T,N,I,S,A,K,A,A,N,Y,D,T,D,V,WT
RCN14919,LA,AmpSeqV2,N,R,N,I,C,I,E,T,N,I,S,A,K,A,A,N,Y,D,T,D,V,WT
RCN14921,LA,AmpSeqV2,N,R,N,L,C,I,E,T,N,I,S,A,K,A,A,N,Y,D,T,D,V,WT
RCN14925,LA,AmpSeqV2,N,R,N,I,C,I,E,T,N,I,S,G,K,A,A,N,Y,D,I,D,V,WT
RCN14926,LA,AmpSeqV2,I,R,N,I,C,M,N,K,N,I,S,G,K,A,A,N,Y,D,T,D,V,WT
RCN14927,LA,AmpSeqV2,N,R,N,I,C,I,D,T,N,I,A,G,E,A,A,N,Y,D,T,D,V,WT
RCN14928,LA,AmpSeqV2,N,R,N,I,C,I,D,T,N,I,S,A,K,A,A,N,Y,D,I,D,V,WT
RCN14929,LA,AmpSeqV2,N,R,N,I,C,I,D,T,N,I,S,A,K,A,A,N,Y,D,I,D,V,WT
RCN14932,LA,AmpSeqV2,N,R,N,I,C,I,D,T,N,I,S,G,K,A,A,N,Y,D,T,D,V,WT
RCN14935,LA,AmpSeqV2,I,R,N,I,C,I,E,T,S,T,S,G,E,G,A,N,Y,D,I,Y,M,C580Y
RCN14938,LA,AmpSeqV2,I,R,N,I,C,I,E,T,N,I,S,A,K,A,A,N,Y,D,T,D,V,WT
RCN14939,LA,AmpSeqV2,N,R,N,I,C,M,N,K,N,I,S,A,K,A,A,N,Y,D,T,"D,Y",V,WT
RCN14941,LA,AmpSeqV2,N,R,N,I,C,I,E,T,N,I,S,A,K,A,A,N,Y,D,T,D,V,WT
RCN14952,LA,AmpSeqV2,N,R,N,I,C,I,D,T,N,I,S,A,K,A,A,N,Y,D,I,D,V,WT
RCN14954,LA,AmpSeqV2,N,R,N,I,C,I,D,T,N,I,S,A,K,A,A,N,Y,D,I,D,V,WT
RCN14969,LA,AmpSeqV2,I,R,N,I,C,I,E,T,N,I,S,G,K,A,A,N,Y,D,T,D,V,WT
RCN14975,LA,AmpSeqV2,I,R,N,I,C,I,E,T,N,I,S,A,K,A,A,N,Y,D,T,D,V,WT
RCN15000,LA,AmpSeqV2,I,R,N,I,C,I,D,T,N,I,S,A,K,A,A,N,Y,D,T,D,V,WT
RCN15002,LA,AmpSeqV2,N,R,N,I,C,I,D,T,N,I,A,G,E,A,A,N,Y,D,T,D,V,WT
RCN15003,LA,AmpSeqV2,N,R,N,I,C,M,N,K,N,I,S,A,K,A,A,N,Y,D,T,D,V,WT
RCN15004,LA,AmpSeqV2,N,R,N,I,C,I,D,T,N,I,S,A,K,A,A,N,Y,D,T,D,V,WT
RCN15006,LA,AmpSeqV2,I,R,N,I,C,I,E,T,N,I,S,A,K,A,A,N,Y,D,T,D,V,WT
RCN15010,LA,AmpSeqV2,I,R,N,I,C,I,E,T,N,I,S,A,K,A,A,N,Y,D,T,D,V,WT
RCN15020,LA,AmpSeqV2,N,R,N,I,C,I,D,T,N,I,S,A,K,A,A,N,Y,D,T,D,V,WT
RCN15027,LA,AmpSeqV2,I,R,N,I,C,I,E,T,N,I,S,G,K,A,A,N,Y,D,T,D,V,WT
RCN15037,LA,AmpSeqV2,N,C,S,I,C,M,N,K,N,I,S,A,K,A,A,N,Y,D,T,D,V,WT
RCN15044,LA,AmpSeqV2,N,R,N,I,C,I,E,T,N,I,S,A,K,A,A,N,Y,D,T,D,V,WT
RCN15063,LA,AmpSeqV2,I,R,N,I,C,I,E,T,N,I,S,G,K,A,A,N,Y,D,T,D,V,WT
RCN15070,LA,AmpSeqV2,N,R,N,I,C,I,D,T,N,I,S,A,K,A,A,N,Y,D,I,D,V,WT
RCN15072,LA,AmpSeqV2,N,R,N,I,C,I,D,T,N,I,S,A,K,A,A,N,Y,D,I,D,V,WT
RCN15073,LA,AmpSeqV2,N,R,N,I,C,I,D,T,N,I,S,A,K,A,A,N,Y,D,I,D,V,WT
RCN15074,LA,AmpSeqV2,N,R,N,I,C,I,D,T,N,I,S,A,K,A,A,N,Y,D,I,D,V,WT
RCN15086,LA,AmpSeqV2,N,R,N,I,C,I,D,T,N,I,S,A,K,A,A,N,Y,D,I,D,V,WT
RCN15089,LA,AmpSeqV2,N,R,N,I,C,I,D,T,N,I,S,A,K,A,A,N,Y,D,I,D,V,WT
RCN15090,LA,AmpSeqV2,N,R,N,I,C,I,D,T,N,I,S,A,K,A,A,N,Y,D,I,D,V,WT
RCN15095,LA,AmpSeqV2,N,R,N,I,C,I,D,T,N,I,S,A,K,A,A,N,Y,D,I,D,V,WT
RCN15183,LA,AmpSeqV2,I,R,N,I,C,I,D,T,N,I,S,A,K,A,A,N,Y,D,T,D,V,WT
RCN15184,LA,AmpSeqV2,I,R,N,I,C,I,E,T,N,I,S,A,K,A,A,N,Y,D,T,D,V,WT
RCN15191,LA,AmpSeqV2,N,R,N,I,C,I,E,T,N,I,S,A,K,A,A,N,Y,D,T,D,V,WT
RCN15193,LA,AmpSeqV2,I,R,N,I,C,I,D,T,N,I,S,A,K,A,A,N,Y,D,T,D,V,WT
RCN15195,LA,AmpSeqV2,N,R,N,L,C,I,E,T,N,I,S,A,K,A,A,N,Y,D,T,D,V,WT
RCN15196,LA,AmpSeqV2,N,R,N,I,C,I,D,T,N,I,S,A,K,A,A,N,Y,D,I,D,V,WT
RCN15197,LA,AmpSeqV2,N,R,N,I,C,I,D,T,N,I,S,A,K,A,A,N,Y,D,I,D,V,WT
RCN15201,LA,AmpSeqV2,I,R,N,I,C,I,D,T,N,I,S,G,K,A,A,N,F,D,T,D,V,WT
RCN15202,LA,AmpSeqV2,N,R,N,I,C,"M,I","N,D","K,T",N,I,S,A,K,A,A,N,Y,D,T,D,V,WT
RCN15208,LA,AmpSeqV2,I,R,N,I,C,M,N,K,N,I,S,A,K,A,A,N,Y,D,T,D,V,WT
RCN15212,LA,AmpSeqV2,N,R,N,I,C,I,E,T,N,I,S,A,K,A,A,N,Y,D,T,D,V,WT
RCN15218,LA,AmpSeqV2,N,R,N,I,C,I,D,T,N,I,S,A,K,A,A,N,Y,D,I,D,V,WT
RCN15220,LA,AmpSeqV2,I,R,N,I,C,I,D,T,N,I,S,A,K,A,A,N,Y,D,T,D,V,WT
RCN15221,LA,AmpSeqV2,N,R,N,I,C,I,D,T,N,I,S,A,K,A,A,N,Y,D,I,D,V,WT
RCN15227,LA,AmpSeqV2,N,R,N,I,C,I,D,T,N,I,S,A,K,A,A,N,Y,D,I,D,V,WT
RCN15228,LA,AmpSeqV2,N,R,N,I,C,I,D,T,N,I,S,A,K,A,A,N,Y,D,I,D,V,WT
RCN15233,LA,AmpSeqV2,I,R,N,L,C,I,E,T,S,T,S,G,N,G,A,N,F,D,I,Y,M,C580Y
RCN15235,LA,AmpSeqV2,I,R,N,L,C,I,E,T,S,T,S,G,N,G,A,N,F,D,I,Y,M,C580Y
RCN15236,LA,AmpSeqV2,I,R,N,L,C,I,E,T,S,T,S,G,N,G,A,N,F,D,T,Y,M,C580Y
RCN15237,LA,AmpSeqV2,I,R,N,L,C,I,E,T,S,T,S,G,N,G,A,N,F,D,I,Y,M,C580Y
RCN15238,LA,AmpSeqV2,I,R,N,L,C,I,E,T,S,T,S,G,N,G,A,N,Y,D,T,D,V,WT
RCN15241,LA,AmpSeqV2,I,R,N,L,C,I,E,T,S,T,S,G,N,G,A,N,F,D,I,Y,M,C580Y
RCN15242,LA,AmpSeqV2,I,R,N,L,C,I,E,T,S,T,S,G,N,G,A,N,F,D,I,Y,M,C580Y
RCN15245,LA,AmpSeqV2,I,R,N,L,C,I,E,T,S,T,S,G,N,G,A,N,F,D,I,Y,M,C580Y
RCN15246,LA,AmpSeqV2,I,R,N,I,C,I,E,T,S,T,A,G,K,A,A,N,Y,D,T,D,M,WT
RCN15248,LA,AmpSeqV2,I,R,N,L,C,I,E,T,S,T,S,G,N,G,A,N,F,D,I,Y,M,C580Y
RCN15250,LA,AmpSeqV2,I,R,N,I,C,I,D,T,N,I,S,A,K,A,A,N,Y,D,I,D,V,WT
RCN15260,LA,AmpSeqV2,I,R,N,L,C,I,E,T,S,T,S,G,N,G,A,N,F,D,I,Y,M,C580Y
RCN15271,LA,AmpSeqV2,I,R,N,I,C,I,D,T,N,I,S,G,E,A,A,Y,Y,D,T,D,V,WT
RCN15274,LA,AmpSeqV2,I,R,N,L,C,I,E,T,S,T,S,G,K,A,A,N,F,D,I,D,V,C580Y
RCN15275,LA,AmpSeqV2,I,R,N,L,C,I,E,T,S,T,S,G,N,G,A,N,F,D,I,Y,M,C580Y
RCN15276,LA,AmpSeqV2,I,R,N,L,C,I,E,T,S,T,S,G,N,G,A,N,F,D,I,Y,M,C580Y
RCN15278,LA,AmpSeqV2,I,R,N,L,C,I,E,T,S,T,S,G,N,G,A,N,F,D,I,Y,M,C580Y
RCN15279,LA,AmpSeqV2,I,R,N,L,C,I,E,T,S,T,S,G,N,G,A,N,F,D,I,Y,M,C580Y
RCN15281,LA,AmpSeqV2,I,R,N,L,C,I,E,T,S,T,S,G,N,G,A,N,F,D,I,Y,M,C580Y
RCN15282,LA,AmpSeqV2,I,R,N,L,C,I,E,T,S,T,S,G,N,G,A,N,F,D,I,Y,M,C580Y
RCN15283,LA,AmpSeqV2,I,R,N,L,C,I,E,T,S,T,S,G,N,G,A,N,F,D,I,Y,M,C580Y
RCN15288,LA,AmpSeqV2,I,R,N,I,C,I,D,T,N,I,S,G,E,A,A,Y,Y,D,T,D,V,WT
RCN15292,LA,AmpSeqV2,I,R,N,I,C,I,D,T,N,I,S,G,E,A,A,Y,Y,D,T,D,V,WT
RCN15293,LA,AmpSeqV2,I,R,N,I,C,I,D,T,N,I,S,G,K,A,A,N,Y,D,I,D,V,WT
RCN15294,LA,AmpSeqV2,I,R,N,I,C,I,D,T,N,I,S,G,E,A,A,Y,Y,D,T,D,V,WT
RCN15295,LA,AmpSeqV2,I,R,N,I,C,I,E,T,S,T,S,G,N,G,A,N,F,D,T,Y,M,C580Y
RCN15297,LA,AmpSeqV2,I,R,N,I,C,I,D,T,N,I,S,A,K,A,A,N,Y,D,I,Y,V,WT
RCN15298,LA,AmpSeqV2,I,R,N,I,C,I,D,T,N,I,S,A,K,A,A,N,Y,D,I,D,V,WT
RCN15299,LA,AmpSeqV2,I,R,N,I,C,I,E,T,S,T,S,G,K,A,A,N,Y,D,I,D,V,WT
RCN15301,LA,AmpSeqV2,I,R,N,I,C,I,D,T,N,I,S,A,K,A,A,N,Y,D,I,Y,V,WT
RCN15303,LA,AmpSeqV2,I,R,N,I,C,I,E,T,S,T,S,G,K,A,A,N,Y,D,I,D,V,WT
RCN15306,LA,AmpSeqV2,I,R,N,I,C,I,E,T,S,T,A,G,E,A,A,N,F,D,I,D,M,R539T
RCN15307,LA,AmpSeqV2,I,R,N,L,C,I,E,T,S,T,S,G,K,A,A,N,Y,D,I,Y,M,WT
RCN15308,LA,AmpSeqV2,I,R,N,I,C,I,D,T,N,I,S,G,E,A,A,Y,Y,D,T,D,V,WT
RCN15311,LA,AmpSeqV2,I,R,N,I,C,I,D,T,N,I,S,G,E,A,A,Y,Y,D,T,D,V,WT
RCN15315,LA,AmpSeqV2,I,R,N,L,C,I,E,T,S,T,S,G,N,G,A,N,F,D,I,Y,M,C580Y
RCN15322,LA,AmpSeqV2,I,R,N,I,C,I,D,T,N,I,S,G,E,A,A,Y,Y,D,T,D,V,WT
RCN15323,LA,AmpSeqV2,I,R,N,I,C,I,E,T,S,T,S,G,K,A,A,N,Y,D,I,D,V,WT
RCN15325,LA,AmpSeqV2,I,R,N,I,C,I,E,T,S,T,S,G,K,A,A,N,Y,D,I,D,V,WT
RCN15327,LA,AmpSeqV2,I,R,N,L,C,I,E,T,S,T,S,G,N,G,A,N,F,D,I,Y,M,C580Y
RCN15328,LA,AmpSeqV2,I,R,N,L,C,I,E,T,S,T,S,G,N,G,A,N,F,D,I,Y,M,C580Y
RCN15332,LA,AmpSeqV2,I,R,N,I,C,I,D,T,N,I,S,A,K,A,A,N,Y,D,I,D,V,WT
RCN15333,LA,AmpSeqV2,I,R,N,L,C,I,E,T,S,T,S,G,N,G,A,N,F,D,I,Y,M,C580Y
RCN15334,LA,AmpSeqV2,I,R,N,I,C,I,D,T,N,I,S,G,E,A,A,Y,Y,D,T,D,V,WT
RCN15335,LA,AmpSeqV2,N,R,N,I,C,"M,I","N,D","K,T",N,I,S,A,K,A,A,N,Y,D,T,D,V,WT
RCN15341,LA,AmpSeqV2,I,R,N,I,C,I,D,T,N,I,S,A,K,A,A,N,Y,D,I,D,V,WT
RCN15342,LA,AmpSeqV2,I,R,N,L,C,I,E,T,S,T,S,G,N,G,A,N,F,D,I,Y,M,C580Y
RCN15345,LA,AmpSeqV2,I,R,N,I,C,I,D,T,N,I,S,A,K,A,A,N,Y,D,I,D,V,WT
RCN15346,LA,AmpSeqV2,I,R,N,I,C,I,D,T,N,I,S,A,K,A,A,N,Y,D,I,D,V,WT
RCN15347,LA,AmpSeqV2,I,R,N,I,C,I,D,T,N,I,A,G,E,A,T,N,F,D,I,Y,M,C580Y
RCN15348,LA,AmpSeqV2,I,R,N,I,C,I,D,T,N,I,A,G,E,A,T,N,F,D,I,Y,M,C580Y
RCN15349,LA,AmpSeqV2,I,R,N,I,C,I,D,T,N,I,A,G,E,A,T,N,F,D,I,Y,M,C580Y
RCN15350,LA,AmpSeqV2,I,R,N,I,C,I,D,T,N,I,A,G,E,A,T,N,F,D,I,Y,M,C580Y
RCN15351,LA,AmpSeqV2,I,R,N,L,C,I,D,T,N,I,A,G,E,A,T,N,F,D,I,Y,M,C580Y
RCN15352,LA,AmpSeqV2,I,R,N,I,C,I,D,T,N,I,S,A,K,A,A,N,Y,D,I,D,V,WT
RCN15353,LA,AmpSeqV2,I,R,N,I,C,I,D,T,N,I,A,G,E,A,T,N,F,D,I,Y,M,C580Y
RCN15354,LA,AmpSeqV2,I,R,N,L,C,I,E,T,S,T,S,G,N,G,A,N,F,D,I,Y,M,C580Y
RCN15355,LA,AmpSeqV2,I,R,N,I,C,I,D,T,N,I,A,G,E,A,T,N,F,D,I,Y,M,C580Y
RCN15356,LA,AmpSeqV2,I,R,N,I,C,I,D,T,N,I,S,A,K,A,A,N,Y,D,I,D,V,WT
RCN15357,LA,AmpSeqV2,I,R,N,I,C,I,D,T,N,I,S,G,E,A,A,Y,Y,D,T,D,V,WT
RCN15358,LA,AmpSeqV2,I,R,N,L,C,I,E,T,S,T,S,G,N,G,A,N,F,D,I,Y,M,C580Y
RCN15362,LA,AmpSeqV2,I,R,N,I,C,I,D,T,N,I,S,A,K,A,A,N,Y,D,I,D,V,WT
RCN15366,LA,AmpSeqV2,I,R,N,I,C,I,D,T,N,I,S,A,K,A,A,N,Y,D,I,D,V,WT
RCN15369,LA,AmpSeqV2,I,R,N,I,C,I,D,T,N,I,S,A,K,A,A,N,Y,D,I,D,V,WT
RCN15371,LA,AmpSeqV2,I,R,N,L,C,I,E,T,S,T,S,G,N,G,A,N,F,D,I,Y,M,C580Y
RCN15372,LA,AmpSeqV2,I,R,N,I,C,I,D,T,N,I,S,A,K,A,A,N,Y,D,I,D,V,WT
RCN15373,LA,AmpSeqV2,I,R,N,I,C,I,D,T,N,I,S,A,K,A,A,N,Y,D,I,D,V,WT
RCN15374,LA,AmpSeqV2,I,R,N,I,C,I,D,T,N,I,S,A,K,A,A,N,Y,D,I,D,V,WT
RCN15376,LA,AmpSeqV2,I,R,N,I,C,I,D,T,N,I,S,G,E,A,A,Y,Y,D,T,D,V,WT
RCN15377,LA,AmpSeqV2,I,R,N,I,C,I,D,T,N,I,S,G,E,A,A,Y,Y,D,T,D,V,WT
RCN15381,LA,AmpSeqV2,I,R,N,I,C,I,D,T,N,I,S,A,K,A,A,N,Y,D,I,D,V,WT
RCN15382,LA,AmpSeqV2,I,R,N,I,C,I,D,T,N,I,S,A,K,A,A,N,Y,D,I,D,V,WT
RCN15387,LA,AmpSeqV2,I,R,N,I,C,I,D,T,N,I,S,A,K,A,A,N,Y,D,I,D,V,WT
RCN15845,VN,AmpSeqV2,I,R,N,L,C,I,E,T,S,T,S,G,N,G,A,N,F,D,I,Y,M,C580Y
RCN15869,VN,AmpSeqV2,I,R,N,L,C,I,E,T,S,T,S,G,N,G,A,N,F,D,I,Y,M,C580Y
RCN15877,VN,AmpSeqV2,N,R,N,I,C,I,D,T,N,I,S,A,K,A,A,N,Y,D,I,D,V,WT
RCN15885,VN,AmpSeqV2,I,R,N,L,C,I,E,T,S,T,S,G,N,G,A,N,F,D,I,Y,M,C580Y
RCN15887,VN,AmpSeqV2,I,R,N,I,C,I,E,T,S,T,S,G,N,G,A,N,Y,D,I,Y,M,C580Y
RCN15888,VN,AmpSeqV2,I,R,N,L,C,I,E,T,S,T,S,G,N,G,A,N,F,D,I,Y,M,C580Y
RCN15893,VN,AmpSeqV2,I,R,N,L,C,I,E,T,S,T,S,G,N,G,A,N,F,D,I,Y,M,C580Y
RCN15894,VN,AmpSeqV2,I,R,N,L,C,I,E,T,S,T,S,G,N,G,A,N,F,D,I,Y,M,C580Y
RCN15895,VN,AmpSeqV2,I,R,N,L,C,I,E,T,S,T,S,G,N,G,A,N,F,D,I,Y,M,C580Y
RCN15897,VN,AmpSeqV2,I,R,N,I,C,I,E,T,N,I,S,G,N,G,A,N,F,D,T,Y,M,C580Y
RCN15903,VN,AmpSeqV2,I,R,N,L,C,I,E,T,S,T,S,G,N,G,A,N,F,D,I,Y,M,C580Y
RCN15904,VN,AmpSeqV2,I,R,N,I,C,I,D,T,N,I,S,A,K,A,A,N,Y,D,I,D,V,WT
RCN15905,VN,AmpSeqV2,I,R,N,L,C,I,E,T,S,T,S,G,N,G,A,N,F,D,I,Y,M,C580Y
RCN15908,VN,AmpSeqV2,I,R,N,L,C,I,E,T,S,T,S,G,N,G,A,N,F,D,I,Y,M,C580Y
RCN15911,VN,AmpSeqV2,I,R,N,L,C,I,E,T,S,T,S,G,N,G,A,N,F,D,I,Y,M,C580Y
RCN15912,VN,AmpSeqV2,I,R,N,L,C,I,E,T,S,T,S,G,N,G,A,N,F,D,I,Y,M,C580Y
RCN15913,VN,AmpSeqV2,I,R,N,L,C,I,E,T,S,T,S,G,N,G,A,N,F,D,I,Y,M,C580Y
RCN15926,VN,AmpSeqV2,I,R,N,L,C,I,E,T,S,T,S,G,N,G,A,N,F,D,I,Y,M,C580Y
RCN15927,VN,AmpSeqV2,I,R,N,L,C,I,E,T,S,T,S,G,N,G,A,N,F,D,I,Y,M,C580Y
RCN15928,VN,AmpSeqV2,I,R,N,L,C,I,E,T,S,T,S,G,N,G,A,N,F,D,I,Y,M,C580Y
RCN15930,VN,AmpSeqV2,I,R,N,L,C,I,E,T,S,T,S,G,N,G,A,N,F,D,I,Y,M,C580Y
RCN15932,VN,AmpSeqV2,I,R,N,L,C,I,E,T,S,T,S,G,N,G,A,N,F,D,I,Y,M,C580Y
RCN15934,VN,AmpSeqV2,I,R,N,L,C,I,E,T,S,T,S,G,N,G,A,N,F,D,I,Y,M,C580Y
RCN15936,VN,AmpSeqV2,I,R,N,L,C,I,E,T,S,T,S,G,N,G,A,N,F,D,I,Y,M,C580Y
RCN15937,VN,AmpSeqV2,I,R,N,L,C,I,E,T,S,T,S,G,N,G,A,N,F,D,I,Y,M,C580Y
RCN15942,VN,AmpSeqV2,I,R,N,L,C,I,E,T,S,T,S,G,N,G,A,N,F,D,I,Y,M,C580Y
RCN15944,VN,AmpSeqV2,I,R,N,L,C,I,E,T,S,T,S,G,N,G,A,N,F,D,I,Y,M,C580Y
RCN15946,VN,AmpSeqV2,I,R,N,L,C,I,E,T,S,T,S,G,N,G,A,N,F,D,I,Y,M,C580Y
RCN15950,VN,AmpSeqV2,I,R,N,L,C,I,E,T,S,T,S,G,N,G,A,N,F,D,I,Y,M,C580Y
RCN15958,VN,AmpSeqV2,I,R,N,L,C,I,E,T,S,T,S,G,N,G,A,N,F,D,I,Y,M,C580Y
RCN15961,VN,AmpSeqV2,I,R,N,L,C,I,E,T,S,T,S,G,N,G,A,N,F,D,I,Y,M,C580Y
RCN15966,VN,AmpSeqV2,I,R,N,L,C,I,E,T,S,T,S,G,N,G,A,N,F,D,I,Y,M,C580Y
RCN15967,VN,AmpSeqV2,I,R,N,L,C,I,E,T,S,T,S,G,N,G,A,N,F,D,I,Y,M,C580Y
RCN15968,VN,AmpSeqV2,I,R,N,L,C,I,E,T,S,T,S,G,N,G,A,N,F,D,I,Y,M,C580Y
RCN15975,VN,AmpSeqV2,I,R,N,L,C,I,E,T,S,T,S,G,N,G,A,N,F,D,I,Y,M,C580Y
RCN15978,VN,AmpSeqV2,I,R,N,L,C,I,E,T,S,T,S,G,N,G,A,N,F,D,I,Y,M,C580Y
RCN15979,VN,AmpSeqV2,I,R,N,L,C,I,E,T,S,T,S,G,N,G,A,N,F,D,I,Y,M,C580Y
RCN15980,VN,AmpSeqV2,I,R,N,L,C,I,E,T,S,T,S,G,N,G,A,N,F,D,I,Y,M,C580Y
RCN15982,VN,AmpSeqV2,I,R,N,L,C,I,E,T,S,T,S,G,N,G,A,N,F,D,I,Y,M,C580Y
RCN15983,VN,AmpSeqV2,I,R,N,L,C,I,E,T,S,T,S,G,N,G,A,N,F,D,I,Y,M,C580Y
RCN15987,VN,AmpSeqV2,I,R,N,L,C,I,E,T,S,T,S,G,N,G,A,N,F,D,I,Y,M,C580Y
RCN15988,VN,AmpSeqV2,I,R,N,L,C,I,E,T,S,T,S,G,N,G,A,N,F,D,I,Y,M,C580Y
RCN15989,VN,AmpSeqV2,I,R,N,L,C,I,E,T,S,T,S,G,N,G,A,N,F,D,I,Y,M,C580Y
RCN15990,VN,AmpSeqV2,I,R,N,L,C,I,E,T,S,T,S,G,N,G,A,N,F,D,I,Y,M,C580Y
RCN15991,VN,AmpSeqV2,I,R,N,L,C,I,E,T,S,T,S,G,N,G,A,N,F,D,I,Y,M,C580Y
RCN15995,VN,AmpSeqV2,I,R,N,L,C,I,E,T,S,T,S,G,N,G,A,N,F,D,I,Y,M,C580Y
RCN15997,VN,AmpSeqV2,I,R,N,L,C,I,E,T,S,T,S,G,N,G,A,N,F,D,I,Y,M,C580Y
RCN15999,VN,AmpSeqV2,I,R,N,L,C,I,E,T,S,T,S,G,N,G,A,N,F,D,I,Y,M,C580Y
RCN16004,VN,AmpSeqV2,I,R,N,L,C,I,E,T,S,T,S,G,N,G,A,N,F,D,I,Y,M,C580Y
RCN16005,VN,AmpSeqV2,I,R,N,L,C,I,E,T,S,T,S,G,N,G,A,N,F,D,I,Y,M,C580Y
RCN16006,VN,AmpSeqV2,I,R,N,L,C,I,E,T,S,T,S,G,N,G,A,N,F,D,I,Y,M,C580Y
RCN16011,VN,AmpSeqV2,I,R,N,I,C,I,E,T,S,T,S,G,N,G,A,N,F,D,I,Y,M,C580Y
RCN16014,VN,AmpSeqV2,I,R,N,I,C,I,D,T,N,I,S,G,E,A,A,N,Y,D,I,D,M,WT
RCN16015,VN,AmpSeqV2,I,R,N,I,C,I,D,T,N,I,S,G,E,A,A,N,Y,D,I,D,M,WT
RCN16019,VN,AmpSeqV2,I,R,N,I,C,I,E,T,S,T,S,G,N,G,A,N,Y,D,I,Y,M,C580Y
RCN16020,VN,AmpSeqV2,I,R,N,I,C,I,E,T,S,T,A,G,K,A,A,N,F,D,I,Y,M,WT
RCN16022,VN,AmpSeqV2,I,R,N,L,C,I,E,T,S,T,S,G,N,G,A,N,F,D,I,Y,M,C580Y
RCN16023,VN,AmpSeqV2,I,R,N,I,C,I,E,T,S,T,A,G,K,A,A,N,F,D,I,Y,M,WT
RCN16026,VN,AmpSeqV2,I,R,N,L,C,I,E,T,S,T,S,G,N,G,A,N,F,D,I,Y,M,C580Y
RCN16027,VN,AmpSeqV2,I,R,N,L,C,I,E,T,S,T,S,G,N,G,A,N,F,D,I,Y,M,C580Y
RCN16029,VN,AmpSeqV2,I,R,N,L,C,I,E,T,S,T,S,G,N,G,A,N,F,D,I,Y,M,C580Y
RCN16042,VN,AmpSeqV2,I,R,N,I,C,I,E,T,S,T,A,G,K,A,A,N,F,D,I,Y,M,WT
RCN16043,VN,AmpSeqV2,I,R,N,I,C,I,E,T,S,T,A,G,K,A,A,N,F,D,I,Y,M,WT
RCN16045,VN,AmpSeqV2,I,R,N,L,C,I,E,T,S,T,S,G,N,G,A,N,F,D,I,Y,M,C580Y
RCN16046,VN,AmpSeqV2,I,R,N,L,C,I,E,T,S,T,S,G,N,G,A,N,F,D,I,Y,M,C580Y
RCN16047,VN,AmpSeqV2,I,R,N,L,C,I,E,T,S,T,S,G,N,G,A,N,F,D,I,Y,M,C580Y
RCN16049,VN,AmpSeqV2,I,R,N,L,C,I,E,T,S,T,S,G,N,G,A,N,F,D,I,Y,M,C580Y
RCN16050,VN,AmpSeqV2,I,R,N,L,C,I,E,T,S,T,S,G,N,G,A,N,F,D,I,Y,M,C580Y
RCN18470,VN,AmpSeqV2,I,R,N,L,C,I,E,T,S,T,S,G,N,G,A,N,F,D,I,Y,M,C580Y
RCN18485,VN,AmpSeqV2,I,R,N,L,C,I,E,T,S,T,S,G,N,G,A,N,F,D,I,Y,M,C580Y
RCN18488,VN,AmpSeqV2,I,R,N,L,C,I,E,T,S,T,S,G,N,G,A,N,F,D,I,Y,M,C580Y
RCN18489,VN,AmpSeqV2,I,R,N,L,C,I,E,T,S,T,S,G,N,G,A,N,F,D,I,Y,M,C580Y
RCN18493,VN,AmpSeqV2,I,R,N,L,C,I,E,T,S,T,S,G,N,G,A,N,F,D,I,Y,M,C580Y
RCN18494,VN,AmpSeqV2,I,R,N,L,C,I,E,T,S,T,S,G,N,G,A,N,F,D,I,Y,M,C580Y
RCN18496,VN,AmpSeqV2,I,R,N,L,C,I,E,T,S,T,S,G,N,G,A,N,F,D,I,Y,M,C580Y
RCN18500,VN,AmpSeqV2,I,R,N,L,C,I,E,T,S,T,S,G,N,G,A,N,F,D,I,Y,M,C580Y
RCN18503,VN,AmpSeqV2,I,R,N,L,C,I,E,T,S,T,S,G,N,G,A,N,F,D,I,Y,M,C580Y
RCN18504,VN,AmpSeqV2,I,R,N,L,C,I,E,T,S,T,S,G,N,G,A,N,F,D,I,Y,M,C580Y
RCN18511,VN,AmpSeqV2,I,R,N,L,C,I,E,T,S,T,S,G,N,G,A,N,F,D,I,Y,M,C580Y
RCN18512,VN,AmpSeqV2,I,R,N,L,C,I,E,T,S,T,S,G,N,G,A,N,F,D,I,Y,M,C580Y
RCN18513,VN,AmpSeqV2,I,R,N,L,C,I,E,T,S,T,S,G,N,G,A,N,F,D,I,Y,M,C580Y
RCN18518,VN,AmpSeqV2,I,R,N,L,C,I,E,T,S,T,S,G,N,G,A,N,F,D,I,Y,M,C580Y
RCN18519,VN,AmpSeqV2,I,R,N,I,C,I,E,T,S,T,S,G,N,G,A,N,F,D,I,Y,M,C580Y
RCN18534,VN,AmpSeqV2,I,R,N,L,C,I,E,T,S,T,S,G,N,G,A,N,F,D,I,Y,M,C580Y
RCN18536,VN,AmpSeqV2,I,R,N,L,C,I,E,T,S,T,S,G,N,G,A,N,F,D,I,Y,M,C580Y
RCN18540,VN,AmpSeqV2,I,R,N,L,C,I,E,T,S,T,S,G,N,G,A,N,F,D,I,Y,M,C580Y
RCN18542,VN,AmpSeqV2,I,R,N,L,C,I,E,T,S,T,S,G,N,G,A,N,F,D,I,Y,M,C580Y
RCN18543,VN,AmpSeqV2,I,R,N,L,C,I,E,T,S,T,S,G,N,G,A,N,F,D,I,Y,M,C580Y
RCN18549,VN,AmpSeqV2,I,R,N,L,C,I,E,T,S,T,S,G,N,G,A,N,F,D,I,Y,M,C580Y
RCN18550,VN,AmpSeqV2,I,R,N,L,C,I,E,T,S,T,S,G,N,G,A,N,F,D,I,Y,M,C580Y
RCN18551,VN,AmpSeqV2,I,R,N,L,C,I,E,T,S,T,S,G,N,G,A,N,F,D,I,Y,M,C580Y
RCN18560,VN,AmpSeqV2,I,R,N,L,C,I,E,T,S,T,S,G,N,G,A,N,F,D,I,Y,M,C580Y
RCN18565,VN,AmpSeqV2,I,R,N,L,C,I,E,T,S,T,S,G,N,G,A,N,F,D,I,Y,M,C580Y
RCN18572,VN,AmpSeqV2,I,R,N,L,C,I,E,T,S,T,S,G,N,G,A,N,F,D,I,Y,M,C580Y
RCN18575,VN,AmpSeqV2,I,R,N,L,C,I,E,T,S,T,S,G,N,G,A,N,F,D,I,Y,M,C580Y
RCN18581,VN,AmpSeqV2,I,R,N,I,C,I,D,T,N,I,S,G,E,A,A,N,Y,D,I,D,M,WT
RCN18586,VN,AmpSeqV2,I,R,N,L,C,I,E,T,S,T,S,G,N,G,A,N,F,D,I,Y,M,C580Y
RCN18587,VN,AmpSeqV2,I,R,N,L,C,I,E,T,S,T,S,G,N,G,A,N,F,D,I,Y,M,C580Y
RCN18589,VN,AmpSeqV2,I,R,N,L,C,I,E,T,S,T,S,G,N,G,A,N,F,D,I,Y,M,C580Y
RCN18590,VN,AmpSeqV2,I,R,N,L,C,I,E,T,S,T,S,G,N,G,A,N,F,D,I,Y,M,C580Y
RCN18591,VN,AmpSeqV2,I,R,N,L,C,I,E,T,S,T,S,G,N,G,A,N,F,D,I,Y,M,C580Y
RCN18593,VN,AmpSeqV2,I,R,N,"I,L",C,I,E,T,S,T,S,G,N,G,A,N,F,D,I,Y,M,C580Y
RCN18594,VN,AmpSeqV2,I,R,N,"I,L",C,I,E,T,S,T,S,G,N,G,A,N,F,D,I,Y,M,C580Y
RCN18607,VN,AmpSeqV2,I,R,N,L,C,I,E,T,S,T,S,G,N,G,A,N,F,D,I,Y,M,C580Y
RCN18611,VN,AmpSeqV2,I,R,N,L,C,I,E,T,S,T,S,G,N,G,A,N,F,D,I,Y,M,C580Y
RCN18612,VN,AmpSeqV2,I,R,N,L,C,I,E,T,S,T,S,G,N,G,A,N,F,D,I,Y,M,C580Y
RCN18613,VN,AmpSeqV2,I,R,N,L,C,I,E,T,S,T,S,G,N,G,A,N,F,D,I,Y,M,C580Y
RCN18614,VN,AmpSeqV2,I,R,N,L,C,I,E,T,S,T,S,G,N,G,A,N,F,D,I,Y,M,C580Y
RCN18615,VN,AmpSeqV2,I,R,N,L,C,I,E,T,S,T,S,G,N,G,A,N,F,D,I,Y,M,C580Y
RCN18618,VN,AmpSeqV2,I,R,N,L,C,I,E,T,S,T,S,G,N,G,A,N,F,D,I,Y,M,C580Y
RCN18621,VN,AmpSeqV2,I,R,N,L,C,I,E,T,S,T,S,G,N,G,A,N,F,D,I,Y,M,C580Y
RCN18622,VN,AmpSeqV2,I,R,N,L,C,I,E,T,S,T,S,G,N,G,A,N,F,D,I,Y,M,C580Y
RCN18627,VN,AmpSeqV2,I,R,N,L,C,I,E,T,S,T,S,G,N,G,A,N,F,D,I,Y,M,C580Y
RCN18630,VN,AmpSeqV2,I,R,N,L,C,I,E,T,S,T,S,G,N,G,A,N,F,D,I,Y,M,C580Y
RCN18631,VN,AmpSeqV2,I,R,N,L,C,I,E,T,S,T,S,G,N,G,A,N,F,D,I,Y,M,C580Y
RCN18633,VN,AmpSeqV2,I,R,N,L,C,I,E,T,S,T,S,G,N,G,A,N,F,D,I,Y,M,C580Y
RCN18634,VN,AmpSeqV2,I,R,N,L,C,I,E,T,S,T,S,G,N,G,A,N,F,D,I,Y,M,C580Y
RCN18635,VN,AmpSeqV2,I,R,N,L,C,I,E,T,S,T,S,G,N,G,A,N,F,D,I,Y,M,C580Y
RCN18636,VN,AmpSeqV2,I,R,N,L,C,I,E,T,S,T,S,G,N,G,A,N,F,D,I,Y,M,C580Y
RCN18637,VN,AmpSeqV2,I,R,N,L,C,I,E,T,S,T,S,G,N,G,A,N,F,D,I,Y,M,C580Y
RCN18638,VN,AmpSeqV2,I,R,N,L,C,I,E,T,S,T,S,G,N,G,A,N,F,D,I,Y,M,C580Y
RCN18639,VN,AmpSeqV2,I,R,N,L,C,I,E,T,S,T,S,G,N,G,A,N,F,D,I,Y,M,C580Y
RCN18641,VN,AmpSeqV2,I,R,N,L,C,I,E,T,S,T,S,G,N,G,A,N,F,D,I,Y,M,C580Y
RCN18644,VN,AmpSeqV2,I,R,N,L,C,I,E,T,S,T,S,G,N,G,A,N,F,D,I,Y,M,C580Y
RCN18646,VN,AmpSeqV2,I,R,N,L,C,I,E,T,S,T,S,G,N,G,A,N,F,D,I,Y,M,C580Y
RCN18647,VN,AmpSeqV2,I,R,N,L,C,I,E,T,S,T,S,G,N,G,A,N,F,D,I,Y,M,C580Y
RCN18651,VN,AmpSeqV2,I,R,N,L,C,I,E,T,S,T,S,G,N,G,A,N,F,D,I,Y,M,C580Y
RCN18654,VN,AmpSeqV2,I,R,N,L,C,I,E,T,S,T,S,G,N,G,A,N,F,D,I,Y,M,C580Y
RCN18655,VN,AmpSeqV2,I,R,N,L,C,I,E,T,S,T,S,G,N,G,A,N,F,D,I,Y,M,C580Y
RCN18658,VN,AmpSeqV2,I,R,N,L,C,I,E,T,S,T,S,G,N,G,A,N,F,D,I,Y,M,C580Y
RCN18659,VN,AmpSeqV2,I,R,N,L,C,I,E,T,S,T,S,G,N,G,A,N,F,D,I,Y,M,C580Y
RCN18660,VN,AmpSeqV2,I,R,N,L,C,I,E,T,S,T,S,G,N,G,A,N,F,D,I,Y,M,C580Y
RCN18664,VN,AmpSeqV2,I,R,N,L,C,I,E,T,S,T,S,G,N,G,A,N,F,D,I,Y,M,C580Y
RCN18665,VN,AmpSeqV2,I,R,N,L,C,I,E,T,S,T,S,G,N,G,A,N,F,D,I,Y,M,C580Y
RCN18667,VN,AmpSeqV2,I,R,N,L,C,I,E,T,S,T,S,G,N,G,A,N,F,D,I,Y,M,C580Y
RCN18669,VN,AmpSeqV2,I,R,N,L,C,I,E,T,S,T,S,G,N,G,A,N,F,D,I,Y,M,C580Y
RCN18671,VN,AmpSeqV2,I,R,N,L,C,I,E,T,S,T,S,G,N,G,A,N,F,D,I,Y,M,C580Y
RCN18672,VN,AmpSeqV2,I,R,N,L,C,I,E,T,S,T,S,G,N,G,A,N,F,D,I,Y,M,C580Y
RCN18673,VN,AmpSeqV2,I,R,N,L,C,I,E,T,S,T,S,G,N,G,A,N,F,D,I,Y,M,C580Y
RCN18675,VN,AmpSeqV2,I,R,N,L,C,I,E,T,S,T,S,G,N,G,A,N,F,D,I,Y,M,C580Y
RCN18676,VN,AmpSeqV2,I,R,N,L,C,I,E,T,S,T,S,G,N,G,A,N,F,D,I,Y,M,C580Y
RCN18677,VN,AmpSeqV2,I,R,N,L,C,I,E,T,S,T,S,G,N,G,A,N,F,D,I,Y,M,C580Y
RCN18680,VN,AmpSeqV2,I,R,N,L,C,I,E,T,S,T,S,G,N,G,A,N,F,D,I,Y,M,C580Y
RCN18681,VN,AmpSeqV2,I,R,N,L,C,I,E,T,S,T,S,G,N,G,A,N,F,D,I,Y,M,C580Y
RCN18682,VN,AmpSeqV2,I,R,N,L,C,I,E,T,S,T,S,G,N,G,A,N,F,D,I,Y,M,C580Y
RCN18683,VN,AmpSeqV2,I,R,N,L,C,I,E,T,S,T,S,G,N,G,A,N,F,D,I,Y,M,C580Y
RCN18684,VN,AmpSeqV2,I,R,N,L,C,I,E,T,S,T,S,G,N,G,A,N,F,D,I,Y,M,C580Y
RCN18685,VN,AmpSeqV2,I,R,N,L,C,I,E,T,S,T,S,G,N,G,A,N,F,D,I,Y,M,C580Y
RCN18688,VN,AmpSeqV2,I,R,N,L,C,I,E,T,S,T,S,G,N,G,A,N,F,D,I,Y,M,C580Y
RCN18691,VN,AmpSeqV2,I,R,N,L,C,I,E,T,S,T,S,G,N,G,A,N,F,D,I,Y,M,C580Y
RCN18692,VN,AmpSeqV2,I,R,N,L,C,I,E,T,S,T,S,G,N,G,A,N,F,D,I,Y,M,C580Y
RCN18693,VN,AmpSeqV2,I,R,N,L,C,I,E,T,S,T,S,G,N,G,A,N,F,D,I,Y,M,C580Y
RCN18695,VN,AmpSeqV2,I,R,N,L,C,I,E,T,S,T,S,G,N,G,A,N,F,D,I,Y,M,C580Y
RCN18696,VN,AmpSeqV2,I,R,N,L,C,I,E,T,S,T,S,G,N,G,A,N,F,D,I,Y,M,C580Y
RCN18697,VN,AmpSeqV2,I,R,N,L,C,I,E,T,S,T,S,G,N,G,A,N,F,D,I,Y,M,C580Y
RCN18698,VN,AmpSeqV2,I,R,N,L,C,I,E,T,S,T,S,G,N,G,A,N,F,D,I,Y,M,C580Y
RCN18699,VN,AmpSeqV2,I,R,N,L,C,I,E,T,S,T,S,G,N,G,A,N,F,D,I,Y,M,C580Y
RCN18700,VN,AmpSeqV2,I,R,N,L,C,I,E,T,S,T,S,G,N,G,A,N,F,D,I,Y,M,C580Y
RCN18704,VN,AmpSeqV2,I,R,N,L,C,I,E,T,S,T,S,G,N,G,A,N,F,D,I,Y,M,C580Y
RCN18705,VN,AmpSeqV2,I,R,N,L,C,I,E,T,S,T,S,G,N,G,A,N,F,D,I,Y,M,C580Y
RCN18706,VN,AmpSeqV2,I,R,N,L,C,I,E,T,S,T,S,G,N,G,A,N,F,D,I,Y,M,C580Y
RCN18707,VN,AmpSeqV2,I,R,N,L,C,I,E,T,S,T,S,G,N,G,A,N,F,D,I,Y,M,C580Y
RCN18708,VN,AmpSeqV2,I,R,N,L,C,I,E,T,S,T,S,G,N,G,A,N,F,D,I,Y,M,C580Y
RCN18709,VN,AmpSeqV2,I,R,N,L,C,I,E,T,S,T,S,G,N,G,A,N,F,D,I,Y,M,C580Y
RCN18713,VN,AmpSeqV2,I,R,N,L,C,I,E,T,S,T,S,G,N,G,A,N,F,D,I,Y,M,C580Y
RCN18714,VN,AmpSeqV2,I,R,N,I,C,M,N,K,N,I,A,G,K,A,A,N,Y,D,I,D,V,WT
RCN18715,VN,AmpSeqV2,I,R,N,I,C,M,N,K,N,I,A,G,K,A,A,N,Y,D,I,D,V,WT
RCN18717,VN,AmpSeqV2,I,R,N,I,C,M,N,K,N,I,S,G,E,A,A,N,Y,D,T,D,M,WT
RCN18720,VN,AmpSeqV2,I,R,N,I,C,M,N,K,N,I,S,G,E,A,A,N,Y,D,T,D,M,WT
RCN18723,VN,AmpSeqV2,I,R,N,I,C,I,E,T,S,T,A,G,K,A,A,N,F,D,I,Y,M,WT
RCN18724,VN,AmpSeqV2,I,R,N,I,C,I,E,T,S,T,A,G,K,A,A,N,F,D,I,Y,M,WT
RCN18725,VN,AmpSeqV2,I,R,N,L,C,I,E,T,S,T,S,G,N,G,A,N,F,D,I,Y,M,C580Y
RCN18728,VN,AmpSeqV2,I,R,N,I,C,I,E,T,S,T,S,G,N,G,A,N,F,D,I,Y,M,C580Y
RCN18729,VN,AmpSeqV2,I,R,N,L,C,I,E,T,S,T,S,G,N,G,A,N,F,D,I,Y,M,C580Y
RCN18730,VN,AmpSeqV2,I,R,N,L,C,I,E,T,S,T,S,G,N,G,A,N,F,D,I,Y,M,C580Y
RCN18731,VN,AmpSeqV2,I,R,N,L,C,I,E,T,S,T,S,G,N,G,A,N,F,D,I,Y,M,C580Y
RCN18732,VN,AmpSeqV2,I,R,N,L,C,I,E,T,S,T,S,G,N,G,A,N,F,D,I,Y,M,C580Y
RCN18734,VN,AmpSeqV2,I,R,N,L,C,I,E,T,S,T,S,G,N,G,A,N,F,D,I,Y,M,C580Y
RCN18735,VN,AmpSeqV2,I,R,N,L,C,I,E,T,S,T,S,G,N,G,A,N,F,D,I,Y,M,C580Y
RCN18736,VN,AmpSeqV2,I,R,N,L,C,I,E,T,S,T,S,G,N,G,A,N,F,D,I,Y,M,C580Y
RCN18737,VN,AmpSeqV2,I,R,N,L,C,I,E,T,S,T,S,G,N,G,A,N,F,D,I,Y,M,C580Y
RCN18738,VN,AmpSeqV2,I,R,N,L,C,I,E,T,S,T,S,G,N,G,A,N,F,D,I,Y,M,C580Y
RCN18739,VN,AmpSeqV2,I,R,N,I,C,I,E,T,N,I,S,A,K,A,A,N,Y,D,T,D,V,WT
RCN18740,VN,AmpSeqV2,I,R,N,L,C,I,E,T,S,T,S,G,N,G,A,N,F,D,I,Y,M,C580Y
RCN18741,VN,AmpSeqV2,I,R,N,L,C,I,E,T,S,T,S,G,N,G,A,N,F,D,I,Y,M,C580Y
RCN18744,VN,AmpSeqV2,I,R,N,L,C,I,E,T,S,T,S,G,N,G,A,N,F,D,I,Y,M,C580Y
RCN18745,VN,AmpSeqV2,I,R,N,L,C,I,E,T,S,T,S,G,N,G,A,N,F,D,I,Y,M,C580Y
RCN18748,VN,AmpSeqV2,I,R,N,L,C,I,E,T,S,T,S,G,N,G,A,N,F,D,I,Y,M,C580Y
RCN18749,VN,AmpSeqV2,I,R,N,L,C,I,E,T,S,T,S,G,N,G,A,N,F,D,I,Y,M,C580Y
RCN24787,VN,AmpSeqV2,I,R,N,L,C,I,E,T,S,T,S,G,N,G,A,N,F,D,I,Y,M,C580Y
RCN24788,VN,AmpSeqV2,I,R,N,L,C,I,E,T,S,T,S,G,N,G,A,N,F,D,I,Y,M,C580Y
RCN24789,VN,AmpSeqV2,I,R,N,I,C,I,E,T,S,T,A,G,K,A,A,N,F,D,I,Y,M,WT
RCN24790,VN,AmpSeqV2,I,R,N,L,C,I,E,T,S,T,S,G,N,G,A,N,F,D,I,Y,M,C580Y
RCN24791,VN,AmpSeqV2,I,R,N,I,C,M,N,K,N,I,A,G,K,A,A,N,Y,D,T,D,V,WT
RCN24792,VN,AmpSeqV2,I,R,N,L,C,I,E,T,S,T,S,G,N,G,A,N,F,D,I,Y,M,C580Y
RCN24793,VN,AmpSeqV2,I,R,N,L,C,I,E,T,S,T,S,G,N,G,A,N,F,D,I,Y,M,C580Y
RCN24794,VN,AmpSeqV2,I,R,N,I,C,I,E,T,S,T,S,G,E,A,A,N,F,D,T,D,M,WT
RCN24795,VN,AmpSeqV2,I,R,N,L,C,I,E,T,S,T,S,G,N,G,A,N,F,D,I,Y,M,C580Y
RCN24796,VN,AmpSeqV2,I,R,N,L,C,I,E,T,S,T,S,G,N,G,A,N,F,D,I,Y,M,C580Y
RCN24797,VN,AmpSeqV2,I,R,N,L,C,I,E,T,S,T,S,G,N,G,A,N,F,D,I,Y,M,C580Y
RCN24798,VN,AmpSeqV2,I,R,N,L,C,I,E,T,S,T,S,G,N,G,A,N,F,D,I,Y,M,C580Y
RCN24799,VN,AmpSeqV2,I,R,N,L,C,I,E,T,S,T,S,G,N,G,A,N,F,D,I,Y,M,C580Y
RCN24800,VN,AmpSeqV2,I,R,N,L,C,I,E,T,S,T,S,G,N,G,A,N,F,D,I,Y,M,C580Y
RCN24801,VN,AmpSeqV2,I,R,N,L,C,I,E,T,S,T,S,G,N,G,A,N,F,D,I,Y,M,C580Y
RCN24802,VN,AmpSeqV2,I,R,N,L,C,I,E,T,S,T,S,G,N,G,A,N,F,D,I,Y,M,C580Y
RCN24803,VN,AmpSeqV2,I,R,N,L,C,I,E,T,S,T,S,G,N,G,A,N,F,D,I,Y,M,C580Y
RCN24804,VN,AmpSeqV2,I,R,N,L,C,I,E,T,S,T,S,G,N,G,A,N,F,D,I,Y,M,C580Y
RCN24806,VN,AmpSeqV2,I,R,N,L,C,I,E,T,S,T,S,G,N,G,A,N,F,D,I,Y,M,C580Y
RCN24807,VN,AmpSeqV2,I,R,N,L,C,I,E,T,S,T,S,G,N,G,A,N,F,D,I,Y,M,C580Y
RCN24808,VN,AmpSeqV2,I,R,N,L,C,I,E,T,S,T,S,G,N,G,A,N,F,D,I,Y,M,C580Y
RCN24809,VN,AmpSeqV2,I,R,N,L,C,I,E,T,S,T,S,G,N,G,A,N,F,D,I,Y,M,C580Y
RCN24810,VN,AmpSeqV2,I,R,N,L,C,I,E,T,S,T,S,G,N,G,A,N,F,D,I,Y,M,C580Y
RCN24811,VN,AmpSeqV2,I,R,N,L,C,I,E,T,S,T,S,G,N,G,A,N,F,D,I,Y,M,C580Y
RCN24812,VN,AmpSeqV2,I,R,N,L,C,I,E,T,S,T,S,G,N,G,A,N,F,D,I,Y,M,C580Y
RCN24813,VN,AmpSeqV2,I,R,N,L,C,I,E,T,S,T,S,G,N,G,A,N,F,D,I,Y,M,C580Y
RCN24814,VN,AmpSeqV2,I,R,N,L,C,I,E,T,S,T,S,G,N,G,A,N,F,D,I,Y,M,C580Y
RCN24815,VN,AmpSeqV2,I,R,N,L,C,I,E,T,S,T,S,G,N,G,A,N,F,D,I,Y,M,C580Y
RCN24816,VN,AmpSeqV2,I,R,N,L,C,I,E,T,S,T,S,G,N,G,A,N,F,D,I,Y,M,C580Y
RCN24817,VN,AmpSeqV2,I,R,N,L,C,I,E,T,S,T,S,G,N,G,A,N,F,D,I,Y,M,C580Y
RCN24818,VN,AmpSeqV2,I,R,N,L,C,I,E,T,S,T,S,G,N,G,A,N,F,D,I,Y,M,C580Y
RCN24819,VN,AmpSeqV2,I,R,N,L,C,I,E,T,S,T,S,G,N,G,A,N,F,D,I,Y,M,C580Y
RCN24821,VN,AmpSeqV2,I,R,N,L,C,I,E,T,S,T,S,G,N,G,A,N,F,D,I,Y,M,C580Y
RCN24822,VN,AmpSeqV2,I,R,N,L,C,I,E,T,S,T,S,G,N,G,A,N,F,D,I,Y,M,C580Y
RCN24823,VN,AmpSeqV2,I,R,N,L,C,I,E,T,S,T,S,G,N,G,A,N,F,D,I,Y,M,C580Y
RCN24824,VN,AmpSeqV2,I,R,N,L,C,I,E,T,S,T,S,G,N,G,A,N,F,D,I,Y,M,C580Y
RCN24825,VN,AmpSeqV2,I,R,N,L,C,I,E,T,S,T,S,G,N,G,A,N,F,D,I,Y,M,C580Y
RCN24827,VN,AmpSeqV2,I,R,N,L,C,I,E,T,S,T,S,G,N,G,A,N,F,D,I,Y,M,C580Y
RCN24828,VN,AmpSeqV2,I,R,N,L,C,I,E,T,S,T,S,G,N,G,A,N,F,D,I,Y,M,C580Y
RCN24829,VN,AmpSeqV2,I,R,N,L,C,I,E,T,S,T,S,G,N,G,A,N,F,D,I,Y,M,C580Y
RCN24831,VN,AmpSeqV2,I,R,N,L,C,I,E,T,S,T,S,G,N,G,A,N,F,D,I,Y,M,C580Y
RCN24832,VN,AmpSeqV2,I,R,N,L,C,I,E,T,S,T,S,G,N,G,A,N,F,D,I,Y,M,C580Y
RCN24833,VN,AmpSeqV2,I,R,N,I,C,M,N,K,N,I,A,G,K,A,A,N,Y,D,T,D,V,WT
RCN24834,VN,AmpSeqV2,I,R,N,L,C,I,E,T,S,T,S,G,N,G,A,N,F,D,I,Y,M,C580Y
RCN24838,VN,AmpSeqV2,I,R,N,L,C,I,E,T,S,T,S,G,N,G,A,N,F,D,I,Y,M,C580Y
RCN24839,VN,AmpSeqV2,I,R,N,L,C,I,E,T,S,T,S,G,N,G,A,N,F,D,I,Y,M,C580Y
RCN24840,VN,AmpSeqV2,I,R,N,L,C,I,E,T,S,T,S,G,N,G,A,N,F,D,I,Y,M,C580Y
RCN24842,VN,AmpSeqV2,I,R,N,L,C,I,E,T,S,T,S,G,N,G,A,N,F,D,I,Y,M,C580Y
RCN24851,VN,AmpSeqV2,I,R,N,L,C,I,E,T,S,T,S,G,N,G,A,N,F,D,I,Y,M,C580Y
RCN24853,VN,AmpSeqV2,I,R,N,L,C,I,E,T,S,T,S,G,N,G,A,N,F,D,I,Y,M,C580Y
RCN24856,VN,AmpSeqV2,I,R,N,L,C,I,E,T,S,T,S,G,N,G,A,N,F,D,I,Y,M,C580Y
RCN24857,VN,AmpSeqV2,I,R,N,L,C,I,E,T,S,T,S,G,N,G,A,N,F,D,I,Y,M,C580Y
RCN24859,VN,AmpSeqV2,I,R,N,L,C,I,E,T,S,T,S,G,N,G,A,N,F,D,I,Y,M,C580Y
RCN24860,VN,AmpSeqV2,I,R,N,L,C,I,E,T,S,T,S,G,N,G,A,N,F,D,I,Y,M,C580Y
RCN24862,VN,AmpSeqV2,I,R,N,L,C,I,E,T,S,T,S,G,N,G,A,N,F,D,I,Y,M,C580Y
RCN24864,VN,AmpSeqV2,I,R,N,L,C,I,E,T,S,T,S,G,N,G,A,N,F,D,I,Y,M,C580Y
RCN24867,VN,AmpSeqV2,I,R,N,L,C,I,E,T,S,T,S,G,N,G,A,N,F,D,I,Y,M,C580Y
RCN24870,VN,AmpSeqV2,I,R,N,L,C,I,E,T,S,T,S,G,N,G,A,N,F,D,I,Y,M,C580Y
RCN24871,VN,AmpSeqV2,I,R,N,L,C,I,E,T,S,T,S,G,N,G,A,N,F,D,I,Y,M,C580Y
RCN24873,VN,AmpSeqV2,I,R,N,L,C,I,E,T,S,T,S,G,N,G,A,N,F,D,I,Y,M,C580Y
RCN24874,VN,AmpSeqV2,I,R,N,L,C,I,E,T,S,T,S,G,N,G,A,N,F,D,I,Y,M,C580Y
RCN24877,VN,AmpSeqV2,I,R,N,L,C,I,E,T,S,T,S,G,N,G,A,N,F,D,I,Y,M,C580Y
RCN24878,VN,AmpSeqV2,I,R,N,L,C,I,E,T,S,T,S,G,N,G,A,N,F,D,I,Y,M,C580Y
RCN24883,VN,AmpSeqV2,I,R,N,L,C,I,E,T,S,T,S,G,N,G,A,N,F,D,I,Y,M,C580Y
RCN24884,VN,AmpSeqV2,I,R,N,L,C,I,E,T,S,T,S,G,N,G,A,N,F,D,I,Y,M,C580Y
RCN24885,VN,AmpSeqV2,I,R,N,L,C,I,E,T,S,T,S,G,N,G,A,N,F,D,I,Y,M,C580Y
RCN24888,VN,AmpSeqV2,I,R,N,I,C,I,E,T,S,T,A,G,K,A,A,N,F,D,I,Y,M,WT
RCN24889,VN,AmpSeqV2,I,R,N,L,C,I,E,T,S,T,S,G,N,G,A,N,F,D,I,Y,M,C580Y
RCN24890,VN,AmpSeqV2,I,R,N,L,C,I,E,T,S,T,S,G,N,G,A,N,F,D,I,Y,M,C580Y
RCN24892,VN,AmpSeqV2,I,R,N,L,C,I,E,T,S,T,S,G,N,G,A,N,F,D,I,Y,M,C580Y
RCN24894,VN,AmpSeqV2,I,R,N,L,C,I,E,T,S,T,S,G,N,G,A,N,F,D,I,Y,M,C580Y
RCN24895,VN,AmpSeqV2,I,R,N,L,C,I,E,T,S,T,S,G,N,G,A,N,F,D,I,Y,M,C580Y
RCN24896,VN,AmpSeqV2,I,R,N,L,C,I,E,T,S,T,S,G,N,G,A,N,F,D,I,Y,M,C580Y
RCN24898,VN,AmpSeqV2,I,R,N,L,C,I,E,T,S,T,S,G,N,G,A,N,F,D,I,Y,M,C580Y
RCN24900,VN,AmpSeqV2,I,R,N,L,C,I,E,T,S,T,S,G,N,G,A,N,F,D,I,Y,M,C580Y
RCN24904,VN,AmpSeqV2,I,R,N,L,C,I,E,T,S,T,S,G,N,G,A,N,F,D,I,Y,M,C580Y
RCN24906,VN,AmpSeqV2,I,R,N,I,C,I,E,T,S,T,A,G,K,A,A,N,F,D,I,Y,M,WT
RCN24907,VN,AmpSeqV2,I,R,N,L,C,I,E,T,S,T,S,G,N,G,A,N,F,D,I,Y,M,C580Y
RCN24909,VN,AmpSeqV2,I,R,N,I,C,I,E,T,S,T,A,G,K,A,A,N,F,D,I,Y,M,WT
RCN24910,VN,AmpSeqV2,I,R,N,I,C,I,E,T,S,T,A,G,K,A,A,N,F,D,I,Y,M,WT
RCN24911,VN,AmpSeqV2,I,R,N,I,C,I,E,T,S,T,A,G,K,A,A,N,F,D,I,Y,M,WT
RCN24912,VN,AmpSeqV2,I,R,N,L,C,I,E,T,S,T,S,G,N,G,A,N,F,D,I,Y,M,C580Y
RCN24913,VN,AmpSeqV2,I,R,N,I,C,I,E,T,S,T,A,G,K,A,A,N,F,D,I,Y,M,WT
RCN24914,VN,AmpSeqV2,I,R,N,I,C,I,E,T,S,T,A,G,K,A,A,N,F,D,I,Y,M,WT
RCN24915,VN,AmpSeqV2,I,R,N,L,C,I,E,T,S,T,S,G,N,G,A,N,F,D,I,Y,M,C580Y
RCN24916,VN,AmpSeqV2,I,R,N,L,C,I,E,T,S,T,S,G,N,G,A,N,F,D,I,Y,M,C580Y
RCN24917,VN,AmpSeqV2,I,R,N,L,C,I,E,T,S,T,S,G,N,G,A,N,F,D,I,Y,M,C580Y
RCN24918,VN,AmpSeqV2,N,R,N,I,C,I,E,T,N,I,S,A,K,A,A,N,Y,D,T,D,M,WT
RCN24922,VN,AmpSeqV2,I,R,N,L,C,I,E,T,S,T,S,G,N,G,A,N,F,D,I,Y,M,C580Y
RCN24923,VN,AmpSeqV2,I,R,N,L,C,I,E,T,S,T,S,G,N,G,A,N,F,D,I,Y,M,C580Y
RCN24925,VN,AmpSeqV2,I,R,N,L,C,I,E,T,S,T,S,G,N,G,A,N,F,D,I,Y,M,C580Y
RCN24926,VN,AmpSeqV2,I,R,N,L,C,I,E,T,S,T,S,G,N,G,A,N,F,D,I,Y,M,C580Y
RCN24927,VN,AmpSeqV2,I,R,N,L,C,I,E,T,S,T,S,G,N,G,A,N,F,D,I,Y,M,C580Y
RCN24928,VN,AmpSeqV2,I,R,N,L,C,I,E,T,S,T,S,G,N,G,A,N,F,D,I,Y,M,C580Y
RCN24930,VN,AmpSeqV2,I,R,N,L,C,I,E,T,S,T,S,G,N,G,A,N,F,D,I,Y,M,C580Y
RCN24931,VN,AmpSeqV2,I,R,N,L,C,I,E,T,S,T,S,G,N,G,A,N,F,D,I,Y,M,C580Y
RCN24932,VN,AmpSeqV2,I,R,N,L,C,I,E,T,S,T,S,G,N,G,A,N,F,D,I,Y,M,C580Y
RCN24933,VN,AmpSeqV2,I,R,N,L,C,I,E,T,S,T,S,G,N,G,A,N,F,D,I,Y,M,C580Y
RCN24934,VN,AmpSeqV2,I,R,N,L,C,I,E,T,S,T,S,G,N,G,A,N,F,D,I,Y,M,C580Y
RCN24935,VN,AmpSeqV2,I,R,N,L,C,I,E,T,S,T,S,G,N,G,A,N,F,D,I,Y,M,C580Y
RCN24936,VN,AmpSeqV2,I,R,N,L,C,I,E,T,S,T,S,G,N,G,A,N,F,D,I,Y,M,C580Y
RCN24937,VN,AmpSeqV2,I,R,N,L,C,I,E,T,S,T,S,G,N,G,A,N,F,D,I,Y,M,C580Y
RCN24938,VN,AmpSeqV2,I,R,N,L,C,I,E,T,S,T,S,G,N,G,A,N,F,D,I,Y,M,C580Y
RCN24939,VN,AmpSeqV2,I,R,N,L,C,I,E,T,S,T,S,G,N,G,A,N,F,D,I,Y,M,C580Y
RCN24940,VN,AmpSeqV2,I,R,N,L,C,I,E,T,S,T,S,G,N,G,A,N,F,D,I,Y,M,C580Y
RCN24941,VN,AmpSeqV2,I,R,N,L,C,I,E,T,S,T,S,G,N,G,A,N,F,D,I,Y,M,C580Y
RCN24942,VN,AmpSeqV2,I,R,N,L,C,I,E,T,S,T,S,G,N,G,A,N,F,D,I,Y,M,C580Y
RCN24943,VN,AmpSeqV2,I,R,N,L,C,I,E,T,S,T,S,G,N,G,A,N,F,D,I,Y,M,C580Y
RCN24944,VN,AmpSeqV2,I,R,N,L,C,I,E,T,S,T,S,G,N,G,A,N,F,D,I,Y,M,C580Y
RCN24945,VN,AmpSeqV2,I,R,N,L,C,I,E,T,S,T,S,G,N,G,A,N,F,D,I,Y,M,C580Y
RCN24946,VN,AmpSeqV2,I,R,N,L,C,I,E,T,S,T,S,G,N,G,A,N,F,D,I,Y,M,C580Y
RCN24947,VN,AmpSeqV2,I,R,N,L,C,I,E,T,S,T,S,G,N,G,A,N,F,D,I,Y,M,C580Y
RCN24951,VN,AmpSeqV2,I,R,N,L,C,I,E,T,S,T,S,G,N,G,A,N,F,D,I,Y,M,C580Y
RCN24953,VN,AmpSeqV2,I,R,N,L,C,I,E,T,S,T,S,G,N,G,A,N,F,D,I,Y,M,C580Y
RCN24954,VN,AmpSeqV2,I,R,N,L,C,I,E,T,S,T,S,G,N,G,A,N,F,D,I,Y,M,C580Y
RCN24955,VN,AmpSeqV2,I,R,N,L,C,I,E,T,S,T,S,G,N,G,A,N,F,D,I,Y,M,C580Y
RCN24957,VN,AmpSeqV2,I,R,N,I,C,I,E,T,S,T,S,G,N,G,A,N,F,D,I,Y,M,C580Y
RCN24959,VN,AmpSeqV2,I,R,N,L,C,I,E,T,S,T,S,G,N,G,A,N,F,D,I,Y,M,C580Y
RCN24960,VN,AmpSeqV2,I,R,N,L,C,I,E,T,S,T,S,G,N,G,A,N,F,D,I,Y,M,C580Y
RCN24961,VN,AmpSeqV2,I,R,N,L,C,I,E,T,S,T,S,G,N,G,A,N,F,D,I,Y,M,C580Y
RCN24963,VN,AmpSeqV2,I,R,N,L,C,I,E,T,S,T,S,G,N,G,A,N,F,D,I,Y,M,C580Y
RCN24964,VN,AmpSeqV2,I,R,N,L,C,I,E,T,S,T,S,G,N,G,A,N,F,D,I,Y,M,C580Y
RCN24965,VN,AmpSeqV2,I,R,N,L,C,I,E,T,S,T,S,G,N,G,A,N,F,D,I,Y,M,C580Y
RCN24966,VN,AmpSeqV2,I,R,N,L,C,I,E,T,S,T,S,G,N,G,A,N,F,D,I,Y,M,C580Y
RCN24967,VN,AmpSeqV2,I,R,N,L,C,I,E,T,S,T,S,G,N,G,A,N,F,D,I,Y,M,C580Y
RCN24968,VN,AmpSeqV2,I,R,N,L,C,I,E,T,S,T,S,G,N,G,A,N,F,D,I,Y,M,C580Y
RCN24971,VN,AmpSeqV2,I,R,N,L,C,I,E,T,S,T,S,G,N,G,A,N,F,D,I,Y,M,C580Y
RCN24972,VN,AmpSeqV2,I,R,N,L,C,I,E,T,S,T,S,G,N,G,A,N,F,D,I,Y,M,C580Y
RCN25068,VN,AmpSeqV2,I,R,N,L,C,I,E,T,S,T,S,G,N,G,A,N,F,D,I,Y,M,C580Y
RCN25079,VN,AmpSeqV2,I,R,N,I,C,I,E,T,S,T,A,G,K,A,A,N,F,D,I,Y,M,WT
RCN25081,VN,AmpSeqV2,I,R,N,L,C,I,E,T,S,T,S,G,N,G,A,N,F,D,I,Y,M,C580Y
RCN25083,VN,AmpSeqV2,I,R,N,L,C,I,E,T,S,T,S,G,N,G,A,N,F,D,I,Y,M,C580Y
RCN25084,VN,AmpSeqV2,I,R,N,L,C,I,E,T,S,T,S,G,N,G,A,N,F,D,I,Y,M,C580Y
RCN25085,VN,AmpSeqV2,I,R,N,L,C,I,E,T,S,T,S,G,N,G,A,N,F,D,I,Y,M,C580Y
RCN25093,VN,AmpSeqV2,I,R,N,L,C,I,E,T,S,T,S,G,N,G,A,N,F,D,I,Y,M,C580Y
RCN25097,VN,AmpSeqV2,I,R,N,L,C,I,E,T,S,T,S,G,N,G,A,N,F,D,I,Y,M,C580Y
RCN25099,VN,AmpSeqV2,I,R,N,L,C,I,E,T,S,T,S,G,N,G,A,N,F,D,I,Y,M,C580Y
RCN25103,VN,AmpSeqV2,I,R,N,L,C,I,E,T,S,T,S,G,N,G,A,N,F,D,I,Y,M,C580Y
RCN25104,VN,AmpSeqV2,I,R,N,L,C,I,E,T,S,T,S,G,N,G,A,N,F,D,I,Y,M,C580Y
RCN25105,VN,AmpSeqV2,I,R,N,L,C,I,E,T,S,T,S,G,N,G,A,N,F,D,I,Y,M,C580Y
RCN25107,VN,AmpSeqV2,I,R,N,L,C,I,E,T,S,T,S,G,N,G,A,N,F,D,I,Y,M,C580Y
RCN25108,VN,AmpSeqV2,I,R,N,L,C,I,E,T,S,T,S,G,N,G,A,N,F,D,I,Y,M,C580Y
RCN25118,VN,AmpSeqV2,I,R,N,L,C,I,E,T,S,T,S,G,N,G,A,N,F,D,I,Y,M,C580Y
RCN25119,VN,AmpSeqV2,I,R,N,L,C,I,E,T,S,T,S,G,N,G,A,N,F,D,I,Y,M,C580Y
RCN25120,VN,AmpSeqV2,I,R,N,L,C,I,E,T,S,T,S,G,N,G,A,N,F,D,I,Y,M,C580Y
RCN25125,VN,AmpSeqV2,I,R,N,L,C,I,E,T,S,T,S,G,N,G,A,N,F,D,I,Y,M,C580Y
RCN25129,VN,AmpSeqV2,I,R,N,I,C,I,E,T,S,T,S,G,N,G,A,N,F,D,I,Y,M,C580Y
RCN25130,VN,AmpSeqV2,I,R,N,L,C,I,E,T,S,T,S,G,N,G,A,N,F,D,I,Y,M,C580Y
RCN25137,VN,AmpSeqV2,I,R,N,L,C,I,E,T,S,T,S,G,N,G,A,N,F,D,I,Y,M,C580Y
RCN25143,VN,AmpSeqV2,I,R,N,"I,L",C,I,E,T,S,T,S,G,N,G,A,N,F,D,I,Y,M,C580Y
RCN25145,VN,AmpSeqV2,I,R,N,L,C,I,E,T,S,T,S,G,N,G,A,N,F,D,I,Y,M,C580Y
RCN25153,VN,AmpSeqV2,I,R,N,I,C,I,E,T,S,T,S,G,E,A,A,N,F,D,T,D,M,WT
RCN25158,VN,AmpSeqV2,I,R,N,L,C,I,E,T,S,T,S,G,N,G,A,N,F,D,I,Y,M,C580Y
RCN25162,VN,AmpSeqV2,I,R,N,L,C,I,E,T,S,T,S,G,N,G,A,N,F,D,I,Y,M,C580Y
RCN25170,VN,AmpSeqV2,I,R,N,L,C,I,E,T,S,T,S,G,N,G,A,N,F,D,I,Y,M,C580Y
RCN25177,VN,AmpSeqV2,I,R,N,L,C,I,E,T,S,T,S,G,N,G,A,N,F,D,I,Y,M,C580Y
RCN25178,VN,AmpSeqV2,I,R,N,L,C,I,E,T,S,T,S,G,N,G,A,N,F,D,I,Y,M,C580Y
RCN25190,LA,AmpSeqV2,I,R,N,L,C,I,E,T,S,T,A,G,E,A,A,N,F,D,T,Y,M,C580Y
RCN25251,LA,AmpSeqV2,I,R,N,I,C,I,E,T,S,T,A,G,E,A,A,N,Y,D,I,Y,M,C580Y
RCN25252,LA,AmpSeqV2,I,R,N,I,C,I,E,T,S,T,A,G,E,A,A,N,F,D,I,D,M,R539T
RCN25319,LA,AmpSeqV2,I,R,N,I,C,I,E,T,N,I,A,G,E,A,T,N,Y,D,T,D,V,WT
RCN25908,LA,AmpSeqV2,I,R,N,I,C,I,E,T,N,I,S,A,K,A,A,N,Y,D,T,D,V,WT
RCN25935,LA,AmpSeqV2,I,R,N,I,C,I,D,T,N,I,S,G,E,A,A,Y,Y,D,T,D,V,WT
RCN25937,LA,AmpSeqV2,I,R,N,I,C,I,D,T,N,I,S,G,E,A,A,Y,Y,D,T,D,V,WT
RCN25942,LA,AmpSeqV2,I,R,N,I,C,I,E,T,N,I,S,A,K,A,A,N,Y,D,T,D,V,WT
RCN25946,LA,AmpSeqV2,I,R,N,L,C,I,E,T,S,T,S,G,N,G,A,N,F,D,T,D,M,R539T
RCN25957,LA,AmpSeqV2,I,R,N,I,C,I,D,T,N,I,S,A,K,A,A,N,Y,D,T,D,V,WT
RCN25958,LA,AmpSeqV2,I,R,N,I,C,I,D,T,N,I,S,A,K,A,A,N,Y,D,T,D,V,WT
RCN25976,LA,AmpSeqV2,N,R,N,L,C,I,E,T,N,I,S,A,K,A,A,N,Y,D,T,D,V,WT
RCN25983,LA,AmpSeqV2,N,R,N,I,C,I,D,T,N,I,S,A,K,A,A,N,Y,D,T,D,V,WT
RCN25994,LA,AmpSeqV2,N,R,N,I,C,I,D,T,N,I,S,A,K,A,A,N,Y,D,T,D,V,WT
RCN26582,LA,AmpSeqV2,I,R,N,I,C,I,E,T,S,T,A,G,E,A,A,N,F,D,I,D,M,R539T
RCN26624,LA,AmpSeqV2,I,R,N,I,C,I,D,T,N,I,S,A,K,A,A,N,Y,D,T,D,V,WT
RCN26637,LA,AmpSeqV2,I,R,N,I,C,I,E,T,S,T,A,G,E,A,A,N,F,D,I,D,M,R539T
RCN26646,LA,AmpSeqV2,I,R,N,L,C,I,E,T,S,T,S,G,N,G,A,N,F,D,I,Y,M,C580Y
RCN26647,LA,AmpSeqV2,I,R,N,I,C,I,E,T,S,T,A,G,E,A,A,N,F,D,I,D,M,R539T
RCN26663,LA,AmpSeqV2,I,R,N,I,C,I,E,T,N,I,F,A,K,A,S,N,F,D,I,Y,V,WT
RCN26664,LA,AmpSeqV2,I,R,N,I,C,I,E,T,S,T,A,G,E,A,A,N,F,D,I,D,M,R539T
RCN26673,LA,AmpSeqV2,I,R,N,I,C,I,E,T,S,T,A,G,E,A,A,N,F,D,I,D,M,R539T
RCN26677,LA,AmpSeqV2,I,R,N,I,C,I,E,T,S,T,A,G,E,A,A,N,F,D,I,D,M,R539T
RCN26728,LA,AmpSeqV2,I,R,N,I,C,I,E,T,S,T,A,G,E,A,A,N,F,D,I,D,M,R539T
RCN26735,LA,AmpSeqV2,N,C,S,I,C,I,D,T,N,I,S,A,K,A,A,N,Y,D,T,D,V,WT
RCN26736,LA,AmpSeqV2,N,R,N,I,C,M,N,K,N,I,S,A,K,A,A,N,Y,D,T,D,V,WT
RCN26765,LA,AmpSeqV2,N,R,N,I,C,I,D,T,N,I,S,A,K,A,A,N,Y,D,T,D,V,WT
RCN26767,LA,AmpSeqV2,I,R,N,I,C,I,E,T,S,T,A,G,E,A,A,N,F,D,I,D,M,R539T
RCN26775,LA,AmpSeqV2,N,R,N,I,C,I,D,T,N,I,S,A,K,A,A,N,Y,D,T,D,V,WT
RCN26820,LA,AmpSeqV2,I,R,N,I,C,I,E,T,S,T,A,G,E,A,A,N,F,D,I,D,M,R539T
RCN26938,LA,AmpSeqV2,I,R,N,I,C,I,E,T,S,T,A,G,E,A,A,N,F,D,I,D,M,R539T
