run_accession,sample,ftp_url_read_1,ftp_url_read_2
ERR14388702,RCN12060,ftp.sra.ebi.ac.uk/vol1/fastq/ERR143/002/ERR14388702/ERR14388702_1.fastq.gz,ftp.sra.ebi.ac.uk/vol1/fastq/ERR143/002/ERR14388702/ERR14388702_2.fastq.gz
ERR14388728,RCN12070,ftp.sra.ebi.ac.uk/vol1/fastq/ERR143/028/ERR14388728/ERR14388728_1.fastq.gz,ftp.sra.ebi.ac.uk/vol1/fastq/ERR143/028/ERR14388728/ERR14388728_2.fastq.gz
ERR14389342,RCN12688,ftp.sra.ebi.ac.uk/vol1/fastq/ERR143/042/ERR14389342/ERR14389342_1.fastq.gz,ftp.sra.ebi.ac.uk/vol1/fastq/ERR143/042/ERR14389342/ERR14389342_2.fastq.gz
ERR14388624,RCN12032,ftp.sra.ebi.ac.uk/vol1/fastq/ERR143/024/ERR14388624/ERR14388624_1.fastq.gz,ftp.sra.ebi.ac.uk/vol1/fastq/ERR143/024/ERR14388624/ERR14388624_2.fastq.gz
ERR14388626,RCN12032,ftp.sra.ebi.ac.uk/vol1/fastq/ERR143/026/ERR14388626/ERR14388626_1.fastq.gz,ftp.sra.ebi.ac.uk/vol1/fastq/ERR143/026/ERR14388626/ERR14388626_2.fastq.gz
ERR14388742,RCN12075,ftp.sra.ebi.ac.uk/vol1/fastq/ERR143/042/ERR14388742/ERR14388742_1.fastq.gz,ftp.sra.ebi.ac.uk/vol1/fastq/ERR143/042/ERR14388742/ERR14388742_2.fastq.gz
ERR15625344,RCN12075,ftp.sra.ebi.ac.uk/vol1/fastq/ERR156/044/ERR15625344/ERR15625344_1.fastq.gz,ftp.sra.ebi.ac.uk/vol1/fastq/ERR156/044/ERR15625344/ERR15625344_2.fastq.gz
ERR14388679,RCN12051,ftp.sra.ebi.ac.uk/vol1/fastq/ERR143/079/ERR14388679/ERR14388679_1.fastq.gz,ftp.sra.ebi.ac.uk/vol1/fastq/ERR143/079/ERR14388679/ERR14388679_2.fastq.gz
ERR15625550,RCN12710,ftp.sra.ebi.ac.uk/vol1/fastq/ERR156/050/ERR15625550/ERR15625550_1.fastq.gz,ftp.sra.ebi.ac.uk/vol1/fastq/ERR156/050/ERR15625550/ERR15625550_2.fastq.gz
ERR14388604,RCN12025,ftp.sra.ebi.ac.uk/vol1/fastq/ERR143/004/ERR14388604/ERR14388604_1.fastq.gz,ftp.sra.ebi.ac.uk/vol1/fastq/ERR143/004/ERR14388604/ERR14388604_2.fastq.gz
ERR14388726,RCN12070,ftp.sra.ebi.ac.uk/vol1/fastq/ERR143/026/ERR14388726/ERR14388726_1.fastq.gz,ftp.sra.ebi.ac.uk/vol1/fastq/ERR143/026/ERR14388726/ERR14388726_2.fastq.gz
ERR15625541,RCN12688,ftp.sra.ebi.ac.uk/vol1/fastq/ERR156/041/ERR15625541/ERR15625541_1.fastq.gz,ftp.sra.ebi.ac.uk/vol1/fastq/ERR156/041/ERR15625541/ERR15625541_2.fastq.gz
ERR14388627,RCN12033,ftp.sra.ebi.ac.uk/vol1/fastq/ERR143/027/ERR14388627/ERR14388627_1.fastq.gz,ftp.sra.ebi.ac.uk/vol1/fastq/ERR143/027/ERR14388627/ERR14388627_2.fastq.gz
ERR14388629,RCN12033,ftp.sra.ebi.ac.uk/vol1/fastq/ERR143/029/ERR14388629/ERR14388629_1.fastq.gz,ftp.sra.ebi.ac.uk/vol1/fastq/ERR143/029/ERR14388629/ERR14388629_2.fastq.gz
ERR14388727,RCN12070,ftp.sra.ebi.ac.uk/vol1/fastq/ERR143/027/ERR14388727/ERR14388727_1.fastq.gz,ftp.sra.ebi.ac.uk/vol1/fastq/ERR143/027/ERR14388727/ERR14388727_2.fastq.gz
ERR14389341,RCN12688,ftp.sra.ebi.ac.uk/vol1/fastq/ERR143/041/ERR14389341/ERR14389341_1.fastq.gz,ftp.sra.ebi.ac.uk/vol1/fastq/ERR143/041/ERR14389341/ERR14389341_2.fastq.gz
ERR14389343,RCN12688,ftp.sra.ebi.ac.uk/vol1/fastq/ERR143/043/ERR14389343/ERR14389343_1.fastq.gz,ftp.sra.ebi.ac.uk/vol1/fastq/ERR143/043/ERR14389343/ERR14389343_2.fastq.gz
ERR15625339,RCN12070,ftp.sra.ebi.ac.uk/vol1/fastq/ERR156/039/ERR15625339/ERR15625339_1.fastq.gz,ftp.sra.ebi.ac.uk/vol1/fastq/ERR156/039/ERR15625339/ERR15625339_2.fastq.gz
ERR14388625,RCN12032,ftp.sra.ebi.ac.uk/vol1/fastq/ERR143/025/ERR14388625/ERR14388625_1.fastq.gz,ftp.sra.ebi.ac.uk/vol1/fastq/ERR143/025/ERR14388625/ERR14388625_2.fastq.gz
ERR14388628,RCN12033,ftp.sra.ebi.ac.uk/vol1/fastq/ERR143/028/ERR14388628/ERR14388628_1.fastq.gz,ftp.sra.ebi.ac.uk/vol1/fastq/ERR143/028/ERR14388628/ERR14388628_2.fastq.gz
ERR14388741,RCN12075,ftp.sra.ebi.ac.uk/vol1/fastq/ERR143/041/ERR14388741/ERR14388741_1.fastq.gz,ftp.sra.ebi.ac.uk/vol1/fastq/ERR143/041/ERR14388741/ERR14388741_2.fastq.gz
ERR14388743,RCN12075,ftp.sra.ebi.ac.uk/vol1/fastq/ERR143/043/ERR14388743/ERR14388743_1.fastq.gz,ftp.sra.ebi.ac.uk/vol1/fastq/ERR143/043/ERR14388743/ERR14388743_2.fastq.gz
ERR15625311,RCN12032,ftp.sra.ebi.ac.uk/vol1/fastq/ERR156/011/ERR15625311/ERR15625311_1.fastq.gz,ftp.sra.ebi.ac.uk/vol1/fastq/ERR156/011/ERR15625311/ERR15625311_2.fastq.gz
ERR15625312,RCN12033,ftp.sra.ebi.ac.uk/vol1/fastq/ERR156/012/ERR15625312/ERR15625312_1.fastq.gz,ftp.sra.ebi.ac.uk/vol1/fastq/ERR156/012/ERR15625312/ERR15625312_2.fastq.gz
ERR14388603,RCN12025,ftp.sra.ebi.ac.uk/vol1/fastq/ERR143/003/ERR14388603/ERR14388603_1.fastq.gz,ftp.sra.ebi.ac.uk/vol1/fastq/ERR143/003/ERR14388603/ERR14388603_2.fastq.gz
ERR14388605,RCN12025,ftp.sra.ebi.ac.uk/vol1/fastq/ERR143/005/ERR14388605/ERR14388605_1.fastq.gz,ftp.sra.ebi.ac.uk/vol1/fastq/ERR143/005/ERR14388605/ERR14388605_2.fastq.gz
ERR15625306,RCN12025,ftp.sra.ebi.ac.uk/vol1/fastq/ERR156/006/ERR15625306/ERR15625306_1.fastq.gz,ftp.sra.ebi.ac.uk/vol1/fastq/ERR156/006/ERR15625306/ERR15625306_2.fastq.gz
ERR14388678,RCN12051,ftp.sra.ebi.ac.uk/vol1/fastq/ERR143/078/ERR14388678/ERR14388678_1.fastq.gz,ftp.sra.ebi.ac.uk/vol1/fastq/ERR143/078/ERR14388678/ERR14388678_2.fastq.gz
ERR14388680,RCN12051,ftp.sra.ebi.ac.uk/vol1/fastq/ERR143/080/ERR14388680/ERR14388680_1.fastq.gz,ftp.sra.ebi.ac.uk/vol1/fastq/ERR143/080/ERR14388680/ERR14388680_2.fastq.gz
ERR14388703,RCN12060,ftp.sra.ebi.ac.uk/vol1/fastq/ERR143/003/ERR14388703/ERR14388703_1.fastq.gz,ftp.sra.ebi.ac.uk/vol1/fastq/ERR143/003/ERR14388703/ERR14388703_2.fastq.gz
ERR14388704,RCN12060,ftp.sra.ebi.ac.uk/vol1/fastq/ERR143/004/ERR14388704/ERR14388704_1.fastq.gz,ftp.sra.ebi.ac.uk/vol1/fastq/ERR143/004/ERR14388704/ERR14388704_2.fastq.gz
ERR14389407,RCN12710,ftp.sra.ebi.ac.uk/vol1/fastq/ERR143/007/ERR14389407/ERR14389407_1.fastq.gz,ftp.sra.ebi.ac.uk/vol1/fastq/ERR143/007/ERR14389407/ERR14389407_2.fastq.gz
ERR14389408,RCN12710,ftp.sra.ebi.ac.uk/vol1/fastq/ERR143/008/ERR14389408/ERR14389408_1.fastq.gz,ftp.sra.ebi.ac.uk/vol1/fastq/ERR143/008/ERR14389408/ERR14389408_2.fastq.gz
ERR14389409,RCN12710,ftp.sra.ebi.ac.uk/vol1/fastq/ERR143/009/ERR14389409/ERR14389409_1.fastq.gz,ftp.sra.ebi.ac.uk/vol1/fastq/ERR143/009/ERR14389409/ERR14389409_2.fastq.gz
ERR15625325,RCN12051,ftp.sra.ebi.ac.uk/vol1/fastq/ERR156/025/ERR15625325/ERR15625325_1.fastq.gz,ftp.sra.ebi.ac.uk/vol1/fastq/ERR156/025/ERR15625325/ERR15625325_2.fastq.gz
ERR15625332,RCN12060,ftp.sra.ebi.ac.uk/vol1/fastq/ERR156/032/ERR15625332/ERR15625332_1.fastq.gz,ftp.sra.ebi.ac.uk/vol1/fastq/ERR156/032/ERR15625332/ERR15625332_2.fastq.gz
ERR14389896,RCN13267,ftp.sra.ebi.ac.uk/vol1/fastq/ERR143/096/ERR14389896/ERR14389896_1.fastq.gz,ftp.sra.ebi.ac.uk/vol1/fastq/ERR143/096/ERR14389896/ERR14389896_2.fastq.gz
ERR14389908,RCN13271,ftp.sra.ebi.ac.uk/vol1/fastq/ERR143/008/ERR14389908/ERR14389908_1.fastq.gz,ftp.sra.ebi.ac.uk/vol1/fastq/ERR143/008/ERR14389908/ERR14389908_2.fastq.gz
ERR14390119,RCN13346,ftp.sra.ebi.ac.uk/vol1/fastq/ERR143/019/ERR14390119/ERR14390119_1.fastq.gz,ftp.sra.ebi.ac.uk/vol1/fastq/ERR143/019/ERR14390119/ERR14390119_2.fastq.gz
ERR14390201,RCN13374,ftp.sra.ebi.ac.uk/vol1/fastq/ERR143/001/ERR14390201/ERR14390201_1.fastq.gz,ftp.sra.ebi.ac.uk/vol1/fastq/ERR143/001/ERR14390201/ERR14390201_2.fastq.gz
ERR14390228,RCN13383,ftp.sra.ebi.ac.uk/vol1/fastq/ERR143/028/ERR14390228/ERR14390228_1.fastq.gz,ftp.sra.ebi.ac.uk/vol1/fastq/ERR143/028/ERR14390228/ERR14390228_2.fastq.gz
ERR14390235,RCN13386,ftp.sra.ebi.ac.uk/vol1/fastq/ERR143/035/ERR14390235/ERR14390235_1.fastq.gz,ftp.sra.ebi.ac.uk/vol1/fastq/ERR143/035/ERR14390235/ERR14390235_2.fastq.gz
ERR15625882,RCN13342,ftp.sra.ebi.ac.uk/vol1/fastq/ERR156/082/ERR15625882/ERR15625882_1.fastq.gz,ftp.sra.ebi.ac.uk/vol1/fastq/ERR156/082/ERR15625882/ERR15625882_2.fastq.gz
ERR15625905,RCN13364,ftp.sra.ebi.ac.uk/vol1/fastq/ERR156/005/ERR15625905/ERR15625905_1.fastq.gz,ftp.sra.ebi.ac.uk/vol1/fastq/ERR156/005/ERR15625905/ERR15625905_2.fastq.gz
ERR14389897,RCN13267,ftp.sra.ebi.ac.uk/vol1/fastq/ERR143/097/ERR14389897/ERR14389897_1.fastq.gz,ftp.sra.ebi.ac.uk/vol1/fastq/ERR143/097/ERR14389897/ERR14389897_2.fastq.gz
ERR14390172,RCN13364,ftp.sra.ebi.ac.uk/vol1/fastq/ERR143/072/ERR14390172/ERR14390172_1.fastq.gz,ftp.sra.ebi.ac.uk/vol1/fastq/ERR143/072/ERR14390172/ERR14390172_2.fastq.gz
ERR14390200,RCN13374,ftp.sra.ebi.ac.uk/vol1/fastq/ERR143/000/ERR14390200/ERR14390200_1.fastq.gz,ftp.sra.ebi.ac.uk/vol1/fastq/ERR143/000/ERR14390200/ERR14390200_2.fastq.gz
ERR15625858,RCN13312,ftp.sra.ebi.ac.uk/vol1/fastq/ERR156/058/ERR15625858/ERR15625858_1.fastq.gz,ftp.sra.ebi.ac.uk/vol1/fastq/ERR156/058/ERR15625858/ERR15625858_2.fastq.gz
ERR15625886,RCN13346,ftp.sra.ebi.ac.uk/vol1/fastq/ERR156/086/ERR15625886/ERR15625886_1.fastq.gz,ftp.sra.ebi.ac.uk/vol1/fastq/ERR156/086/ERR15625886/ERR15625886_2.fastq.gz
ERR14390034,RCN13313,ftp.sra.ebi.ac.uk/vol1/fastq/ERR143/034/ERR14390034/ERR14390034_1.fastq.gz,ftp.sra.ebi.ac.uk/vol1/fastq/ERR143/034/ERR14390034/ERR14390034_2.fastq.gz
ERR14390134,RCN13351,ftp.sra.ebi.ac.uk/vol1/fastq/ERR143/034/ERR14390134/ERR14390134_1.fastq.gz,ftp.sra.ebi.ac.uk/vol1/fastq/ERR143/034/ERR14390134/ERR14390134_2.fastq.gz
ERR14390135,RCN13351,ftp.sra.ebi.ac.uk/vol1/fastq/ERR143/035/ERR14390135/ERR14390135_1.fastq.gz,ftp.sra.ebi.ac.uk/vol1/fastq/ERR143/035/ERR14390135/ERR14390135_2.fastq.gz
ERR15625859,RCN13313,ftp.sra.ebi.ac.uk/vol1/fastq/ERR156/059/ERR15625859/ERR15625859_1.fastq.gz,ftp.sra.ebi.ac.uk/vol1/fastq/ERR156/059/ERR15625859/ERR15625859_2.fastq.gz
ERR14389909,RCN13271,ftp.sra.ebi.ac.uk/vol1/fastq/ERR143/009/ERR14389909/ERR14389909_1.fastq.gz,ftp.sra.ebi.ac.uk/vol1/fastq/ERR143/009/ERR14389909/ERR14389909_2.fastq.gz
ERR14389910,RCN13271,ftp.sra.ebi.ac.uk/vol1/fastq/ERR143/010/ERR14389910/ERR14389910_1.fastq.gz,ftp.sra.ebi.ac.uk/vol1/fastq/ERR143/010/ERR14389910/ERR14389910_2.fastq.gz
ERR14389919,RCN13274,ftp.sra.ebi.ac.uk/vol1/fastq/ERR143/019/ERR14389919/ERR14389919_1.fastq.gz,ftp.sra.ebi.ac.uk/vol1/fastq/ERR143/019/ERR14389919/ERR14389919_2.fastq.gz
ERR14390035,RCN13313,ftp.sra.ebi.ac.uk/vol1/fastq/ERR143/035/ERR14390035/ERR14390035_1.fastq.gz,ftp.sra.ebi.ac.uk/vol1/fastq/ERR143/035/ERR14390035/ERR14390035_2.fastq.gz
ERR14390036,RCN13313,ftp.sra.ebi.ac.uk/vol1/fastq/ERR143/036/ERR14390036/ERR14390036_1.fastq.gz,ftp.sra.ebi.ac.uk/vol1/fastq/ERR143/036/ERR14390036/ERR14390036_2.fastq.gz
ERR14390107,RCN13342,ftp.sra.ebi.ac.uk/vol1/fastq/ERR143/007/ERR14390107/ERR14390107_1.fastq.gz,ftp.sra.ebi.ac.uk/vol1/fastq/ERR143/007/ERR14390107/ERR14390107_2.fastq.gz
ERR14390108,RCN13342,ftp.sra.ebi.ac.uk/vol1/fastq/ERR143/008/ERR14390108/ERR14390108_1.fastq.gz,ftp.sra.ebi.ac.uk/vol1/fastq/ERR143/008/ERR14390108/ERR14390108_2.fastq.gz
ERR14390113,RCN13344,ftp.sra.ebi.ac.uk/vol1/fastq/ERR143/013/ERR14390113/ERR14390113_1.fastq.gz,ftp.sra.ebi.ac.uk/vol1/fastq/ERR143/013/ERR14390113/ERR14390113_2.fastq.gz
ERR14390226,RCN13383,ftp.sra.ebi.ac.uk/vol1/fastq/ERR143/026/ERR14390226/ERR14390226_1.fastq.gz,ftp.sra.ebi.ac.uk/vol1/fastq/ERR143/026/ERR14390226/ERR14390226_2.fastq.gz
ERR14390245,RCN13389,ftp.sra.ebi.ac.uk/vol1/fastq/ERR143/045/ERR14390245/ERR14390245_1.fastq.gz,ftp.sra.ebi.ac.uk/vol1/fastq/ERR143/045/ERR14390245/ERR14390245_2.fastq.gz
ERR15625820,RCN13274,ftp.sra.ebi.ac.uk/vol1/fastq/ERR156/020/ERR15625820/ERR15625820_1.fastq.gz,ftp.sra.ebi.ac.uk/vol1/fastq/ERR156/020/ERR15625820/ERR15625820_2.fastq.gz
ERR15625884,RCN13344,ftp.sra.ebi.ac.uk/vol1/fastq/ERR156/084/ERR15625884/ERR15625884_1.fastq.gz,ftp.sra.ebi.ac.uk/vol1/fastq/ERR156/084/ERR15625884/ERR15625884_2.fastq.gz
ERR15625923,RCN13383,ftp.sra.ebi.ac.uk/vol1/fastq/ERR156/023/ERR15625923/ERR15625923_1.fastq.gz,ftp.sra.ebi.ac.uk/vol1/fastq/ERR156/023/ERR15625923/ERR15625923_2.fastq.gz
ERR15625929,RCN13389,ftp.sra.ebi.ac.uk/vol1/fastq/ERR156/029/ERR15625929/ERR15625929_1.fastq.gz,ftp.sra.ebi.ac.uk/vol1/fastq/ERR156/029/ERR15625929/ERR15625929_2.fastq.gz
ERR14390031,RCN13312,ftp.sra.ebi.ac.uk/vol1/fastq/ERR143/031/ERR14390031/ERR14390031_1.fastq.gz,ftp.sra.ebi.ac.uk/vol1/fastq/ERR143/031/ERR14390031/ERR14390031_2.fastq.gz
ERR14390032,RCN13312,ftp.sra.ebi.ac.uk/vol1/fastq/ERR143/032/ERR14390032/ERR14390032_1.fastq.gz,ftp.sra.ebi.ac.uk/vol1/fastq/ERR143/032/ERR14390032/ERR14390032_2.fastq.gz
ERR14390033,RCN13312,ftp.sra.ebi.ac.uk/vol1/fastq/ERR143/033/ERR14390033/ERR14390033_1.fastq.gz,ftp.sra.ebi.ac.uk/vol1/fastq/ERR143/033/ERR14390033/ERR14390033_2.fastq.gz
ERR14390106,RCN13342,ftp.sra.ebi.ac.uk/vol1/fastq/ERR143/006/ERR14390106/ERR14390106_1.fastq.gz,ftp.sra.ebi.ac.uk/vol1/fastq/ERR143/006/ERR14390106/ERR14390106_2.fastq.gz
ERR14390227,RCN13383,ftp.sra.ebi.ac.uk/vol1/fastq/ERR143/027/ERR14390227/ERR14390227_1.fastq.gz,ftp.sra.ebi.ac.uk/vol1/fastq/ERR143/027/ERR14390227/ERR14390227_2.fastq.gz
ERR15625817,RCN13271,ftp.sra.ebi.ac.uk/vol1/fastq/ERR156/017/ERR15625817/ERR15625817_1.fastq.gz,ftp.sra.ebi.ac.uk/vol1/fastq/ERR156/017/ERR15625817/ERR15625817_2.fastq.gz
ERR14389898,RCN13267,ftp.sra.ebi.ac.uk/vol1/fastq/ERR143/098/ERR14389898/ERR14389898_1.fastq.gz,ftp.sra.ebi.ac.uk/vol1/fastq/ERR143/098/ERR14389898/ERR14389898_2.fastq.gz
ERR14389917,RCN13274,ftp.sra.ebi.ac.uk/vol1/fastq/ERR143/017/ERR14389917/ERR14389917_1.fastq.gz,ftp.sra.ebi.ac.uk/vol1/fastq/ERR143/017/ERR14389917/ERR14389917_2.fastq.gz
ERR14389918,RCN13274,ftp.sra.ebi.ac.uk/vol1/fastq/ERR143/018/ERR14389918/ERR14389918_1.fastq.gz,ftp.sra.ebi.ac.uk/vol1/fastq/ERR143/018/ERR14389918/ERR14389918_2.fastq.gz
ERR14390112,RCN13344,ftp.sra.ebi.ac.uk/vol1/fastq/ERR143/012/ERR14390112/ERR14390112_1.fastq.gz,ftp.sra.ebi.ac.uk/vol1/fastq/ERR143/012/ERR14390112/ERR14390112_2.fastq.gz
ERR14390114,RCN13344,ftp.sra.ebi.ac.uk/vol1/fastq/ERR143/014/ERR14390114/ERR14390114_1.fastq.gz,ftp.sra.ebi.ac.uk/vol1/fastq/ERR143/014/ERR14390114/ERR14390114_2.fastq.gz
ERR14390118,RCN13346,ftp.sra.ebi.ac.uk/vol1/fastq/ERR143/018/ERR14390118/ERR14390118_1.fastq.gz,ftp.sra.ebi.ac.uk/vol1/fastq/ERR143/018/ERR14390118/ERR14390118_2.fastq.gz
ERR14390120,RCN13346,ftp.sra.ebi.ac.uk/vol1/fastq/ERR143/020/ERR14390120/ERR14390120_1.fastq.gz,ftp.sra.ebi.ac.uk/vol1/fastq/ERR143/020/ERR14390120/ERR14390120_2.fastq.gz
ERR14390133,RCN13351,ftp.sra.ebi.ac.uk/vol1/fastq/ERR143/033/ERR14390133/ERR14390133_1.fastq.gz,ftp.sra.ebi.ac.uk/vol1/fastq/ERR143/033/ERR14390133/ERR14390133_2.fastq.gz
ERR14390173,RCN13364,ftp.sra.ebi.ac.uk/vol1/fastq/ERR143/073/ERR14390173/ERR14390173_1.fastq.gz,ftp.sra.ebi.ac.uk/vol1/fastq/ERR143/073/ERR14390173/ERR14390173_2.fastq.gz
ERR14390174,RCN13364,ftp.sra.ebi.ac.uk/vol1/fastq/ERR143/074/ERR14390174/ERR14390174_1.fastq.gz,ftp.sra.ebi.ac.uk/vol1/fastq/ERR143/074/ERR14390174/ERR14390174_2.fastq.gz
ERR14390199,RCN13374,ftp.sra.ebi.ac.uk/vol1/fastq/ERR143/099/ERR14390199/ERR14390199_1.fastq.gz,ftp.sra.ebi.ac.uk/vol1/fastq/ERR143/099/ERR14390199/ERR14390199_2.fastq.gz
ERR14390244,RCN13389,ftp.sra.ebi.ac.uk/vol1/fastq/ERR143/044/ERR14390244/ERR14390244_1.fastq.gz,ftp.sra.ebi.ac.uk/vol1/fastq/ERR143/044/ERR14390244/ERR14390244_2.fastq.gz
ERR14390246,RCN13389,ftp.sra.ebi.ac.uk/vol1/fastq/ERR143/046/ERR14390246/ERR14390246_1.fastq.gz,ftp.sra.ebi.ac.uk/vol1/fastq/ERR143/046/ERR14390246/ERR14390246_2.fastq.gz
ERR15625813,RCN13267,ftp.sra.ebi.ac.uk/vol1/fastq/ERR156/013/ERR15625813/ERR15625813_1.fastq.gz,ftp.sra.ebi.ac.uk/vol1/fastq/ERR156/013/ERR15625813/ERR15625813_2.fastq.gz
ERR15625891,RCN13351,ftp.sra.ebi.ac.uk/vol1/fastq/ERR156/091/ERR15625891/ERR15625891_1.fastq.gz,ftp.sra.ebi.ac.uk/vol1/fastq/ERR156/091/ERR15625891/ERR15625891_2.fastq.gz
ERR15625914,RCN13374,ftp.sra.ebi.ac.uk/vol1/fastq/ERR156/014/ERR15625914/ERR15625914_1.fastq.gz,ftp.sra.ebi.ac.uk/vol1/fastq/ERR156/014/ERR15625914/ERR15625914_2.fastq.gz
ERR14390236,RCN13386,ftp.sra.ebi.ac.uk/vol1/fastq/ERR143/036/ERR14390236/ERR14390236_1.fastq.gz,ftp.sra.ebi.ac.uk/vol1/fastq/ERR143/036/ERR14390236/ERR14390236_2.fastq.gz
ERR14390237,RCN13386,ftp.sra.ebi.ac.uk/vol1/fastq/ERR143/037/ERR14390237/ERR14390237_1.fastq.gz,ftp.sra.ebi.ac.uk/vol1/fastq/ERR143/037/ERR14390237/ERR14390237_2.fastq.gz
ERR15625926,RCN13386,ftp.sra.ebi.ac.uk/vol1/fastq/ERR156/026/ERR15625926/ERR15625926_1.fastq.gz,ftp.sra.ebi.ac.uk/vol1/fastq/ERR156/026/ERR15625926/ERR15625926_2.fastq.gz
ERR14390461,RCN13468,ftp.sra.ebi.ac.uk/vol1/fastq/ERR143/061/ERR14390461/ERR14390461_1.fastq.gz,ftp.sra.ebi.ac.uk/vol1/fastq/ERR143/061/ERR14390461/ERR14390461_2.fastq.gz
ERR14390590,RCN13512,ftp.sra.ebi.ac.uk/vol1/fastq/ERR143/090/ERR14390590/ERR14390590_1.fastq.gz,ftp.sra.ebi.ac.uk/vol1/fastq/ERR143/090/ERR14390590/ERR14390590_2.fastq.gz
ERR14390705,RCN13554,ftp.sra.ebi.ac.uk/vol1/fastq/ERR143/005/ERR14390705/ERR14390705_1.fastq.gz,ftp.sra.ebi.ac.uk/vol1/fastq/ERR143/005/ERR14390705/ERR14390705_2.fastq.gz
ERR14390735,RCN13564,ftp.sra.ebi.ac.uk/vol1/fastq/ERR143/035/ERR14390735/ERR14390735_1.fastq.gz,ftp.sra.ebi.ac.uk/vol1/fastq/ERR143/035/ERR14390735/ERR14390735_2.fastq.gz
ERR15626020,RCN13488,ftp.sra.ebi.ac.uk/vol1/fastq/ERR156/020/ERR15626020/ERR15626020_1.fastq.gz,ftp.sra.ebi.ac.uk/vol1/fastq/ERR156/020/ERR15626020/ERR15626020_2.fastq.gz
ERR14390429,RCN13455,ftp.sra.ebi.ac.uk/vol1/fastq/ERR143/029/ERR14390429/ERR14390429_1.fastq.gz,ftp.sra.ebi.ac.uk/vol1/fastq/ERR143/029/ERR14390429/ERR14390429_2.fastq.gz
ERR14390454,RCN13466,ftp.sra.ebi.ac.uk/vol1/fastq/ERR143/054/ERR14390454/ERR14390454_1.fastq.gz,ftp.sra.ebi.ac.uk/vol1/fastq/ERR143/054/ERR14390454/ERR14390454_2.fastq.gz
ERR14390456,RCN13466,ftp.sra.ebi.ac.uk/vol1/fastq/ERR143/056/ERR14390456/ERR14390456_1.fastq.gz,ftp.sra.ebi.ac.uk/vol1/fastq/ERR143/056/ERR14390456/ERR14390456_2.fastq.gz
ERR14390518,RCN13487,ftp.sra.ebi.ac.uk/vol1/fastq/ERR143/018/ERR14390518/ERR14390518_1.fastq.gz,ftp.sra.ebi.ac.uk/vol1/fastq/ERR143/018/ERR14390518/ERR14390518_2.fastq.gz
ERR14390940,RCN14217,ftp.sra.ebi.ac.uk/vol1/fastq/ERR143/040/ERR14390940/ERR14390940_1.fastq.gz,ftp.sra.ebi.ac.uk/vol1/fastq/ERR143/040/ERR14390940/ERR14390940_2.fastq.gz
ERR14391001,RCN14238,ftp.sra.ebi.ac.uk/vol1/fastq/ERR143/001/ERR14391001/ERR14391001_1.fastq.gz,ftp.sra.ebi.ac.uk/vol1/fastq/ERR143/001/ERR14391001/ERR14391001_2.fastq.gz
ERR14391002,RCN14238,ftp.sra.ebi.ac.uk/vol1/fastq/ERR143/002/ERR14391002/ERR14391002_1.fastq.gz,ftp.sra.ebi.ac.uk/vol1/fastq/ERR143/002/ERR14391002/ERR14391002_2.fastq.gz
ERR15625988,RCN13455,ftp.sra.ebi.ac.uk/vol1/fastq/ERR156/088/ERR15625988/ERR15625988_1.fastq.gz,ftp.sra.ebi.ac.uk/vol1/fastq/ERR156/088/ERR15625988/ERR15625988_2.fastq.gz
ERR15626019,RCN13487,ftp.sra.ebi.ac.uk/vol1/fastq/ERR156/019/ERR15626019/ERR15626019_1.fastq.gz,ftp.sra.ebi.ac.uk/vol1/fastq/ERR156/019/ERR15626019/ERR15626019_2.fastq.gz
ERR15626359,RCN14217,ftp.sra.ebi.ac.uk/vol1/fastq/ERR156/059/ERR15626359/ERR15626359_1.fastq.gz,ftp.sra.ebi.ac.uk/vol1/fastq/ERR156/059/ERR15626359/ERR15626359_2.fastq.gz
ERR14390353,RCN13427,ftp.sra.ebi.ac.uk/vol1/fastq/ERR143/053/ERR14390353/ERR14390353_1.fastq.gz,ftp.sra.ebi.ac.uk/vol1/fastq/ERR143/053/ERR14390353/ERR14390353_2.fastq.gz
ERR14390354,RCN13427,ftp.sra.ebi.ac.uk/vol1/fastq/ERR143/054/ERR14390354/ERR14390354_1.fastq.gz,ftp.sra.ebi.ac.uk/vol1/fastq/ERR143/054/ERR14390354/ERR14390354_2.fastq.gz
ERR14390691,RCN13549,ftp.sra.ebi.ac.uk/vol1/fastq/ERR143/091/ERR14390691/ERR14390691_1.fastq.gz,ftp.sra.ebi.ac.uk/vol1/fastq/ERR143/091/ERR14390691/ERR14390691_2.fastq.gz
ERR14390693,RCN13549,ftp.sra.ebi.ac.uk/vol1/fastq/ERR143/093/ERR14390693/ERR14390693_1.fastq.gz,ftp.sra.ebi.ac.uk/vol1/fastq/ERR143/093/ERR14390693/ERR14390693_2.fastq.gz
ERR15625963,RCN13427,ftp.sra.ebi.ac.uk/vol1/fastq/ERR156/063/ERR15625963/ERR15625963_1.fastq.gz,ftp.sra.ebi.ac.uk/vol1/fastq/ERR156/063/ERR15625963/ERR15625963_2.fastq.gz
ERR15626076,RCN13549,ftp.sra.ebi.ac.uk/vol1/fastq/ERR156/076/ERR15626076/ERR15626076_1.fastq.gz,ftp.sra.ebi.ac.uk/vol1/fastq/ERR156/076/ERR15626076/ERR15626076_2.fastq.gz
ERR14390519,RCN13487,ftp.sra.ebi.ac.uk/vol1/fastq/ERR143/019/ERR14390519/ERR14390519_1.fastq.gz,ftp.sra.ebi.ac.uk/vol1/fastq/ERR143/019/ERR14390519/ERR14390519_2.fastq.gz
ERR14390520,RCN13488,ftp.sra.ebi.ac.uk/vol1/fastq/ERR143/020/ERR14390520/ERR14390520_1.fastq.gz,ftp.sra.ebi.ac.uk/vol1/fastq/ERR143/020/ERR14390520/ERR14390520_2.fastq.gz
ERR14390692,RCN13549,ftp.sra.ebi.ac.uk/vol1/fastq/ERR143/092/ERR14390692/ERR14390692_1.fastq.gz,ftp.sra.ebi.ac.uk/vol1/fastq/ERR143/092/ERR14390692/ERR14390692_2.fastq.gz
ERR14390733,RCN13564,ftp.sra.ebi.ac.uk/vol1/fastq/ERR143/033/ERR14390733/ERR14390733_1.fastq.gz,ftp.sra.ebi.ac.uk/vol1/fastq/ERR143/033/ERR14390733/ERR14390733_2.fastq.gz
ERR14391000,RCN14238,ftp.sra.ebi.ac.uk/vol1/fastq/ERR143/000/ERR14391000/ERR14391000_1.fastq.gz,ftp.sra.ebi.ac.uk/vol1/fastq/ERR143/000/ERR14391000/ERR14391000_2.fastq.gz
ERR15625998,RCN13466,ftp.sra.ebi.ac.uk/vol1/fastq/ERR156/098/ERR15625998/ERR15625998_1.fastq.gz,ftp.sra.ebi.ac.uk/vol1/fastq/ERR156/098/ERR15625998/ERR15625998_2.fastq.gz
ERR14390352,RCN13427,ftp.sra.ebi.ac.uk/vol1/fastq/ERR143/052/ERR14390352/ERR14390352_1.fastq.gz,ftp.sra.ebi.ac.uk/vol1/fastq/ERR143/052/ERR14390352/ERR14390352_2.fastq.gz
ERR14390455,RCN13466,ftp.sra.ebi.ac.uk/vol1/fastq/ERR143/055/ERR14390455/ERR14390455_1.fastq.gz,ftp.sra.ebi.ac.uk/vol1/fastq/ERR143/055/ERR14390455/ERR14390455_2.fastq.gz
ERR14390517,RCN13487,ftp.sra.ebi.ac.uk/vol1/fastq/ERR143/017/ERR14390517/ERR14390517_1.fastq.gz,ftp.sra.ebi.ac.uk/vol1/fastq/ERR143/017/ERR14390517/ERR14390517_2.fastq.gz
ERR14390704,RCN13554,ftp.sra.ebi.ac.uk/vol1/fastq/ERR143/004/ERR14390704/ERR14390704_1.fastq.gz,ftp.sra.ebi.ac.uk/vol1/fastq/ERR143/004/ERR14390704/ERR14390704_2.fastq.gz
ERR15626042,RCN13512,ftp.sra.ebi.ac.uk/vol1/fastq/ERR156/042/ERR15626042/ERR15626042_1.fastq.gz,ftp.sra.ebi.ac.uk/vol1/fastq/ERR156/042/ERR15626042/ERR15626042_2.fastq.gz
ERR15626095,RCN13568,ftp.sra.ebi.ac.uk/vol1/fastq/ERR156/095/ERR15626095/ERR15626095_1.fastq.gz,ftp.sra.ebi.ac.uk/vol1/fastq/ERR156/095/ERR15626095/ERR15626095_2.fastq.gz
ERR15626367,RCN14238,ftp.sra.ebi.ac.uk/vol1/fastq/ERR156/067/ERR15626367/ERR15626367_1.fastq.gz,ftp.sra.ebi.ac.uk/vol1/fastq/ERR156/067/ERR15626367/ERR15626367_2.fastq.gz
ERR14390559,RCN13501,ftp.sra.ebi.ac.uk/vol1/fastq/ERR143/059/ERR14390559/ERR14390559_1.fastq.gz,ftp.sra.ebi.ac.uk/vol1/fastq/ERR143/059/ERR14390559/ERR14390559_2.fastq.gz
ERR14390560,RCN13501,ftp.sra.ebi.ac.uk/vol1/fastq/ERR143/060/ERR14390560/ERR14390560_1.fastq.gz,ftp.sra.ebi.ac.uk/vol1/fastq/ERR143/060/ERR14390560/ERR14390560_2.fastq.gz
ERR14390589,RCN13512,ftp.sra.ebi.ac.uk/vol1/fastq/ERR143/089/ERR14390589/ERR14390589_1.fastq.gz,ftp.sra.ebi.ac.uk/vol1/fastq/ERR143/089/ERR14390589/ERR14390589_2.fastq.gz
ERR14390591,RCN13512,ftp.sra.ebi.ac.uk/vol1/fastq/ERR143/091/ERR14390591/ERR14390591_1.fastq.gz,ftp.sra.ebi.ac.uk/vol1/fastq/ERR143/091/ERR14390591/ERR14390591_2.fastq.gz
ERR14390703,RCN13554,ftp.sra.ebi.ac.uk/vol1/fastq/ERR143/003/ERR14390703/ERR14390703_1.fastq.gz,ftp.sra.ebi.ac.uk/vol1/fastq/ERR143/003/ERR14390703/ERR14390703_2.fastq.gz
ERR15626081,RCN13554,ftp.sra.ebi.ac.uk/vol1/fastq/ERR156/081/ERR15626081/ERR15626081_1.fastq.gz,ftp.sra.ebi.ac.uk/vol1/fastq/ERR156/081/ERR15626081/ERR15626081_2.fastq.gz
ERR14390427,RCN13455,ftp.sra.ebi.ac.uk/vol1/fastq/ERR143/027/ERR14390427/ERR14390427_1.fastq.gz,ftp.sra.ebi.ac.uk/vol1/fastq/ERR143/027/ERR14390427/ERR14390427_2.fastq.gz
ERR14390428,RCN13455,ftp.sra.ebi.ac.uk/vol1/fastq/ERR143/028/ERR14390428/ERR14390428_1.fastq.gz,ftp.sra.ebi.ac.uk/vol1/fastq/ERR143/028/ERR14390428/ERR14390428_2.fastq.gz
ERR14390521,RCN13488,ftp.sra.ebi.ac.uk/vol1/fastq/ERR143/021/ERR14390521/ERR14390521_1.fastq.gz,ftp.sra.ebi.ac.uk/vol1/fastq/ERR143/021/ERR14390521/ERR14390521_2.fastq.gz
ERR14390522,RCN13488,ftp.sra.ebi.ac.uk/vol1/fastq/ERR143/022/ERR14390522/ERR14390522_1.fastq.gz,ftp.sra.ebi.ac.uk/vol1/fastq/ERR143/022/ERR14390522/ERR14390522_2.fastq.gz
ERR14390561,RCN13501,ftp.sra.ebi.ac.uk/vol1/fastq/ERR143/061/ERR14390561/ERR14390561_1.fastq.gz,ftp.sra.ebi.ac.uk/vol1/fastq/ERR143/061/ERR14390561/ERR14390561_2.fastq.gz
ERR14390734,RCN13564,ftp.sra.ebi.ac.uk/vol1/fastq/ERR143/034/ERR14390734/ERR14390734_1.fastq.gz,ftp.sra.ebi.ac.uk/vol1/fastq/ERR143/034/ERR14390734/ERR14390734_2.fastq.gz
ERR14390941,RCN14217,ftp.sra.ebi.ac.uk/vol1/fastq/ERR143/041/ERR14390941/ERR14390941_1.fastq.gz,ftp.sra.ebi.ac.uk/vol1/fastq/ERR143/041/ERR14390941/ERR14390941_2.fastq.gz
ERR14390942,RCN14217,ftp.sra.ebi.ac.uk/vol1/fastq/ERR143/042/ERR14390942/ERR14390942_1.fastq.gz,ftp.sra.ebi.ac.uk/vol1/fastq/ERR143/042/ERR14390942/ERR14390942_2.fastq.gz
ERR15626033,RCN13501,ftp.sra.ebi.ac.uk/vol1/fastq/ERR156/033/ERR15626033/ERR15626033_1.fastq.gz,ftp.sra.ebi.ac.uk/vol1/fastq/ERR156/033/ERR15626033/ERR15626033_2.fastq.gz
ERR15626091,RCN13564,ftp.sra.ebi.ac.uk/vol1/fastq/ERR156/091/ERR15626091/ERR15626091_1.fastq.gz,ftp.sra.ebi.ac.uk/vol1/fastq/ERR156/091/ERR15626091/ERR15626091_2.fastq.gz
ERR14390745,RCN13568,ftp.sra.ebi.ac.uk/vol1/fastq/ERR143/045/ERR14390745/ERR14390745_1.fastq.gz,ftp.sra.ebi.ac.uk/vol1/fastq/ERR143/045/ERR14390745/ERR14390745_2.fastq.gz
ERR14390746,RCN13568,ftp.sra.ebi.ac.uk/vol1/fastq/ERR143/046/ERR14390746/ERR14390746_1.fastq.gz,ftp.sra.ebi.ac.uk/vol1/fastq/ERR143/046/ERR14390746/ERR14390746_2.fastq.gz
ERR14390747,RCN13568,ftp.sra.ebi.ac.uk/vol1/fastq/ERR143/047/ERR14390747/ERR14390747_1.fastq.gz,ftp.sra.ebi.ac.uk/vol1/fastq/ERR143/047/ERR14390747/ERR14390747_2.fastq.gz
ERR14390460,RCN13468,ftp.sra.ebi.ac.uk/vol1/fastq/ERR143/060/ERR14390460/ERR14390460_1.fastq.gz,ftp.sra.ebi.ac.uk/vol1/fastq/ERR143/060/ERR14390460/ERR14390460_2.fastq.gz
ERR14390462,RCN13468,ftp.sra.ebi.ac.uk/vol1/fastq/ERR143/062/ERR14390462/ERR14390462_1.fastq.gz,ftp.sra.ebi.ac.uk/vol1/fastq/ERR143/062/ERR14390462/ERR14390462_2.fastq.gz
ERR15626000,RCN13468,ftp.sra.ebi.ac.uk/vol1/fastq/ERR156/000/ERR15626000/ERR15626000_1.fastq.gz,ftp.sra.ebi.ac.uk/vol1/fastq/ERR156/000/ERR15626000/ERR15626000_2.fastq.gz
ERR15626429,RCN14580,ftp.sra.ebi.ac.uk/vol1/fastq/ERR156/029/ERR15626429/ERR15626429_1.fastq.gz,ftp.sra.ebi.ac.uk/vol1/fastq/ERR156/029/ERR15626429/ERR15626429_2.fastq.gz
ERR14391265,RCN14574,ftp.sra.ebi.ac.uk/vol1/fastq/ERR143/065/ERR14391265/ERR14391265_1.fastq.gz,ftp.sra.ebi.ac.uk/vol1/fastq/ERR143/065/ERR14391265/ERR14391265_2.fastq.gz
ERR15626424,RCN14574,ftp.sra.ebi.ac.uk/vol1/fastq/ERR156/024/ERR15626424/ERR15626424_1.fastq.gz,ftp.sra.ebi.ac.uk/vol1/fastq/ERR156/024/ERR15626424/ERR15626424_2.fastq.gz
ERR14391264,RCN14574,ftp.sra.ebi.ac.uk/vol1/fastq/ERR143/064/ERR14391264/ERR14391264_1.fastq.gz,ftp.sra.ebi.ac.uk/vol1/fastq/ERR143/064/ERR14391264/ERR14391264_2.fastq.gz
ERR14391281,RCN14580,ftp.sra.ebi.ac.uk/vol1/fastq/ERR143/081/ERR14391281/ERR14391281_1.fastq.gz,ftp.sra.ebi.ac.uk/vol1/fastq/ERR143/081/ERR14391281/ERR14391281_2.fastq.gz
ERR14391266,RCN14574,ftp.sra.ebi.ac.uk/vol1/fastq/ERR143/066/ERR14391266/ERR14391266_1.fastq.gz,ftp.sra.ebi.ac.uk/vol1/fastq/ERR143/066/ERR14391266/ERR14391266_2.fastq.gz
ERR14391279,RCN14580,ftp.sra.ebi.ac.uk/vol1/fastq/ERR143/079/ERR14391279/ERR14391279_1.fastq.gz,ftp.sra.ebi.ac.uk/vol1/fastq/ERR143/079/ERR14391279/ERR14391279_2.fastq.gz
ERR14391280,RCN14580,ftp.sra.ebi.ac.uk/vol1/fastq/ERR143/080/ERR14391280/ERR14391280_1.fastq.gz,ftp.sra.ebi.ac.uk/vol1/fastq/ERR143/080/ERR14391280/ERR14391280_2.fastq.gz
ERR14391528,RCN14666,ftp.sra.ebi.ac.uk/vol1/fastq/ERR143/028/ERR14391528/ERR14391528_1.fastq.gz,ftp.sra.ebi.ac.uk/vol1/fastq/ERR143/028/ERR14391528/ERR14391528_2.fastq.gz
ERR14391529,RCN14666,ftp.sra.ebi.ac.uk/vol1/fastq/ERR143/029/ERR14391529/ERR14391529_1.fastq.gz,ftp.sra.ebi.ac.uk/vol1/fastq/ERR143/029/ERR14391529/ERR14391529_2.fastq.gz
ERR14391530,RCN14666,ftp.sra.ebi.ac.uk/vol1/fastq/ERR143/030/ERR14391530/ERR14391530_1.fastq.gz,ftp.sra.ebi.ac.uk/vol1/fastq/ERR143/030/ERR14391530/ERR14391530_2.fastq.gz
ERR15626514,RCN14666,ftp.sra.ebi.ac.uk/vol1/fastq/ERR156/014/ERR15626514/ERR15626514_1.fastq.gz,ftp.sra.ebi.ac.uk/vol1/fastq/ERR156/014/ERR15626514/ERR15626514_2.fastq.gz
ERR14391612,RCN14697,ftp.sra.ebi.ac.uk/vol1/fastq/ERR143/012/ERR14391612/ERR14391612_1.fastq.gz,ftp.sra.ebi.ac.uk/vol1/fastq/ERR143/012/ERR14391612/ERR14391612_2.fastq.gz
ERR14391739,RCN14739,ftp.sra.ebi.ac.uk/vol1/fastq/ERR143/039/ERR14391739/ERR14391739_1.fastq.gz,ftp.sra.ebi.ac.uk/vol1/fastq/ERR143/039/ERR14391739/ERR14391739_2.fastq.gz
ERR14391613,RCN14697,ftp.sra.ebi.ac.uk/vol1/fastq/ERR143/013/ERR14391613/ERR14391613_1.fastq.gz,ftp.sra.ebi.ac.uk/vol1/fastq/ERR143/013/ERR14391613/ERR14391613_2.fastq.gz
ERR14391745,RCN14741,ftp.sra.ebi.ac.uk/vol1/fastq/ERR143/045/ERR14391745/ERR14391745_1.fastq.gz,ftp.sra.ebi.ac.uk/vol1/fastq/ERR143/045/ERR14391745/ERR14391745_2.fastq.gz
ERR15626529,RCN14691,ftp.sra.ebi.ac.uk/vol1/fastq/ERR156/029/ERR15626529/ERR15626529_1.fastq.gz,ftp.sra.ebi.ac.uk/vol1/fastq/ERR156/029/ERR15626529/ERR15626529_2.fastq.gz
ERR14391595,RCN14691,ftp.sra.ebi.ac.uk/vol1/fastq/ERR143/095/ERR14391595/ERR14391595_1.fastq.gz,ftp.sra.ebi.ac.uk/vol1/fastq/ERR143/095/ERR14391595/ERR14391595_2.fastq.gz
ERR14391596,RCN14691,ftp.sra.ebi.ac.uk/vol1/fastq/ERR143/096/ERR14391596/ERR14391596_1.fastq.gz,ftp.sra.ebi.ac.uk/vol1/fastq/ERR143/096/ERR14391596/ERR14391596_2.fastq.gz
ERR14391609,RCN14696,ftp.sra.ebi.ac.uk/vol1/fastq/ERR143/009/ERR14391609/ERR14391609_1.fastq.gz,ftp.sra.ebi.ac.uk/vol1/fastq/ERR143/009/ERR14391609/ERR14391609_2.fastq.gz
ERR14391610,RCN14696,ftp.sra.ebi.ac.uk/vol1/fastq/ERR143/010/ERR14391610/ERR14391610_1.fastq.gz,ftp.sra.ebi.ac.uk/vol1/fastq/ERR143/010/ERR14391610/ERR14391610_2.fastq.gz
ERR14391746,RCN14741,ftp.sra.ebi.ac.uk/vol1/fastq/ERR143/046/ERR14391746/ERR14391746_1.fastq.gz,ftp.sra.ebi.ac.uk/vol1/fastq/ERR143/046/ERR14391746/ERR14391746_2.fastq.gz
ERR15626567,RCN14741,ftp.sra.ebi.ac.uk/vol1/fastq/ERR156/067/ERR15626567/ERR15626567_1.fastq.gz,ftp.sra.ebi.ac.uk/vol1/fastq/ERR156/067/ERR15626567/ERR15626567_2.fastq.gz
ERR14391611,RCN14696,ftp.sra.ebi.ac.uk/vol1/fastq/ERR143/011/ERR14391611/ERR14391611_1.fastq.gz,ftp.sra.ebi.ac.uk/vol1/fastq/ERR143/011/ERR14391611/ERR14391611_2.fastq.gz
ERR14391738,RCN14739,ftp.sra.ebi.ac.uk/vol1/fastq/ERR143/038/ERR14391738/ERR14391738_1.fastq.gz,ftp.sra.ebi.ac.uk/vol1/fastq/ERR143/038/ERR14391738/ERR14391738_2.fastq.gz
ERR14391740,RCN14739,ftp.sra.ebi.ac.uk/vol1/fastq/ERR143/040/ERR14391740/ERR14391740_1.fastq.gz,ftp.sra.ebi.ac.uk/vol1/fastq/ERR143/040/ERR14391740/ERR14391740_2.fastq.gz
ERR15626533,RCN14696,ftp.sra.ebi.ac.uk/vol1/fastq/ERR156/033/ERR15626533/ERR15626533_1.fastq.gz,ftp.sra.ebi.ac.uk/vol1/fastq/ERR156/033/ERR15626533/ERR15626533_2.fastq.gz
ERR14391594,RCN14691,ftp.sra.ebi.ac.uk/vol1/fastq/ERR143/094/ERR14391594/ERR14391594_1.fastq.gz,ftp.sra.ebi.ac.uk/vol1/fastq/ERR143/094/ERR14391594/ERR14391594_2.fastq.gz
ERR14391744,RCN14741,ftp.sra.ebi.ac.uk/vol1/fastq/ERR143/044/ERR14391744/ERR14391744_1.fastq.gz,ftp.sra.ebi.ac.uk/vol1/fastq/ERR143/044/ERR14391744/ERR14391744_2.fastq.gz
ERR15626565,RCN14739,ftp.sra.ebi.ac.uk/vol1/fastq/ERR156/065/ERR15626565/ERR15626565_1.fastq.gz,ftp.sra.ebi.ac.uk/vol1/fastq/ERR156/065/ERR15626565/ERR15626565_2.fastq.gz
ERR14391614,RCN14697,ftp.sra.ebi.ac.uk/vol1/fastq/ERR143/014/ERR14391614/ERR14391614_1.fastq.gz,ftp.sra.ebi.ac.uk/vol1/fastq/ERR143/014/ERR14391614/ERR14391614_2.fastq.gz
ERR15626534,RCN14697,ftp.sra.ebi.ac.uk/vol1/fastq/ERR156/034/ERR15626534/ERR15626534_1.fastq.gz,ftp.sra.ebi.ac.uk/vol1/fastq/ERR156/034/ERR15626534/ERR15626534_2.fastq.gz
ERR15626645,RCN14939,ftp.sra.ebi.ac.uk/vol1/fastq/ERR156/045/ERR15626645/ERR15626645_1.fastq.gz,ftp.sra.ebi.ac.uk/vol1/fastq/ERR156/045/ERR15626645/ERR15626645_2.fastq.gz
ERR15626667,RCN14969,ftp.sra.ebi.ac.uk/vol1/fastq/ERR156/067/ERR15626667/ERR15626667_1.fastq.gz,ftp.sra.ebi.ac.uk/vol1/fastq/ERR156/067/ERR15626667/ERR15626667_2.fastq.gz
ERR14392101,RCN14925,ftp.sra.ebi.ac.uk/vol1/fastq/ERR143/001/ERR14392101/ERR14392101_1.fastq.gz,ftp.sra.ebi.ac.uk/vol1/fastq/ERR143/001/ERR14392101/ERR14392101_2.fastq.gz
ERR14392207,RCN14969,ftp.sra.ebi.ac.uk/vol1/fastq/ERR143/007/ERR14392207/ERR14392207_1.fastq.gz,ftp.sra.ebi.ac.uk/vol1/fastq/ERR143/007/ERR14392207/ERR14392207_2.fastq.gz
ERR14392102,RCN14925,ftp.sra.ebi.ac.uk/vol1/fastq/ERR143/002/ERR14392102/ERR14392102_1.fastq.gz,ftp.sra.ebi.ac.uk/vol1/fastq/ERR143/002/ERR14392102/ERR14392102_2.fastq.gz
ERR15626632,RCN14925,ftp.sra.ebi.ac.uk/vol1/fastq/ERR156/032/ERR15626632/ERR15626632_1.fastq.gz,ftp.sra.ebi.ac.uk/vol1/fastq/ERR156/032/ERR15626632/ERR15626632_2.fastq.gz
ERR14392107,RCN14927,ftp.sra.ebi.ac.uk/vol1/fastq/ERR143/007/ERR14392107/ERR14392107_1.fastq.gz,ftp.sra.ebi.ac.uk/vol1/fastq/ERR143/007/ERR14392107/ERR14392107_2.fastq.gz
ERR14392109,RCN14927,ftp.sra.ebi.ac.uk/vol1/fastq/ERR143/009/ERR14392109/ERR14392109_1.fastq.gz,ftp.sra.ebi.ac.uk/vol1/fastq/ERR143/009/ERR14392109/ERR14392109_2.fastq.gz
ERR14392141,RCN14939,ftp.sra.ebi.ac.uk/vol1/fastq/ERR143/041/ERR14392141/ERR14392141_1.fastq.gz,ftp.sra.ebi.ac.uk/vol1/fastq/ERR143/041/ERR14392141/ERR14392141_2.fastq.gz
ERR14392142,RCN14939,ftp.sra.ebi.ac.uk/vol1/fastq/ERR143/042/ERR14392142/ERR14392142_1.fastq.gz,ftp.sra.ebi.ac.uk/vol1/fastq/ERR143/042/ERR14392142/ERR14392142_2.fastq.gz
ERR14392103,RCN14925,ftp.sra.ebi.ac.uk/vol1/fastq/ERR143/003/ERR14392103/ERR14392103_1.fastq.gz,ftp.sra.ebi.ac.uk/vol1/fastq/ERR143/003/ERR14392103/ERR14392103_2.fastq.gz
ERR14392140,RCN14939,ftp.sra.ebi.ac.uk/vol1/fastq/ERR143/040/ERR14392140/ERR14392140_1.fastq.gz,ftp.sra.ebi.ac.uk/vol1/fastq/ERR143/040/ERR14392140/ERR14392140_2.fastq.gz
ERR14392108,RCN14927,ftp.sra.ebi.ac.uk/vol1/fastq/ERR143/008/ERR14392108/ERR14392108_1.fastq.gz,ftp.sra.ebi.ac.uk/vol1/fastq/ERR143/008/ERR14392108/ERR14392108_2.fastq.gz
ERR14392206,RCN14969,ftp.sra.ebi.ac.uk/vol1/fastq/ERR143/006/ERR14392206/ERR14392206_1.fastq.gz,ftp.sra.ebi.ac.uk/vol1/fastq/ERR143/006/ERR14392206/ERR14392206_2.fastq.gz
ERR14392208,RCN14969,ftp.sra.ebi.ac.uk/vol1/fastq/ERR143/008/ERR14392208/ERR14392208_1.fastq.gz,ftp.sra.ebi.ac.uk/vol1/fastq/ERR143/008/ERR14392208/ERR14392208_2.fastq.gz
ERR15626634,RCN14927,ftp.sra.ebi.ac.uk/vol1/fastq/ERR156/034/ERR15626634/ERR15626634_1.fastq.gz,ftp.sra.ebi.ac.uk/vol1/fastq/ERR156/034/ERR15626634/ERR15626634_2.fastq.gz
ERR14392380,RCN15037,ftp.sra.ebi.ac.uk/vol1/fastq/ERR143/080/ERR14392380/ERR14392380_1.fastq.gz,ftp.sra.ebi.ac.uk/vol1/fastq/ERR143/080/ERR14392380/ERR14392380_2.fastq.gz
ERR15626863,RCN15201,ftp.sra.ebi.ac.uk/vol1/fastq/ERR156/063/ERR15626863/ERR15626863_1.fastq.gz,ftp.sra.ebi.ac.uk/vol1/fastq/ERR156/063/ERR15626863/ERR15626863_2.fastq.gz
ERR15626864,RCN15202,ftp.sra.ebi.ac.uk/vol1/fastq/ERR156/064/ERR15626864/ERR15626864_1.fastq.gz,ftp.sra.ebi.ac.uk/vol1/fastq/ERR156/064/ERR15626864/ERR15626864_2.fastq.gz
ERR15626910,RCN15250,ftp.sra.ebi.ac.uk/vol1/fastq/ERR156/010/ERR15626910/ERR15626910_1.fastq.gz,ftp.sra.ebi.ac.uk/vol1/fastq/ERR156/010/ERR15626910/ERR15626910_2.fastq.gz
ERR14392833,RCN15201,ftp.sra.ebi.ac.uk/vol1/fastq/ERR143/033/ERR14392833/ERR14392833_1.fastq.gz,ftp.sra.ebi.ac.uk/vol1/fastq/ERR143/033/ERR14392833/ERR14392833_2.fastq.gz
ERR14392835,RCN15201,ftp.sra.ebi.ac.uk/vol1/fastq/ERR143/035/ERR14392835/ERR14392835_1.fastq.gz,ftp.sra.ebi.ac.uk/vol1/fastq/ERR143/035/ERR14392835/ERR14392835_2.fastq.gz
ERR14392836,RCN15202,ftp.sra.ebi.ac.uk/vol1/fastq/ERR143/036/ERR14392836/ERR14392836_1.fastq.gz,ftp.sra.ebi.ac.uk/vol1/fastq/ERR143/036/ERR14392836/ERR14392836_2.fastq.gz
ERR14392837,RCN15202,ftp.sra.ebi.ac.uk/vol1/fastq/ERR143/037/ERR14392837/ERR14392837_1.fastq.gz,ftp.sra.ebi.ac.uk/vol1/fastq/ERR143/037/ERR14392837/ERR14392837_2.fastq.gz
ERR14392962,RCN15246,ftp.sra.ebi.ac.uk/vol1/fastq/ERR143/062/ERR14392962/ERR14392962_1.fastq.gz,ftp.sra.ebi.ac.uk/vol1/fastq/ERR143/062/ERR14392962/ERR14392962_2.fastq.gz
ERR14393037,RCN15274,ftp.sra.ebi.ac.uk/vol1/fastq/ERR143/037/ERR14393037/ERR14393037_1.fastq.gz,ftp.sra.ebi.ac.uk/vol1/fastq/ERR143/037/ERR14393037/ERR14393037_2.fastq.gz
ERR14393038,RCN15274,ftp.sra.ebi.ac.uk/vol1/fastq/ERR143/038/ERR14393038/ERR14393038_1.fastq.gz,ftp.sra.ebi.ac.uk/vol1/fastq/ERR143/038/ERR14393038/ERR14393038_2.fastq.gz
ERR15626906,RCN15246,ftp.sra.ebi.ac.uk/vol1/fastq/ERR156/006/ERR15626906/ERR15626906_1.fastq.gz,ftp.sra.ebi.ac.uk/vol1/fastq/ERR156/006/ERR15626906/ERR15626906_2.fastq.gz
ERR14392381,RCN15037,ftp.sra.ebi.ac.uk/vol1/fastq/ERR143/081/ERR14392381/ERR14392381_1.fastq.gz,ftp.sra.ebi.ac.uk/vol1/fastq/ERR143/081/ERR14392381/ERR14392381_2.fastq.gz
ERR14392382,RCN15037,ftp.sra.ebi.ac.uk/vol1/fastq/ERR143/082/ERR14392382/ERR14392382_1.fastq.gz,ftp.sra.ebi.ac.uk/vol1/fastq/ERR143/082/ERR14392382/ERR14392382_2.fastq.gz
ERR14392963,RCN15246,ftp.sra.ebi.ac.uk/vol1/fastq/ERR143/063/ERR14392963/ERR14392963_1.fastq.gz,ftp.sra.ebi.ac.uk/vol1/fastq/ERR143/063/ERR14392963/ERR14392963_2.fastq.gz
ERR14392964,RCN15246,ftp.sra.ebi.ac.uk/vol1/fastq/ERR143/064/ERR14392964/ERR14392964_1.fastq.gz,ftp.sra.ebi.ac.uk/vol1/fastq/ERR143/064/ERR14392964/ERR14392964_2.fastq.gz
ERR14393029,RCN15271,ftp.sra.ebi.ac.uk/vol1/fastq/ERR143/029/ERR14393029/ERR14393029_1.fastq.gz,ftp.sra.ebi.ac.uk/vol1/fastq/ERR143/029/ERR14393029/ERR14393029_2.fastq.gz
ERR15626928,RCN15271,ftp.sra.ebi.ac.uk/vol1/fastq/ERR156/028/ERR15626928/ERR15626928_1.fastq.gz,ftp.sra.ebi.ac.uk/vol1/fastq/ERR156/028/ERR15626928/ERR15626928_2.fastq.gz
ERR14392834,RCN15201,ftp.sra.ebi.ac.uk/vol1/fastq/ERR143/034/ERR14392834/ERR14392834_1.fastq.gz,ftp.sra.ebi.ac.uk/vol1/fastq/ERR143/034/ERR14392834/ERR14392834_2.fastq.gz
ERR14392838,RCN15202,ftp.sra.ebi.ac.uk/vol1/fastq/ERR143/038/ERR14392838/ERR14392838_1.fastq.gz,ftp.sra.ebi.ac.uk/vol1/fastq/ERR143/038/ERR14392838/ERR14392838_2.fastq.gz
ERR15626725,RCN15037,ftp.sra.ebi.ac.uk/vol1/fastq/ERR156/025/ERR15626725/ERR15626725_1.fastq.gz,ftp.sra.ebi.ac.uk/vol1/fastq/ERR156/025/ERR15626725/ERR15626725_2.fastq.gz
ERR14393028,RCN15271,ftp.sra.ebi.ac.uk/vol1/fastq/ERR143/028/ERR14393028/ERR14393028_1.fastq.gz,ftp.sra.ebi.ac.uk/vol1/fastq/ERR143/028/ERR14393028/ERR14393028_2.fastq.gz
ERR14393030,RCN15271,ftp.sra.ebi.ac.uk/vol1/fastq/ERR143/030/ERR14393030/ERR14393030_1.fastq.gz,ftp.sra.ebi.ac.uk/vol1/fastq/ERR143/030/ERR14393030/ERR14393030_2.fastq.gz
ERR14393039,RCN15274,ftp.sra.ebi.ac.uk/vol1/fastq/ERR143/039/ERR14393039/ERR14393039_1.fastq.gz,ftp.sra.ebi.ac.uk/vol1/fastq/ERR143/039/ERR14393039/ERR14393039_2.fastq.gz
ERR15626931,RCN15274,ftp.sra.ebi.ac.uk/vol1/fastq/ERR156/031/ERR15626931/ERR15626931_1.fastq.gz,ftp.sra.ebi.ac.uk/vol1/fastq/ERR156/031/ERR15626931/ERR15626931_2.fastq.gz
ERR14392974,RCN15250,ftp.sra.ebi.ac.uk/vol1/fastq/ERR143/074/ERR14392974/ERR14392974_1.fastq.gz,ftp.sra.ebi.ac.uk/vol1/fastq/ERR143/074/ERR14392974/ERR14392974_2.fastq.gz
ERR14392975,RCN15250,ftp.sra.ebi.ac.uk/vol1/fastq/ERR143/075/ERR14392975/ERR14392975_1.fastq.gz,ftp.sra.ebi.ac.uk/vol1/fastq/ERR143/075/ERR14392975/ERR14392975_2.fastq.gz
ERR14392976,RCN15250,ftp.sra.ebi.ac.uk/vol1/fastq/ERR143/076/ERR14392976/ERR14392976_1.fastq.gz,ftp.sra.ebi.ac.uk/vol1/fastq/ERR143/076/ERR14392976/ERR14392976_2.fastq.gz
ERR14393108,RCN15299,ftp.sra.ebi.ac.uk/vol1/fastq/ERR143/008/ERR14393108/ERR14393108_1.fastq.gz,ftp.sra.ebi.ac.uk/vol1/fastq/ERR143/008/ERR14393108/ERR14393108_2.fastq.gz
ERR14393131,RCN15307,ftp.sra.ebi.ac.uk/vol1/fastq/ERR143/031/ERR14393131/ERR14393131_1.fastq.gz,ftp.sra.ebi.ac.uk/vol1/fastq/ERR143/031/ERR14393131/ERR14393131_2.fastq.gz
ERR14393254,RCN15351,ftp.sra.ebi.ac.uk/vol1/fastq/ERR143/054/ERR14393254/ERR14393254_1.fastq.gz,ftp.sra.ebi.ac.uk/vol1/fastq/ERR143/054/ERR14393254/ERR14393254_2.fastq.gz
ERR14393088,RCN15293,ftp.sra.ebi.ac.uk/vol1/fastq/ERR143/088/ERR14393088/ERR14393088_1.fastq.gz,ftp.sra.ebi.ac.uk/vol1/fastq/ERR143/088/ERR14393088/ERR14393088_2.fastq.gz
ERR14393241,RCN15347,ftp.sra.ebi.ac.uk/vol1/fastq/ERR143/041/ERR14393241/ERR14393241_1.fastq.gz,ftp.sra.ebi.ac.uk/vol1/fastq/ERR143/041/ERR14393241/ERR14393241_2.fastq.gz
ERR14393242,RCN15347,ftp.sra.ebi.ac.uk/vol1/fastq/ERR143/042/ERR14393242/ERR14393242_1.fastq.gz,ftp.sra.ebi.ac.uk/vol1/fastq/ERR143/042/ERR14393242/ERR14393242_2.fastq.gz
ERR15626949,RCN15293,ftp.sra.ebi.ac.uk/vol1/fastq/ERR156/049/ERR15626949/ERR15626949_1.fastq.gz,ftp.sra.ebi.ac.uk/vol1/fastq/ERR156/049/ERR15626949/ERR15626949_2.fastq.gz
ERR14393089,RCN15293,ftp.sra.ebi.ac.uk/vol1/fastq/ERR143/089/ERR14393089/ERR14393089_1.fastq.gz,ftp.sra.ebi.ac.uk/vol1/fastq/ERR143/089/ERR14393089/ERR14393089_2.fastq.gz
ERR15626953,RCN15297,ftp.sra.ebi.ac.uk/vol1/fastq/ERR156/053/ERR15626953/ERR15626953_1.fastq.gz,ftp.sra.ebi.ac.uk/vol1/fastq/ERR156/053/ERR15626953/ERR15626953_2.fastq.gz
ERR14393090,RCN15293,ftp.sra.ebi.ac.uk/vol1/fastq/ERR143/090/ERR14393090/ERR14393090_1.fastq.gz,ftp.sra.ebi.ac.uk/vol1/fastq/ERR143/090/ERR14393090/ERR14393090_2.fastq.gz
ERR14393106,RCN15299,ftp.sra.ebi.ac.uk/vol1/fastq/ERR143/006/ERR14393106/ERR14393106_1.fastq.gz,ftp.sra.ebi.ac.uk/vol1/fastq/ERR143/006/ERR14393106/ERR14393106_2.fastq.gz
ERR14393107,RCN15299,ftp.sra.ebi.ac.uk/vol1/fastq/ERR143/007/ERR14393107/ERR14393107_1.fastq.gz,ftp.sra.ebi.ac.uk/vol1/fastq/ERR143/007/ERR14393107/ERR14393107_2.fastq.gz
ERR15626955,RCN15299,ftp.sra.ebi.ac.uk/vol1/fastq/ERR156/055/ERR15626955/ERR15626955_1.fastq.gz,ftp.sra.ebi.ac.uk/vol1/fastq/ERR156/055/ERR15626955/ERR15626955_2.fastq.gz
ERR14393243,RCN15347,ftp.sra.ebi.ac.uk/vol1/fastq/ERR143/043/ERR14393243/ERR14393243_1.fastq.gz,ftp.sra.ebi.ac.uk/vol1/fastq/ERR143/043/ERR14393243/ERR14393243_2.fastq.gz
ERR15627000,RCN15347,ftp.sra.ebi.ac.uk/vol1/fastq/ERR156/000/ERR15627000/ERR15627000_1.fastq.gz,ftp.sra.ebi.ac.uk/vol1/fastq/ERR156/000/ERR15627000/ERR15627000_2.fastq.gz
ERR14393100,RCN15297,ftp.sra.ebi.ac.uk/vol1/fastq/ERR143/000/ERR14393100/ERR14393100_1.fastq.gz,ftp.sra.ebi.ac.uk/vol1/fastq/ERR143/000/ERR14393100/ERR14393100_2.fastq.gz
ERR14393101,RCN15297,ftp.sra.ebi.ac.uk/vol1/fastq/ERR143/001/ERR14393101/ERR14393101_1.fastq.gz,ftp.sra.ebi.ac.uk/vol1/fastq/ERR143/001/ERR14393101/ERR14393101_2.fastq.gz
ERR14393102,RCN15297,ftp.sra.ebi.ac.uk/vol1/fastq/ERR143/002/ERR14393102/ERR14393102_1.fastq.gz,ftp.sra.ebi.ac.uk/vol1/fastq/ERR143/002/ERR14393102/ERR14393102_2.fastq.gz
ERR14393130,RCN15307,ftp.sra.ebi.ac.uk/vol1/fastq/ERR143/030/ERR14393130/ERR14393130_1.fastq.gz,ftp.sra.ebi.ac.uk/vol1/fastq/ERR143/030/ERR14393130/ERR14393130_2.fastq.gz
ERR14393132,RCN15307,ftp.sra.ebi.ac.uk/vol1/fastq/ERR143/032/ERR14393132/ERR14393132_1.fastq.gz,ftp.sra.ebi.ac.uk/vol1/fastq/ERR143/032/ERR14393132/ERR14393132_2.fastq.gz
ERR14393253,RCN15351,ftp.sra.ebi.ac.uk/vol1/fastq/ERR143/053/ERR14393253/ERR14393253_1.fastq.gz,ftp.sra.ebi.ac.uk/vol1/fastq/ERR143/053/ERR14393253/ERR14393253_2.fastq.gz
ERR14393255,RCN15351,ftp.sra.ebi.ac.uk/vol1/fastq/ERR143/055/ERR14393255/ERR14393255_1.fastq.gz,ftp.sra.ebi.ac.uk/vol1/fastq/ERR143/055/ERR14393255/ERR14393255_2.fastq.gz
ERR15626963,RCN15307,ftp.sra.ebi.ac.uk/vol1/fastq/ERR156/063/ERR15626963/ERR15626963_1.fastq.gz,ftp.sra.ebi.ac.uk/vol1/fastq/ERR156/063/ERR15626963/ERR15626963_2.fastq.gz
ERR15627004,RCN15351,ftp.sra.ebi.ac.uk/vol1/fastq/ERR156/004/ERR15627004/ERR15627004_1.fastq.gz,ftp.sra.ebi.ac.uk/vol1/fastq/ERR156/004/ERR15627004/ERR15627004_2.fastq.gz
ERR14393856,RCN16011,ftp.sra.ebi.ac.uk/vol1/fastq/ERR143/056/ERR14393856/ERR14393856_1.fastq.gz,ftp.sra.ebi.ac.uk/vol1/fastq/ERR143/056/ERR14393856/ERR14393856_2.fastq.gz
ERR14393858,RCN16011,ftp.sra.ebi.ac.uk/vol1/fastq/ERR143/058/ERR14393858/ERR14393858_1.fastq.gz,ftp.sra.ebi.ac.uk/vol1/fastq/ERR143/058/ERR14393858/ERR14393858_2.fastq.gz
ERR14393857,RCN16011,ftp.sra.ebi.ac.uk/vol1/fastq/ERR143/057/ERR14393857/ERR14393857_1.fastq.gz,ftp.sra.ebi.ac.uk/vol1/fastq/ERR143/057/ERR14393857/ERR14393857_2.fastq.gz
ERR15627181,RCN16011,ftp.sra.ebi.ac.uk/vol1/fastq/ERR156/081/ERR15627181/ERR15627181_1.fastq.gz,ftp.sra.ebi.ac.uk/vol1/fastq/ERR156/081/ERR15627181/ERR15627181_2.fastq.gz
ERR14394294,RCN18593,ftp.sra.ebi.ac.uk/vol1/fastq/ERR143/094/ERR14394294/ERR14394294_1.fastq.gz,ftp.sra.ebi.ac.uk/vol1/fastq/ERR143/094/ERR14394294/ERR14394294_2.fastq.gz
ERR14394296,RCN18593,ftp.sra.ebi.ac.uk/vol1/fastq/ERR143/096/ERR14394296/ERR14394296_1.fastq.gz,ftp.sra.ebi.ac.uk/vol1/fastq/ERR143/096/ERR14394296/ERR14394296_2.fastq.gz
ERR14394295,RCN18593,ftp.sra.ebi.ac.uk/vol1/fastq/ERR143/095/ERR14394295/ERR14394295_1.fastq.gz,ftp.sra.ebi.ac.uk/vol1/fastq/ERR143/095/ERR14394295/ERR14394295_2.fastq.gz
ERR15627334,RCN18593,ftp.sra.ebi.ac.uk/vol1/fastq/ERR156/034/ERR15627334/ERR15627334_1.fastq.gz,ftp.sra.ebi.ac.uk/vol1/fastq/ERR156/034/ERR15627334/ERR15627334_2.fastq.gz
ERR14394622,RCN18714,ftp.sra.ebi.ac.uk/vol1/fastq/ERR143/022/ERR14394622/ERR14394622_1.fastq.gz,ftp.sra.ebi.ac.uk/vol1/fastq/ERR143/022/ERR14394622/ERR14394622_2.fastq.gz
ERR14394631,RCN18717,ftp.sra.ebi.ac.uk/vol1/fastq/ERR143/031/ERR14394631/ERR14394631_1.fastq.gz,ftp.sra.ebi.ac.uk/vol1/fastq/ERR143/031/ERR14394631/ERR14394631_2.fastq.gz
ERR14394621,RCN18714,ftp.sra.ebi.ac.uk/vol1/fastq/ERR143/021/ERR14394621/ERR14394621_1.fastq.gz,ftp.sra.ebi.ac.uk/vol1/fastq/ERR143/021/ERR14394621/ERR14394621_2.fastq.gz
ERR14394623,RCN18714,ftp.sra.ebi.ac.uk/vol1/fastq/ERR143/023/ERR14394623/ERR14394623_1.fastq.gz,ftp.sra.ebi.ac.uk/vol1/fastq/ERR143/023/ERR14394623/ERR14394623_2.fastq.gz
ERR15627415,RCN18714,ftp.sra.ebi.ac.uk/vol1/fastq/ERR156/015/ERR15627415/ERR15627415_1.fastq.gz,ftp.sra.ebi.ac.uk/vol1/fastq/ERR156/015/ERR15627415/ERR15627415_2.fastq.gz
ERR14394630,RCN18717,ftp.sra.ebi.ac.uk/vol1/fastq/ERR143/030/ERR14394630/ERR14394630_1.fastq.gz,ftp.sra.ebi.ac.uk/vol1/fastq/ERR143/030/ERR14394630/ERR14394630_2.fastq.gz
ERR14394632,RCN18717,ftp.sra.ebi.ac.uk/vol1/fastq/ERR143/032/ERR14394632/ERR14394632_1.fastq.gz,ftp.sra.ebi.ac.uk/vol1/fastq/ERR143/032/ERR14394632/ERR14394632_2.fastq.gz
ERR15627418,RCN18717,ftp.sra.ebi.ac.uk/vol1/fastq/ERR156/018/ERR15627418/ERR15627418_1.fastq.gz,ftp.sra.ebi.ac.uk/vol1/fastq/ERR156/018/ERR15627418/ERR15627418_2.fastq.gz
ERR14394744,RCN24794,ftp.sra.ebi.ac.uk/vol1/fastq/ERR143/044/ERR14394744/ERR14394744_1.fastq.gz,ftp.sra.ebi.ac.uk/vol1/fastq/ERR143/044/ERR14394744/ERR14394744_2.fastq.gz
ERR14394735,RCN24791,ftp.sra.ebi.ac.uk/vol1/fastq/ERR143/035/ERR14394735/ERR14394735_1.fastq.gz,ftp.sra.ebi.ac.uk/vol1/fastq/ERR143/035/ERR14394735/ERR14394735_2.fastq.gz
ERR14394745,RCN24794,ftp.sra.ebi.ac.uk/vol1/fastq/ERR143/045/ERR14394745/ERR14394745_1.fastq.gz,ftp.sra.ebi.ac.uk/vol1/fastq/ERR143/045/ERR14394745/ERR14394745_2.fastq.gz
ERR14394746,RCN24794,ftp.sra.ebi.ac.uk/vol1/fastq/ERR143/046/ERR14394746/ERR14394746_1.fastq.gz,ftp.sra.ebi.ac.uk/vol1/fastq/ERR143/046/ERR14394746/ERR14394746_2.fastq.gz
ERR15628010,RCN24791,ftp.sra.ebi.ac.uk/vol1/fastq/ERR156/010/ERR15628010/ERR15628010_1.fastq.gz,ftp.sra.ebi.ac.uk/vol1/fastq/ERR156/010/ERR15628010/ERR15628010_2.fastq.gz
ERR14394736,RCN24791,ftp.sra.ebi.ac.uk/vol1/fastq/ERR143/036/ERR14394736/ERR14394736_1.fastq.gz,ftp.sra.ebi.ac.uk/vol1/fastq/ERR143/036/ERR14394736/ERR14394736_2.fastq.gz
ERR14394737,RCN24791,ftp.sra.ebi.ac.uk/vol1/fastq/ERR143/037/ERR14394737/ERR14394737_1.fastq.gz,ftp.sra.ebi.ac.uk/vol1/fastq/ERR143/037/ERR14394737/ERR14394737_2.fastq.gz
ERR15628013,RCN24794,ftp.sra.ebi.ac.uk/vol1/fastq/ERR156/013/ERR15628013/ERR15628013_1.fastq.gz,ftp.sra.ebi.ac.uk/vol1/fastq/ERR156/013/ERR15628013/ERR15628013_2.fastq.gz
ERR15628130,RCN24918,ftp.sra.ebi.ac.uk/vol1/fastq/ERR156/030/ERR15628130/ERR15628130_1.fastq.gz,ftp.sra.ebi.ac.uk/vol1/fastq/ERR156/030/ERR15628130/ERR15628130_2.fastq.gz
ERR14395093,RCN24918,ftp.sra.ebi.ac.uk/vol1/fastq/ERR143/093/ERR14395093/ERR14395093_1.fastq.gz,ftp.sra.ebi.ac.uk/vol1/fastq/ERR143/093/ERR14395093/ERR14395093_2.fastq.gz
ERR14395092,RCN24918,ftp.sra.ebi.ac.uk/vol1/fastq/ERR143/092/ERR14395092/ERR14395092_1.fastq.gz,ftp.sra.ebi.ac.uk/vol1/fastq/ERR143/092/ERR14395092/ERR14395092_2.fastq.gz
ERR14395094,RCN24918,ftp.sra.ebi.ac.uk/vol1/fastq/ERR143/094/ERR14395094/ERR14395094_1.fastq.gz,ftp.sra.ebi.ac.uk/vol1/fastq/ERR143/094/ERR14395094/ERR14395094_2.fastq.gz
ERR14397319,RCN26663,ftp.sra.ebi.ac.uk/vol1/fastq/ERR143/019/ERR14397319/ERR14397319_1.fastq.gz,ftp.sra.ebi.ac.uk/vol1/fastq/ERR143/019/ERR14397319/ERR14397319_2.fastq.gz
ERR15628738,RCN26735,ftp.sra.ebi.ac.uk/vol1/fastq/ERR156/038/ERR15628738/ERR15628738_1.fastq.gz,ftp.sra.ebi.ac.uk/vol1/fastq/ERR156/038/ERR15628738/ERR15628738_2.fastq.gz
ERR14396172,RCN25319,ftp.sra.ebi.ac.uk/vol1/fastq/ERR143/072/ERR14396172/ERR14396172_1.fastq.gz,ftp.sra.ebi.ac.uk/vol1/fastq/ERR143/072/ERR14396172/ERR14396172_2.fastq.gz
ERR14396598,RCN25946,ftp.sra.ebi.ac.uk/vol1/fastq/ERR143/098/ERR14396598/ERR14396598_1.fastq.gz,ftp.sra.ebi.ac.uk/vol1/fastq/ERR143/098/ERR14396598/ERR14396598_2.fastq.gz
ERR14396600,RCN25946,ftp.sra.ebi.ac.uk/vol1/fastq/ERR143/000/ERR14396600/ERR14396600_1.fastq.gz,ftp.sra.ebi.ac.uk/vol1/fastq/ERR143/000/ERR14396600/ERR14396600_2.fastq.gz
ERR15628436,RCN25319,ftp.sra.ebi.ac.uk/vol1/fastq/ERR156/036/ERR15628436/ERR15628436_1.fastq.gz,ftp.sra.ebi.ac.uk/vol1/fastq/ERR156/036/ERR15628436/ERR15628436_2.fastq.gz
ERR14395863,RCN25190,ftp.sra.ebi.ac.uk/vol1/fastq/ERR143/063/ERR14395863/ERR14395863_1.fastq.gz,ftp.sra.ebi.ac.uk/vol1/fastq/ERR143/063/ERR14395863/ERR14395863_2.fastq.gz
ERR14396173,RCN25319,ftp.sra.ebi.ac.uk/vol1/fastq/ERR143/073/ERR14396173/ERR14396173_1.fastq.gz,ftp.sra.ebi.ac.uk/vol1/fastq/ERR143/073/ERR14396173/ERR14396173_2.fastq.gz
ERR14396599,RCN25946,ftp.sra.ebi.ac.uk/vol1/fastq/ERR143/099/ERR14396599/ERR14396599_1.fastq.gz,ftp.sra.ebi.ac.uk/vol1/fastq/ERR143/099/ERR14396599/ERR14396599_2.fastq.gz
ERR14397318,RCN26663,ftp.sra.ebi.ac.uk/vol1/fastq/ERR143/018/ERR14397318/ERR14397318_1.fastq.gz,ftp.sra.ebi.ac.uk/vol1/fastq/ERR143/018/ERR14397318/ERR14397318_2.fastq.gz
ERR14396174,RCN25319,ftp.sra.ebi.ac.uk/vol1/fastq/ERR143/074/ERR14396174/ERR14396174_1.fastq.gz,ftp.sra.ebi.ac.uk/vol1/fastq/ERR143/074/ERR14396174/ERR14396174_2.fastq.gz
ERR14397491,RCN26735,ftp.sra.ebi.ac.uk/vol1/fastq/ERR143/091/ERR14397491/ERR14397491_1.fastq.gz,ftp.sra.ebi.ac.uk/vol1/fastq/ERR143/091/ERR14397491/ERR14397491_2.fastq.gz
ERR15628559,RCN25946,ftp.sra.ebi.ac.uk/vol1/fastq/ERR156/059/ERR15628559/ERR15628559_1.fastq.gz,ftp.sra.ebi.ac.uk/vol1/fastq/ERR156/059/ERR15628559/ERR15628559_2.fastq.gz
ERR14397489,RCN26735,ftp.sra.ebi.ac.uk/vol1/fastq/ERR143/089/ERR14397489/ERR14397489_1.fastq.gz,ftp.sra.ebi.ac.uk/vol1/fastq/ERR143/089/ERR14397489/ERR14397489_2.fastq.gz
ERR14397490,RCN26735,ftp.sra.ebi.ac.uk/vol1/fastq/ERR143/090/ERR14397490/ERR14397490_1.fastq.gz,ftp.sra.ebi.ac.uk/vol1/fastq/ERR143/090/ERR14397490/ERR14397490_2.fastq.gz
ERR14397320,RCN26663,ftp.sra.ebi.ac.uk/vol1/fastq/ERR143/020/ERR14397320/ERR14397320_1.fastq.gz,ftp.sra.ebi.ac.uk/vol1/fastq/ERR143/020/ERR14397320/ERR14397320_2.fastq.gz
ERR15628710,RCN26663,ftp.sra.ebi.ac.uk/vol1/fastq/ERR156/010/ERR15628710/ERR15628710_1.fastq.gz,ftp.sra.ebi.ac.uk/vol1/fastq/ERR156/010/ERR15628710/ERR15628710_2.fastq.gz
ERR14395864,RCN25190,ftp.sra.ebi.ac.uk/vol1/fastq/ERR143/064/ERR14395864/ERR14395864_1.fastq.gz,ftp.sra.ebi.ac.uk/vol1/fastq/ERR143/064/ERR14395864/ERR14395864_2.fastq.gz
ERR14395865,RCN25190,ftp.sra.ebi.ac.uk/vol1/fastq/ERR143/065/ERR14395865/ERR14395865_1.fastq.gz,ftp.sra.ebi.ac.uk/vol1/fastq/ERR143/065/ERR14395865/ERR14395865_2.fastq.gz
ERR15628307,RCN25190,ftp.sra.ebi.ac.uk/vol1/fastq/ERR156/007/ERR15628307/ERR15628307_1.fastq.gz,ftp.sra.ebi.ac.uk/vol1/fastq/ERR156/007/ERR15628307/ERR15628307_2.fastq.gz
