sample,sample_acc,library,experiment_acc,run_acc
Pf_All_mut,ERS29452721,Pf_All_mut_GRC1,ERX16214130,ERR16822052
Pf_All_mut,ERS29452721,Pf_All_mut_GRC2,ERX16214131,ERR16822053
Pf_All_mut,ERS29452721,Pf_All_mut_SPEC,ERX16214133,ERR16822055
Pf_Ar_k13_A578S,ERS29452722,Pf_Ar_k13_A578S_GRC1,ERX16214134,ERR16822056
Pf_Ar_k13_A578S,ERS29452722,Pf_Ar_k13_A578S_GRC2,ERX16214135,ERR16822057
Pf_Ar_k13_A578S,ERS29452722,Pf_Ar_k13_A578S_SPEC,ERX16214136,ERR16822058
Pf_Ar_k13_C580Y,ERS29452723,Pf_Ar_k13_C580Y_GRC1,ERX16214137,ERR16822059
Pf_Ar_k13_C580Y,ERS29452723,Pf_Ar_k13_C580Y_GRC2,ERX16214138,ERR16822060
Pf_Ar_k13_C580Y,ERS29452723,Pf_Ar_k13_C580Y_SPEC,ERX16214139,ERR16822061
Pf_Ar_k13_E252Q,ERS29452724,Pf_Ar_k13_E252Q_GRC1,ERX16214140,ERR16822062
Pf_Ar_k13_E252Q,ERS29452724,Pf_Ar_k13_E252Q_GRC2,ERX16214141,ERR16822063
Pf_Ar_k13_E252Q,ERS29452724,Pf_Ar_k13_E252Q_SPEC,ERX16214143,ERR16822065
Pf_Ar_k13_I543T,ERS29452725,Pf_Ar_k13_I543T_GRC1,ERX16214145,ERR16822067
Pf_Ar_k13_I543T,ERS29452725,Pf_Ar_k13_I543T_GRC2,ERX16214146,ERR16822068
Pf_Ar_k13_I543T,ERS29452725,Pf_Ar_k13_I543T_SPEC,ERX16214147,ERR16822069
Pf_Ar_k13_multi1,ERS29452726,Pf_Ar_k13_multi1_GRC1,ERX16214148,ERR16822070
Pf_Ar_k13_multi1,ERS29452726,Pf_Ar_k13_multi1_GRC2,ERX16214149,ERR16822071
Pf_Ar_k13_multi1,ERS29452726,Pf_Ar_k13_multi1_SPEC,ERX16214150,ERR16822072
Pf_Ar_k13_multi2,ERS29452727,Pf_Ar_k13_multi2_GRC1,ERX16214151,ERR16822073
Pf_Ar_k13_multi2,ERS29452727,Pf_Ar_k13_multi2_GRC2,ERX16214152,ERR16822074
Pf_Ar_k13_multi2,ERS29452727,Pf_Ar_k13_multi2_SPEC,ERX16214153,ERR16822075
Pf_Ar_k13_N458Y,ERS29452728,Pf_Ar_k13_N458Y_GRC1,ERX16214154,ERR16822076
Pf_Ar_k13_N458Y,ERS29452728,Pf_Ar_k13_N458Y_GRC2,ERX16214155,ERR16822077
Pf_Ar_k13_N458Y,ERS29452728,Pf_Ar_k13_N458Y_SPEC,ERX16214156,ERR16822078
Pf_Ar_k13_R539T,ERS29452729,Pf_Ar_k13_R539T_GRC1,ERX16214157,ERR16822079
Pf_Ar_k13_R539T,ERS29452729,Pf_Ar_k13_R539T_GRC2,ERX16214158,ERR16822080
Pf_Ar_k13_R539T,ERS29452729,Pf_Ar_k13_R539T_SPEC,ERX16214159,ERR16822081
Pf_Ar_k13_R561H,ERS29452730,Pf_Ar_k13_R561H_GRC1,ERX16214160,ERR16822082
Pf_Ar_k13_R561H,ERS29452730,Pf_Ar_k13_R561H_GRC2,ERX16214161,ERR16822083
Pf_Ar_k13_R561H,ERS29452730,Pf_Ar_k13_R561H_SPEC,ERX16214162,ERR16822084
Pf_Ar_k13_Y493H,ERS29452731,Pf_Ar_k13_Y493H_GRC1,ERX16214163,ERR16822085
Pf_Ar_k13_Y493H,ERS29452731,Pf_Ar_k13_Y493H_GRC2,ERX16214164,ERR16822086
Pf_Ar_k13_Y493H,ERS29452731,Pf_Ar_k13_Y493H_SPEC,ERX16214165,ERR16822087
Pf_Ch_crt_76_het,ERS29452732,Pf_Ch_crt_76_het_GRC1,ERX16214166,ERR16822088
Pf_Ch_crt_76_het,ERS29452732,Pf_Ch_crt_76_het_GRC2,ERX16214167,ERR16822089
Pf_Ch_crt_76_het,ERS29452732,Pf_Ch_crt_76_het_SPEC,ERX16214168,ERR16822090
Pf_Ch_crt_76R,ERS29452733,Pf_Ch_crt_76R_GRC1,ERX16214169,ERR16822091
Pf_Ch_crt_76R,ERS29452733,Pf_Ch_crt_76R_GRC2,ERX16214170,ERR16822092
Pf_Ch_crt_76R,ERS29452733,Pf_Ch_crt_76R_SPEC,ERX16214171,ERR16822093
Pf_Ch_crt_76T,ERS29452734,Pf_Ch_crt_76T_GRC1,ERX16214172,ERR16822094
Pf_Ch_crt_76T,ERS29452734,Pf_Ch_crt_76T_GRC2,ERX16214173,ERR16822095
Pf_Ch_crt_76T,ERS29452734,Pf_Ch_crt_76T_SPEC,ERX16214174,ERR16822096
Pf_Py_dhfr_108_het,ERS29452735,Pf_Py_dhfr_108_het_GRC1,ERX16214175,ERR16822097
Pf_Py_dhfr_108_het,ERS29452735,Pf_Py_dhfr_108_het_GRC2,ERX16214176,ERR16822098
Pf_Py_dhfr_108_het,ERS29452735,Pf_Py_dhfr_108_het_SPEC,ERX16214177,ERR16822099
Pf_Py_dhfr_108I,ERS29452736,Pf_Py_dhfr_108I_GRC1,ERX16214178,ERR16822100
Pf_Py_dhfr_108I,ERS29452736,Pf_Py_dhfr_108I_GRC2,ERX16214179,ERR16822101
Pf_Py_dhfr_108I,ERS29452736,Pf_Py_dhfr_108I_SPEC,ERX16214180,ERR16822102
Pf_Py_dhfr_108N,ERS29452737,Pf_Py_dhfr_108N_GRC1,ERX16214181,ERR16822103
Pf_Py_dhfr_108N,ERS29452737,Pf_Py_dhfr_108N_GRC2,ERX16214182,ERR16822104
Pf_Py_dhfr_108N,ERS29452737,Pf_Py_dhfr_108N_SPEC,ERX16214183,ERR16822105
Pf_S-P-all_mut,ERS29452738,Pf_S-P-all_mut_GRC1,ERX16214184,ERR16822106
Pf_S-P-all_mut,ERS29452738,Pf_S-P-all_mut_GRC2,ERX16214185,ERR16822107
Pf_S-P-all_mut,ERS29452738,Pf_S-P-all_mut_SPEC,ERX16214186,ERR16822108
Pf_S-P_sextuple_mut,ERS29452739,Pf_S-P_sextuple_mut_GRC1,ERX16214187,ERR16822109
Pf_S-P_sextuple_mut,ERS29452739,Pf_S-P_sextuple_mut_GRC2,ERX16214188,ERR16822110
Pf_S-P-sextuple_mut_sens,ERS29452740,Pf_S-P-sextuple_mut_sens_GRC1,ERX16214189,ERR16822111
Pf_S-P-sextuple_mut_sens,ERS29452740,Pf_S-P-sextuple_mut_sens_GRC2,ERX16214191,ERR16822113
Pf_S-P-sextuple_mut_sens,ERS29452740,Pf_S-P-sextuple_mut_sens_SPEC,ERX16214192,ERR16822114
Pf_S-P_sextuple_mut,ERS29452739,Pf_S-P_sextuple_mut_SPEC,ERX16214193,ERR16822115
Pf_S-P_triple_mut,ERS29452741,Pf_S-P_triple_mut_GRC1,ERX16214194,ERR16822116
Pf_S-P_triple_mut,ERS29452741,Pf_S-P_triple_mut_GRC2,ERX16214195,ERR16822117
Pf_S-P_triple_mut,ERS29452741,Pf_S-P_triple_mut_SPEC,ERX16214196,ERR16822118
Pf_Su_dhps_437D,ERS29452742,Pf_Su_dhps_437D_GRC1,ERX16214197,ERR16822119
Pf_Su_dhps_437D,ERS29452742,Pf_Su_dhps_437D_GRC2,ERX16214198,ERR16822120
Pf_Su_dhps_437D,ERS29452742,Pf_Su_dhps_437D_SPEC,ERX16214199,ERR16822121
Pf_Su_dhps_437G,ERS29452743,Pf_Su_dhps_437G_GRC1,ERX16214200,ERR16822122
Pf_Su_dhps_437G,ERS29452743,Pf_Su_dhps_437G_GRC2,ERX16214202,ERR16822124
Pf_Su_dhps_437G,ERS29452743,Pf_Su_dhps_437G_SPEC,ERX16214203,ERR16822125
Pf_Su_dhps_437_het,ERS29452744,Pf_Su_dhps_437_het_GRC1,ERX16214204,ERR16822126
Pf_Su_dhps_437_het,ERS29452744,Pf_Su_dhps_437_het_GRC2,ERX16214205,ERR16822127
Pf_Su_dhps_437_het,ERS29452744,Pf_Su_dhps_437_het_SPEC,ERX16214206,ERR16822128
Pf_WT,ERS29452745,Pf_WT_GRC1,ERX16214207,ERR16822129
Pf_WT,ERS29452745,Pf_WT_GRC2,ERX16214208,ERR16822130
Pf_WT,ERS29452745,Pf_WT_SPEC,ERX16214209,ERR16822131
